{
	"cdmVersionRange" : ">=5.0.0",
	"PrimaryCriteria" : {
		"CriteriaList" : [
			{
				"DrugExposure" : {
					"CodesetId" : 0,
					"DrugTypeExclude" : false
				}
			}
		],
		"ObservationWindow" : {
			"PriorDays" : 0,
			"PostDays" : 0
		},
		"PrimaryCriteriaLimit" : {
			"Type" : "All"
		}
	},
	"ConceptSets" : [
		{
			"id" : 0,
			"name" : "diclofenac",
			"expression" : {
				"items" : [
					{
						"concept" : {
							"CONCEPT_ID" : 1124300,
							"CONCEPT_NAME" : "diclofenac",
							"STANDARD_CONCEPT" : "S",
							"STANDARD_CONCEPT_CAPTION" : "Standard",
							"INVALID_REASON" : "V",
							"INVALID_REASON_CAPTION" : "Valid",
							"CONCEPT_CODE" : "3355",
							"DOMAIN_ID" : "Drug",
							"VOCABULARY_ID" : "RxNorm",
							"CONCEPT_CLASS_ID" : "Ingredient"
						},
						"isExcluded" : false,
						"includeDescendants" : true,
						"includeMapped" : false
					}
				]
			}
		},
		{
			"id" : 1,
			"name" : "Gastrointestinal hemorrhage",
			"expression" : {
				"items" : [
					{
						"concept" : {
							"CONCEPT_ID" : 192671,
							"CONCEPT_NAME" : "Gastrointestinal hemorrhage",
							"STANDARD_CONCEPT" : "S",
							"STANDARD_CONCEPT_CAPTION" : "Standard",
							"INVALID_REASON" : "V",
							"INVALID_REASON_CAPTION" : "Valid",
							"CONCEPT_CODE" : "74474003",
							"DOMAIN_ID" : "Condition",
							"VOCABULARY_ID" : "SNOMED",
							"CONCEPT_CLASS_ID" : "Clinical Finding"
						},
						"isExcluded" : false,
						"includeDescendants" : true,
						"includeMapped" : false
					}
				]
			}
		}
	],
	"QualifiedLimit" : {
		"Type" : "First"
	},
	"ExpressionLimit" : {
		"Type" : "First"
	},
	"InclusionRules" : [
		{
			"name" : "With no history of gastrointestinal hemorrhage",
			"expression" : {
				"Type" : "ALL",
				"CriteriaList" : [
					{
						"Criteria" : {
							"ConditionOccurrence" : {
								"CodesetId" : 1,
								"ConditionTypeExclude" : false
							}
						},
						"StartWindow" : {
							"Start" : {
								"Coeff" : -1
							},
							"End" : {
								"Days" : 0,
								"Coeff" : -1
							},
							"UseIndexEnd" : false,
							"UseEventEnd" : false
						},
						"RestrictVisit" : false,
						"IgnoreObservationPeriod" : false,
						"Occurrence" : {
							"Type" : 0,
							"Count" : 0,
							"IsDistinct" : false
						}
					}
				],
				"DemographicCriteriaList" : [],
				"Groups" : []
			}
		}
	],
	"EndStrategy" : {
		"CustomEra" : {
			"DrugCodesetId" : 0,
			"GapDays" : 30,
			"Offset" : 0
		}
	},
	"CensoringCriteria" : [],
	"CollapseSettings" : {
		"CollapseType" : "ERA",
		"EraPad" : 0
	},
	"CensorWindow" : {}
}