{
	"cdmVersionRange" : ">=5.0.0",
	"PrimaryCriteria" : {
		"CriteriaList" : [
			{
				"DrugExposure" : {
					"CorrelatedCriteria" : {
						"Type" : "ALL",
						"CriteriaList" : [
							{
								"Criteria" : {
									"DrugExposure" : {
										"CodesetId" : 0,
										"DrugTypeExclude" : false
									}
								},
								"StartWindow" : {
									"Start" : {
										"Coeff" : -1
									},
									"End" : {
										"Days" : 1,
										"Coeff" : -1
									},
									"UseIndexEnd" : false,
									"UseEventEnd" : false
								},
								"RestrictVisit" : false,
								"IgnoreObservationPeriod" : false,
								"Occurrence" : {
									"Type" : 0,
									"Count" : 1,
									"IsDistinct" : false
								}
							}
						],
						"DemographicCriteriaList" : [],
						"Groups" : []
					},
					"CodesetId" : 0,
					"DrugTypeExclude" : false
				}
			}
		],
		"ObservationWindow" : {
			"PriorDays" : 0,
			"PostDays" : 0
		},
		"PrimaryCriteriaLimit" : {
			"Type" : "All"
		}
	},
	"ConceptSets" : [
		{
			"id" : 0,
			"name" : "celecoxib",
			"expression" : {
				"items" : [
					{
						"concept" : {
							"CONCEPT_ID" : 1118084,
							"CONCEPT_NAME" : "celecoxib",
							"STANDARD_CONCEPT" : "S",
							"STANDARD_CONCEPT_CAPTION" : "Standard",
							"INVALID_REASON" : "V",
							"INVALID_REASON_CAPTION" : "Valid",
							"CONCEPT_CODE" : "140587",
							"DOMAIN_ID" : "Drug",
							"VOCABULARY_ID" : "RxNorm",
							"CONCEPT_CLASS_ID" : "Ingredient"
						},
						"isExcluded" : false,
						"includeDescendants" : true,
						"includeMapped" : false
					}
				]
			}
		}
	],
	"QualifiedLimit" : {
		"Type" : "First"
	},
	"ExpressionLimit" : {
		"Type" : "All"
	},
	"InclusionRules" : [],
	"EndStrategy" : {
		"CustomEra" : {
			"DrugCodesetId" : 0,
			"GapDays" : 0,
			"Offset" : 0
		}
	},
	"CensoringCriteria" : [],
	"CollapseSettings" : {
		"CollapseType" : "ERA",
		"EraPad" : 0
	},
	"CensorWindow" : {}
}