{
	"cdmVersionRange" : ">=5.0.0",
	"PrimaryCriteria" : {
		"CriteriaList" : [
			{
				"VisitOccurrence" : {
					"OccurrenceStartDate" : {
						"Value" : "2005-01-01",
						"Op" : "bt",
						"Extent" : "2020-12-31"
					},
					"VisitTypeExclude" : false
				}
			}
		],
		"ObservationWindow" : {
			"PriorDays" : 365,
			"PostDays" : 0
		},
		"PrimaryCriteriaLimit" : {
			"Type" : "All"
		}
	},
	"ConceptSets" : [],
	"QualifiedLimit" : {
		"Type" : "First"
	},
	"ExpressionLimit" : {
		"Type" : "First"
	},
	"InclusionRules" : [],
	"CensoringCriteria" : [],
	"CollapseSettings" : {
		"CollapseType" : "ERA",
		"EraPad" : 0
	},
	"CensorWindow" : {}
}