{
  "ExpressionLimit": {"Type": "All"},
  "CollapseSettings": {
    "CollapseType": "ERA",
    "EraPad": 0
  },
  "CensorWindow": {},
  "ConceptSets": [
    {
      "expression": {"items": [
        {
          "isExcluded": false,
          "concept": {
            "INVALID_REASON_CAPTION": "Valid",
            "CONCEPT_ID": 262,
            "STANDARD_CONCEPT": "S",
            "CONCEPT_CODE": "ERIP",
            "VOCABULARY_ID": "Visit",
            "CONCEPT_NAME": "Emergency Room and Inpatient Visit",
            "DOMAIN_ID": "Visit",
            "STANDARD_CONCEPT_CAPTION": "Standard",
            "CONCEPT_CLASS_ID": "Visit",
            "INVALID_REASON": "V"
          },
          "includeMapped": false,
          "includeDescendants": true
        },
        {
          "isExcluded": false,
          "concept": {
            "INVALID_REASON_CAPTION": "Valid",
            "CONCEPT_ID": 9201,
            "STANDARD_CONCEPT": "S",
            "CONCEPT_CODE": "IP",
            "VOCABULARY_ID": "Visit",
            "CONCEPT_NAME": "Inpatient Visit",
            "DOMAIN_ID": "Visit",
            "STANDARD_CONCEPT_CAPTION": "Standard",
            "CONCEPT_CLASS_ID": "Visit",
            "INVALID_REASON": "V"
          },
          "includeMapped": false,
          "includeDescendants": true
        }
      ]},
      "name": "Inpatient or Inpatient/ER visit",
      "id": 1
    },
    {
      "expression": {"items": [
        {
          "isExcluded": false,
          "concept": {
            "INVALID_REASON_CAPTION": "Valid",
            "CONCEPT_ID": 4329847,
            "STANDARD_CONCEPT": "S",
            "CONCEPT_CODE": "22298006",
            "VOCABULARY_ID": "SNOMED",
            "CONCEPT_NAME": "Myocardial infarction",
            "DOMAIN_ID": "Condition",
            "STANDARD_CONCEPT_CAPTION": "Standard",
            "CONCEPT_CLASS_ID": "Clinical Finding",
            "INVALID_REASON": "V"
          },
          "includeMapped": false,
          "includeDescendants": true
        },
        {
          "isExcluded": true,
          "concept": {
            "INVALID_REASON_CAPTION": "Valid",
            "CONCEPT_ID": 314666,
            "STANDARD_CONCEPT": "S",
            "CONCEPT_CODE": "1755008",
            "VOCABULARY_ID": "SNOMED",
            "CONCEPT_NAME": "Old myocardial infarction",
            "DOMAIN_ID": "Condition",
            "STANDARD_CONCEPT_CAPTION": "Standard",
            "CONCEPT_CLASS_ID": "Clinical Finding",
            "INVALID_REASON": "V"
          },
          "includeMapped": false,
          "includeDescendants": true
        },
        {
          "isExcluded": false,
          "concept": {
            "INVALID_REASON_CAPTION": "Valid",
            "CONCEPT_ID": 4108680,
            "STANDARD_CONCEPT": "S",
            "CONCEPT_CODE": "194868001",
            "VOCABULARY_ID": "SNOMED",
            "CONCEPT_NAME": "Thrombosis of atrium, auricular appendage, and ventricle due to and following acute myocardial infarction",
            "DOMAIN_ID": "Condition",
            "STANDARD_CONCEPT_CAPTION": "Standard",
            "CONCEPT_CLASS_ID": "Clinical Finding",
            "INVALID_REASON": "V"
          },
          "includeMapped": false,
          "includeDescendants": true
        },
        {
          "isExcluded": false,
          "concept": {
            "INVALID_REASON_CAPTION": "Valid",
            "CONCEPT_ID": 4108678,
            "STANDARD_CONCEPT": "S",
            "CONCEPT_CODE": "194862000",
            "VOCABULARY_ID": "SNOMED",
            "CONCEPT_NAME": "Hemopericardium due to and following acute myocardial infarction",
            "DOMAIN_ID": "Condition",
            "STANDARD_CONCEPT_CAPTION": "Standard",
            "CONCEPT_CLASS_ID": "Clinical Finding",
            "INVALID_REASON": "V"
          },
          "includeMapped": false,
          "includeDescendants": true
        },
        {
          "isExcluded": false,
          "concept": {
            "INVALID_REASON_CAPTION": "Valid",
            "CONCEPT_ID": 438172,
            "STANDARD_CONCEPT": "S",
            "CONCEPT_CODE": "194863005",
            "VOCABULARY_ID": "SNOMED",
            "CONCEPT_NAME": "Atrial septal defect due to and following acute myocardial infarction",
            "DOMAIN_ID": "Condition",
            "STANDARD_CONCEPT_CAPTION": "Standard",
            "CONCEPT_CLASS_ID": "Clinical Finding",
            "INVALID_REASON": "V"
          },
          "includeMapped": false,
          "includeDescendants": true
        },
        {
          "isExcluded": false,
          "concept": {
            "INVALID_REASON_CAPTION": "Valid",
            "CONCEPT_ID": 4124687,
            "STANDARD_CONCEPT": "S",
            "CONCEPT_CODE": "233847009",
            "VOCABULARY_ID": "SNOMED",
            "CONCEPT_NAME": "Cardiac rupture due to and following acute myocardial infarction",
            "DOMAIN_ID": "Condition",
            "STANDARD_CONCEPT_CAPTION": "Standard",
            "CONCEPT_CLASS_ID": "Clinical Finding",
            "INVALID_REASON": "V"
          },
          "includeMapped": false,
          "includeDescendants": true
        },
        {
          "isExcluded": false,
          "concept": {
            "INVALID_REASON_CAPTION": "Valid",
            "CONCEPT_ID": 45766212,
            "STANDARD_CONCEPT": "S",
            "CONCEPT_CODE": "703326006",
            "VOCABULARY_ID": "SNOMED",
            "CONCEPT_NAME": "Mitral valve regurgitation due to and following acute myocardial infarction",
            "DOMAIN_ID": "Condition",
            "STANDARD_CONCEPT_CAPTION": "Standard",
            "CONCEPT_CLASS_ID": "Clinical Finding",
            "INVALID_REASON": "V"
          },
          "includeMapped": false,
          "includeDescendants": true
        },
        {
          "isExcluded": false,
          "concept": {
            "INVALID_REASON_CAPTION": "Valid",
            "CONCEPT_ID": 37109910,
            "STANDARD_CONCEPT": "S",
            "CONCEPT_CODE": "723858002",
            "VOCABULARY_ID": "SNOMED",
            "CONCEPT_NAME": "Ventricular aneurysm due to and following acute myocardial infarction",
            "DOMAIN_ID": "Condition",
            "STANDARD_CONCEPT_CAPTION": "Standard",
            "CONCEPT_CLASS_ID": "Clinical Finding",
            "INVALID_REASON": "V"
          },
          "includeMapped": false,
          "includeDescendants": true
        },
        {
          "isExcluded": false,
          "concept": {
            "INVALID_REASON_CAPTION": "Valid",
            "CONCEPT_ID": 37109911,
            "STANDARD_CONCEPT": "S",
            "CONCEPT_CODE": "723859005",
            "VOCABULARY_ID": "SNOMED",
            "CONCEPT_NAME": "Pulmonary embolism due to and following acute myocardial infarction",
            "DOMAIN_ID": "Condition",
            "STANDARD_CONCEPT_CAPTION": "Standard",
            "CONCEPT_CLASS_ID": "Clinical Finding",
            "INVALID_REASON": "V"
          },
          "includeMapped": false,
          "includeDescendants": true
        },
        {
          "isExcluded": false,
          "concept": {
            "INVALID_REASON_CAPTION": "Valid",
            "CONCEPT_ID": 37109912,
            "STANDARD_CONCEPT": "S",
            "CONCEPT_CODE": "723860000",
            "VOCABULARY_ID": "SNOMED",
            "CONCEPT_NAME": "Arrhythmia due to and following acute myocardial infarction",
            "DOMAIN_ID": "Condition",
            "STANDARD_CONCEPT_CAPTION": "Standard",
            "CONCEPT_CLASS_ID": "Clinical Finding",
            "INVALID_REASON": "V"
          },
          "includeMapped": false,
          "includeDescendants": true
        }
      ]},
      "name": "Myocardial Infarction and complication",
      "id": 2
    }
  ],
  "EndStrategy": {"DateOffset": {
    "DateField": "StartDate",
    "Offset": 1
  }},
  "cdmVersionRange": ">=5.0.0",
  "CensoringCriteria": [],
  "AdditionalCriteria": {
    "CriteriaList": [{
      "RestrictVisit": false,
      "StartWindow": {
        "UseEventEnd": false,
        "Start": {"Coeff": -1},
        "End": {
          "Days": 0,
          "Coeff": 1
        },
        "UseIndexEnd": false
      },
      "IgnoreObservationPeriod": false,
      "EndWindow": {
        "UseEventEnd": true,
        "Start": {
          "Days": 0,
          "Coeff": -1
        },
        "End": {"Coeff": 1},
        "UseIndexEnd": false
      },
      "Criteria": {"VisitOccurrence": {
        "CodesetId": 1,
        "VisitTypeExclude": false
      }},
      "Occurrence": {
        "Type": 2,
        "IsDistinct": false,
        "Count": 1
      }
    }],
    "Type": "ALL",
    "DemographicCriteriaList": [],
    "Groups": []
  },
  "QualifiedLimit": {"Type": "All"},
  "InclusionRules": [{
    "expression": {
      "CriteriaList": [{
        "RestrictVisit": false,
        "StartWindow": {
          "UseEventEnd": false,
          "Start": {
            "Days": 365,
            "Coeff": -1
          },
          "End": {
            "Days": 1,
            "Coeff": -1
          },
          "UseIndexEnd": false
        },
        "IgnoreObservationPeriod": true,
        "Criteria": {"ConditionOccurrence": {
          "CorrelatedCriteria": {
            "CriteriaList": [{
              "RestrictVisit": false,
              "StartWindow": {
                "UseEventEnd": false,
                "Start": {"Coeff": -1},
                "End": {
                  "Days": 0,
                  "Coeff": 1
                },
                "UseIndexEnd": false
              },
              "IgnoreObservationPeriod": false,
              "EndWindow": {
                "UseEventEnd": true,
                "Start": {
                  "Days": 0,
                  "Coeff": -1
                },
                "End": {"Coeff": 1},
                "UseIndexEnd": false
              },
              "Criteria": {"VisitOccurrence": {
                "CodesetId": 1,
                "VisitTypeExclude": false
              }},
              "Occurrence": {
                "Type": 2,
                "IsDistinct": false,
                "Count": 1
              }
            }],
            "Type": "ALL",
            "DemographicCriteriaList": [],
            "Groups": []
          },
          "ConditionTypeExclude": false,
          "CodesetId": 2
        }},
        "Occurrence": {
          "Type": 0,
          "IsDistinct": false,
          "Count": 0
        }
      }],
      "Type": "ALL",
      "DemographicCriteriaList": [],
      "Groups": []
    },
    "name": "has no events in prior 'clean window' - 365 days"
  }],
  "PrimaryCriteria": {
    "CriteriaList": [{"ConditionOccurrence": {
      "ConditionTypeExclude": false,
      "CodesetId": 2
    }}],
    "PrimaryCriteriaLimit": {"Type": "All"},
    "ObservationWindow": {
      "PostDays": 0,
      "PriorDays": 0
    }
  }
}