{
  "ExpressionLimit": {"Type": "All"},
  "CollapseSettings": {
    "CollapseType": "ERA",
    "EraPad": 0
  },
  "CensorWindow": {},
  "ConceptSets": [
    {
      "expression": {"items": [
        {
          "isExcluded": false,
          "concept": {
            "INVALID_REASON_CAPTION": "Valid",
            "CONCEPT_ID": 262,
            "STANDARD_CONCEPT": "S",
            "CONCEPT_CODE": "ERIP",
            "VOCABULARY_ID": "Visit",
            "CONCEPT_NAME": "Emergency Room and Inpatient Visit",
            "DOMAIN_ID": "Visit",
            "STANDARD_CONCEPT_CAPTION": "Standard",
            "CONCEPT_CLASS_ID": "Visit",
            "INVALID_REASON": "V"
          },
          "includeMapped": false,
          "includeDescendants": true
        },
        {
          "isExcluded": false,
          "concept": {
            "INVALID_REASON_CAPTION": "Valid",
            "CONCEPT_ID": 9201,
            "STANDARD_CONCEPT": "S",
            "CONCEPT_CODE": "IP",
            "VOCABULARY_ID": "Visit",
            "CONCEPT_NAME": "Inpatient Visit",
            "DOMAIN_ID": "Visit",
            "STANDARD_CONCEPT_CAPTION": "Standard",
            "CONCEPT_CLASS_ID": "Visit",
            "INVALID_REASON": "V"
          },
          "includeMapped": false,
          "includeDescendants": true
        }
      ]},
      "name": "Inpatient or Inpatient/ER visit",
      "id": 1
    },
    {
      "expression": {"items": [
        {
          "isExcluded": false,
          "concept": {
            "INVALID_REASON_CAPTION": "Valid",
            "CONCEPT_ID": 372615,
            "STANDARD_CONCEPT": "S",
            "CONCEPT_CODE": "192727001",
            "VOCABULARY_ID": "SNOMED",
            "CONCEPT_NAME": "Post-infectious encephalitis",
            "DOMAIN_ID": "Condition",
            "STANDARD_CONCEPT_CAPTION": "Standard",
            "CONCEPT_CLASS_ID": "Clinical Finding",
            "INVALID_REASON": "V"
          },
          "includeMapped": false,
          "includeDescendants": true
        },
        {
          "isExcluded": false,
          "concept": {
            "INVALID_REASON_CAPTION": "Valid",
            "CONCEPT_ID": 378143,
            "STANDARD_CONCEPT": "S",
            "CONCEPT_CODE": "45170000",
            "VOCABULARY_ID": "SNOMED",
            "CONCEPT_NAME": "Encephalitis",
            "DOMAIN_ID": "Condition",
            "STANDARD_CONCEPT_CAPTION": "Standard",
            "CONCEPT_CLASS_ID": "Clinical Finding",
            "INVALID_REASON": "V"
          },
          "includeMapped": false,
          "includeDescendants": false
        },
        {
          "isExcluded": false,
          "concept": {
            "INVALID_REASON_CAPTION": "Valid",
            "CONCEPT_ID": 4147498,
            "STANDARD_CONCEPT": "S",
            "CONCEPT_CODE": "267576008",
            "VOCABULARY_ID": "SNOMED",
            "CONCEPT_NAME": "Encephalitis, myelitis and encephalomyelitis",
            "DOMAIN_ID": "Condition",
            "STANDARD_CONCEPT_CAPTION": "Standard",
            "CONCEPT_CLASS_ID": "Clinical Finding",
            "INVALID_REASON": "V"
          },
          "includeMapped": false,
          "includeDescendants": true
        },
        {
          "isExcluded": false,
          "concept": {
            "INVALID_REASON_CAPTION": "Valid",
            "CONCEPT_ID": 373189,
            "STANDARD_CONCEPT": "S",
            "CONCEPT_CODE": "62950007",
            "VOCABULARY_ID": "SNOMED",
            "CONCEPT_NAME": "Encephalomyelitis",
            "DOMAIN_ID": "Condition",
            "STANDARD_CONCEPT_CAPTION": "Standard",
            "CONCEPT_CLASS_ID": "Clinical Finding",
            "INVALID_REASON": "V"
          },
          "includeMapped": false,
          "includeDescendants": true
        },
        {
          "isExcluded": false,
          "concept": {
            "INVALID_REASON_CAPTION": "Valid",
            "CONCEPT_ID": 4190307,
            "STANDARD_CONCEPT": "S",
            "CONCEPT_CODE": "39367000",
            "VOCABULARY_ID": "SNOMED",
            "CONCEPT_NAME": "Inflammatory disease of the central nervous system",
            "DOMAIN_ID": "Condition",
            "STANDARD_CONCEPT_CAPTION": "Standard",
            "CONCEPT_CLASS_ID": "Clinical Finding",
            "INVALID_REASON": "V"
          },
          "includeMapped": false,
          "includeDescendants": false
        },
        {
          "isExcluded": false,
          "concept": {
            "INVALID_REASON_CAPTION": "Valid",
            "CONCEPT_ID": 379792,
            "STANDARD_CONCEPT": "S",
            "CONCEPT_CODE": "192704009",
            "VOCABULARY_ID": "SNOMED",
            "CONCEPT_NAME": "Post-immunization encephalitis",
            "DOMAIN_ID": "Condition",
            "STANDARD_CONCEPT_CAPTION": "Standard",
            "CONCEPT_CLASS_ID": "Clinical Finding",
            "INVALID_REASON": "V"
          },
          "includeMapped": false,
          "includeDescendants": true
        },
        {
          "isExcluded": false,
          "concept": {
            "INVALID_REASON_CAPTION": "Valid",
            "CONCEPT_ID": 4330496,
            "STANDARD_CONCEPT": "S",
            "CONCEPT_CODE": "431520004",
            "VOCABULARY_ID": "SNOMED",
            "CONCEPT_NAME": "Inflammation of spinal cord due to toxin",
            "DOMAIN_ID": "Condition",
            "STANDARD_CONCEPT_CAPTION": "Standard",
            "CONCEPT_CLASS_ID": "Clinical Finding",
            "INVALID_REASON": "V"
          },
          "includeMapped": false,
          "includeDescendants": true
        },
        {
          "isExcluded": false,
          "concept": {
            "INVALID_REASON_CAPTION": "Valid",
            "CONCEPT_ID": 138965,
            "STANDARD_CONCEPT": "S",
            "CONCEPT_CODE": "41370002",
            "VOCABULARY_ID": "SNOMED",
            "CONCEPT_NAME": "Myelitis",
            "DOMAIN_ID": "Condition",
            "STANDARD_CONCEPT_CAPTION": "Standard",
            "CONCEPT_CLASS_ID": "Clinical Finding",
            "INVALID_REASON": "V"
          },
          "includeMapped": false,
          "includeDescendants": false
        }
      ]},
      "name": "Encephalomyelitis",
      "id": 2
    }
  ],
  "EndStrategy": {"DateOffset": {
    "DateField": "StartDate",
    "Offset": 1
  }},
  "cdmVersionRange": ">=5.0.0",
  "CensoringCriteria": [],
  "AdditionalCriteria": {
    "CriteriaList": [{
      "RestrictVisit": false,
      "StartWindow": {
        "UseEventEnd": false,
        "Start": {"Coeff": -1},
        "End": {
          "Days": 0,
          "Coeff": 1
        },
        "UseIndexEnd": false
      },
      "IgnoreObservationPeriod": false,
      "EndWindow": {
        "UseEventEnd": true,
        "Start": {
          "Days": 0,
          "Coeff": -1
        },
        "End": {"Coeff": 1},
        "UseIndexEnd": false
      },
      "Criteria": {"VisitOccurrence": {
        "CodesetId": 1,
        "VisitTypeExclude": false
      }},
      "Occurrence": {
        "Type": 2,
        "IsDistinct": false,
        "Count": 1
      }
    }],
    "Type": "ALL",
    "DemographicCriteriaList": [],
    "Groups": []
  },
  "QualifiedLimit": {"Type": "All"},
  "InclusionRules": [{
    "expression": {
      "CriteriaList": [{
        "RestrictVisit": false,
        "StartWindow": {
          "UseEventEnd": false,
          "Start": {
            "Days": 183,
            "Coeff": -1
          },
          "End": {
            "Days": 1,
            "Coeff": -1
          },
          "UseIndexEnd": false
        },
        "IgnoreObservationPeriod": true,
        "Criteria": {"ConditionOccurrence": {
          "CorrelatedCriteria": {
            "CriteriaList": [{
              "RestrictVisit": false,
              "StartWindow": {
                "UseEventEnd": false,
                "Start": {"Coeff": -1},
                "End": {
                  "Days": 0,
                  "Coeff": 1
                },
                "UseIndexEnd": false
              },
              "IgnoreObservationPeriod": false,
              "EndWindow": {
                "UseEventEnd": true,
                "Start": {
                  "Days": 0,
                  "Coeff": -1
                },
                "End": {"Coeff": 1},
                "UseIndexEnd": false
              },
              "Criteria": {"VisitOccurrence": {
                "CodesetId": 1,
                "VisitTypeExclude": false
              }},
              "Occurrence": {
                "Type": 2,
                "IsDistinct": false,
                "Count": 1
              }
            }],
            "Type": "ALL",
            "DemographicCriteriaList": [],
            "Groups": []
          },
          "ConditionTypeExclude": false,
          "CodesetId": 2
        }},
        "Occurrence": {
          "Type": 0,
          "IsDistinct": false,
          "Count": 0
        }
      }],
      "Type": "ALL",
      "DemographicCriteriaList": [],
      "Groups": []
    },
    "name": "has no events in prior 'clean window' 183 days"
  }],
  "PrimaryCriteria": {
    "CriteriaList": [{"ConditionOccurrence": {
      "ConditionTypeExclude": false,
      "CodesetId": 2
    }}],
    "PrimaryCriteriaLimit": {"Type": "All"},
    "ObservationWindow": {
      "PostDays": 0,
      "PriorDays": 0
    }
  }
}