{
  "ExpressionLimit": {"Type": "All"},
  "CollapseSettings": {
    "CollapseType": "ERA",
    "EraPad": 0
  },
  "CensorWindow": {},
  "ConceptSets": [{
    "expression": {"items": [
      {
        "isExcluded": false,
        "concept": {
          "INVALID_REASON_CAPTION": "Valid",
          "CONCEPT_ID": 4133004,
          "STANDARD_CONCEPT": "S",
          "CONCEPT_CODE": "128053003",
          "VOCABULARY_ID": "SNOMED",
          "CONCEPT_NAME": "Deep venous thrombosis",
          "DOMAIN_ID": "Condition",
          "STANDARD_CONCEPT_CAPTION": "Standard",
          "CONCEPT_CLASS_ID": "Clinical Finding",
          "INVALID_REASON": "V"
        },
        "includeMapped": false,
        "includeDescendants": true
      },
      {
        "isExcluded": false,
        "concept": {
          "INVALID_REASON_CAPTION": "Valid",
          "CONCEPT_ID": 4149782,
          "STANDARD_CONCEPT": "S",
          "CONCEPT_CODE": "309735004",
          "VOCABULARY_ID": "SNOMED",
          "CONCEPT_NAME": "Thrombosis of vein of lower limb",
          "DOMAIN_ID": "Condition",
          "STANDARD_CONCEPT_CAPTION": "Standard",
          "CONCEPT_CLASS_ID": "Clinical Finding",
          "INVALID_REASON": "V"
        },
        "includeMapped": false,
        "includeDescendants": false
      },
      {
        "isExcluded": false,
        "concept": {
          "INVALID_REASON_CAPTION": "Valid",
          "CONCEPT_ID": 444247,
          "STANDARD_CONCEPT": "S",
          "CONCEPT_CODE": "111293003",
          "VOCABULARY_ID": "SNOMED",
          "CONCEPT_NAME": "Venous thrombosis",
          "DOMAIN_ID": "Condition",
          "STANDARD_CONCEPT_CAPTION": "Standard",
          "CONCEPT_CLASS_ID": "Clinical Finding",
          "INVALID_REASON": "V"
        },
        "includeMapped": false,
        "includeDescendants": false
      },
      {
        "isExcluded": true,
        "concept": {
          "INVALID_REASON_CAPTION": "Valid",
          "CONCEPT_ID": 77310,
          "STANDARD_CONCEPT": "S",
          "CONCEPT_CODE": "266267005",
          "VOCABULARY_ID": "SNOMED",
          "CONCEPT_NAME": "Deep vein phlebitis and thrombophlebitis of the leg",
          "DOMAIN_ID": "Condition",
          "STANDARD_CONCEPT_CAPTION": "Standard",
          "CONCEPT_CLASS_ID": "Clinical Finding",
          "INVALID_REASON": "V"
        },
        "includeMapped": false,
        "includeDescendants": true
      },
      {
        "isExcluded": false,
        "concept": {
          "INVALID_REASON_CAPTION": "Valid",
          "CONCEPT_ID": 40481089,
          "STANDARD_CONCEPT": "S",
          "CONCEPT_CODE": "444816006",
          "VOCABULARY_ID": "SNOMED",
          "CONCEPT_NAME": "Embolism from thrombosis of vein of lower extremity",
          "DOMAIN_ID": "Condition",
          "STANDARD_CONCEPT_CAPTION": "Standard",
          "CONCEPT_CLASS_ID": "Clinical Finding",
          "INVALID_REASON": "V"
        },
        "includeMapped": false,
        "includeDescendants": true
      },
      {
        "isExcluded": false,
        "concept": {
          "INVALID_REASON_CAPTION": "Valid",
          "CONCEPT_ID": 435565,
          "STANDARD_CONCEPT": "S",
          "CONCEPT_CODE": "195437003",
          "VOCABULARY_ID": "SNOMED",
          "CONCEPT_NAME": "Embolism and thrombosis of the vena cava",
          "DOMAIN_ID": "Condition",
          "STANDARD_CONCEPT_CAPTION": "Standard",
          "CONCEPT_CLASS_ID": "Clinical Finding",
          "INVALID_REASON": "V"
        },
        "includeMapped": false,
        "includeDescendants": true
      },
      {
        "isExcluded": false,
        "concept": {
          "INVALID_REASON_CAPTION": "Valid",
          "CONCEPT_ID": 193512,
          "STANDARD_CONCEPT": "S",
          "CONCEPT_CODE": "195438008",
          "VOCABULARY_ID": "SNOMED",
          "CONCEPT_NAME": "Embolism and thrombosis of the renal vein",
          "DOMAIN_ID": "Condition",
          "STANDARD_CONCEPT_CAPTION": "Standard",
          "CONCEPT_CLASS_ID": "Clinical Finding",
          "INVALID_REASON": "V"
        },
        "includeMapped": false,
        "includeDescendants": true
      },
      {
        "isExcluded": true,
        "concept": {
          "INVALID_REASON_CAPTION": "Valid",
          "CONCEPT_ID": 36712971,
          "STANDARD_CONCEPT": "S",
          "CONCEPT_CODE": "15760351000119105",
          "VOCABULARY_ID": "SNOMED",
          "CONCEPT_NAME": "Chronic deep venous thrombosis",
          "DOMAIN_ID": "Condition",
          "STANDARD_CONCEPT_CAPTION": "Standard",
          "CONCEPT_CLASS_ID": "Clinical Finding",
          "INVALID_REASON": "V"
        },
        "includeMapped": false,
        "includeDescendants": true
      },
      {
        "isExcluded": true,
        "concept": {
          "INVALID_REASON_CAPTION": "Valid",
          "CONCEPT_ID": 435887,
          "STANDARD_CONCEPT": "S",
          "CONCEPT_CODE": "49956009",
          "VOCABULARY_ID": "SNOMED",
          "CONCEPT_NAME": "Antepartum deep vein thrombosis",
          "DOMAIN_ID": "Condition",
          "STANDARD_CONCEPT_CAPTION": "Standard",
          "CONCEPT_CLASS_ID": "Clinical Finding",
          "INVALID_REASON": "V"
        },
        "includeMapped": false,
        "includeDescendants": true
      },
      {
        "isExcluded": true,
        "concept": {
          "INVALID_REASON_CAPTION": "Valid",
          "CONCEPT_ID": 438820,
          "STANDARD_CONCEPT": "S",
          "CONCEPT_CODE": "56272000",
          "VOCABULARY_ID": "SNOMED",
          "CONCEPT_NAME": "Postpartum deep phlebothrombosis",
          "DOMAIN_ID": "Condition",
          "STANDARD_CONCEPT_CAPTION": "Standard",
          "CONCEPT_CLASS_ID": "Clinical Finding",
          "INVALID_REASON": "V"
        },
        "includeMapped": false,
        "includeDescendants": true
      },
      {
        "isExcluded": false,
        "concept": {
          "INVALID_REASON_CAPTION": "Valid",
          "CONCEPT_ID": 44782752,
          "STANDARD_CONCEPT": "S",
          "CONCEPT_CODE": "135001000119100",
          "VOCABULARY_ID": "SNOMED",
          "CONCEPT_NAME": "Acute deep venous thrombosis of internal jugular vein",
          "DOMAIN_ID": "Condition",
          "STANDARD_CONCEPT_CAPTION": "Standard",
          "CONCEPT_CLASS_ID": "Clinical Finding",
          "INVALID_REASON": "V"
        },
        "includeMapped": false,
        "includeDescendants": true
      },
      {
        "isExcluded": false,
        "concept": {
          "INVALID_REASON_CAPTION": "Valid",
          "CONCEPT_ID": 44782751,
          "STANDARD_CONCEPT": "S",
          "CONCEPT_CODE": "134961000119104",
          "VOCABULARY_ID": "SNOMED",
          "CONCEPT_NAME": "Acute deep venous thrombosis of axillary vein",
          "DOMAIN_ID": "Condition",
          "STANDARD_CONCEPT_CAPTION": "Standard",
          "CONCEPT_CLASS_ID": "Clinical Finding",
          "INVALID_REASON": "V"
        },
        "includeMapped": false,
        "includeDescendants": true
      },
      {
        "isExcluded": true,
        "concept": {
          "INVALID_REASON_CAPTION": "Valid",
          "CONCEPT_ID": 4179911,
          "STANDARD_CONCEPT": "S",
          "CONCEPT_CODE": "297156001",
          "VOCABULARY_ID": "SNOMED",
          "CONCEPT_NAME": "Axillary vein thrombosis",
          "DOMAIN_ID": "Condition",
          "STANDARD_CONCEPT_CAPTION": "Standard",
          "CONCEPT_CLASS_ID": "Clinical Finding",
          "INVALID_REASON": "V"
        },
        "includeMapped": false,
        "includeDescendants": false
      }
    ]},
    "name": "Deep Vein Thrombosis broad",
    "id": 1
  }],
  "EndStrategy": {"DateOffset": {
    "DateField": "StartDate",
    "Offset": 1
  }},
  "cdmVersionRange": ">=5.0.0",
  "CensoringCriteria": [],
  "QualifiedLimit": {"Type": "All"},
  "InclusionRules": [{
    "expression": {
      "CriteriaList": [{
        "RestrictVisit": false,
        "StartWindow": {
          "UseEventEnd": false,
          "Start": {
            "Days": 365,
            "Coeff": -1
          },
          "End": {
            "Days": 1,
            "Coeff": -1
          },
          "UseIndexEnd": false
        },
        "IgnoreObservationPeriod": true,
        "Criteria": {"ConditionOccurrence": {
          "ConditionTypeExclude": false,
          "CodesetId": 1
        }},
        "Occurrence": {
          "Type": 0,
          "IsDistinct": false,
          "Count": 0
        }
      }],
      "Type": "ALL",
      "DemographicCriteriaList": [],
      "Groups": []
    },
    "name": "has no events in prior 'clean window' - 365 days"
  }],
  "PrimaryCriteria": {
    "CriteriaList": [{"ConditionOccurrence": {
      "ConditionTypeExclude": false,
      "CodesetId": 1
    }}],
    "PrimaryCriteriaLimit": {"Type": "All"},
    "ObservationWindow": {
      "PostDays": 0,
      "PriorDays": 0
    }
  }
}