{
  "ExpressionLimit": {"Type": "All"},
  "CollapseSettings": {
    "CollapseType": "ERA",
    "EraPad": 0
  },
  "CensorWindow": {},
  "ConceptSets": [
    {
      "expression": {"items": [
        {
          "isExcluded": false,
          "concept": {
            "INVALID_REASON_CAPTION": "Valid",
            "CONCEPT_ID": 262,
            "STANDARD_CONCEPT": "S",
            "CONCEPT_CODE": "ERIP",
            "VOCABULARY_ID": "Visit",
            "CONCEPT_NAME": "Emergency Room and Inpatient Visit",
            "DOMAIN_ID": "Visit",
            "STANDARD_CONCEPT_CAPTION": "Standard",
            "CONCEPT_CLASS_ID": "Visit",
            "INVALID_REASON": "V"
          },
          "includeMapped": false,
          "includeDescendants": true
        },
        {
          "isExcluded": false,
          "concept": {
            "INVALID_REASON_CAPTION": "Valid",
            "CONCEPT_ID": 9201,
            "STANDARD_CONCEPT": "S",
            "CONCEPT_CODE": "IP",
            "VOCABULARY_ID": "Visit",
            "CONCEPT_NAME": "Inpatient Visit",
            "DOMAIN_ID": "Visit",
            "STANDARD_CONCEPT_CAPTION": "Standard",
            "CONCEPT_CLASS_ID": "Visit",
            "INVALID_REASON": "V"
          },
          "includeMapped": false,
          "includeDescendants": true
        }
      ]},
      "name": "Inpatient or Inpatient/ER visit",
      "id": 2
    },
    {
      "expression": {"items": [
        {
          "isExcluded": false,
          "concept": {
            "INVALID_REASON_CAPTION": "Valid",
            "CONCEPT_ID": 439847,
            "STANDARD_CONCEPT": "S",
            "CONCEPT_CODE": "1386000",
            "VOCABULARY_ID": "SNOMED",
            "CONCEPT_NAME": "Intracranial hemorrhage",
            "DOMAIN_ID": "Condition",
            "STANDARD_CONCEPT_CAPTION": "Standard",
            "CONCEPT_CLASS_ID": "Clinical Finding",
            "INVALID_REASON": "V"
          },
          "includeMapped": false,
          "includeDescendants": false
        },
        {
          "isExcluded": false,
          "concept": {
            "INVALID_REASON_CAPTION": "Valid",
            "CONCEPT_ID": 432923,
            "STANDARD_CONCEPT": "S",
            "CONCEPT_CODE": "21454007",
            "VOCABULARY_ID": "SNOMED",
            "CONCEPT_NAME": "Subarachnoid hemorrhage",
            "DOMAIN_ID": "Condition",
            "STANDARD_CONCEPT_CAPTION": "Standard",
            "CONCEPT_CLASS_ID": "Clinical Finding",
            "INVALID_REASON": "V"
          },
          "includeMapped": false,
          "includeDescendants": false
        },
        {
          "isExcluded": true,
          "concept": {
            "INVALID_REASON_CAPTION": "Valid",
            "CONCEPT_ID": 376713,
            "STANDARD_CONCEPT": "S",
            "CONCEPT_CODE": "274100004",
            "VOCABULARY_ID": "SNOMED",
            "CONCEPT_NAME": "Cerebral hemorrhage",
            "DOMAIN_ID": "Condition",
            "STANDARD_CONCEPT_CAPTION": "Standard",
            "CONCEPT_CLASS_ID": "Clinical Finding",
            "INVALID_REASON": "V"
          },
          "includeMapped": false,
          "includeDescendants": false
        },
        {
          "isExcluded": false,
          "concept": {
            "INVALID_REASON_CAPTION": "Valid",
            "CONCEPT_ID": 4148906,
            "STANDARD_CONCEPT": "S",
            "CONCEPT_CODE": "270907008",
            "VOCABULARY_ID": "SNOMED",
            "CONCEPT_NAME": "Spontaneous subarachnoid hemorrhage",
            "DOMAIN_ID": "Condition",
            "STANDARD_CONCEPT_CAPTION": "Standard",
            "CONCEPT_CLASS_ID": "Clinical Finding",
            "INVALID_REASON": "V"
          },
          "includeMapped": false,
          "includeDescendants": false
        },
        {
          "isExcluded": false,
          "concept": {
            "INVALID_REASON_CAPTION": "Valid",
            "CONCEPT_ID": 4144154,
            "STANDARD_CONCEPT": "S",
            "CONCEPT_CODE": "425957003",
            "VOCABULARY_ID": "SNOMED",
            "CONCEPT_NAME": "Non-traumatic intracerebral ventricular hemorrhage",
            "DOMAIN_ID": "Condition",
            "STANDARD_CONCEPT_CAPTION": "Standard",
            "CONCEPT_CLASS_ID": "Clinical Finding",
            "INVALID_REASON": "V"
          },
          "includeMapped": false,
          "includeDescendants": false
        },
        {
          "isExcluded": false,
          "concept": {
            "INVALID_REASON_CAPTION": "Valid",
            "CONCEPT_ID": 4111709,
            "STANDARD_CONCEPT": "S",
            "CONCEPT_CODE": "195176009",
            "VOCABULARY_ID": "SNOMED",
            "CONCEPT_NAME": "Non-traumatic subdural hemorrhage",
            "DOMAIN_ID": "Condition",
            "STANDARD_CONCEPT_CAPTION": "Standard",
            "CONCEPT_CLASS_ID": "Clinical Finding",
            "INVALID_REASON": "V"
          },
          "includeMapped": false,
          "includeDescendants": false
        },
        {
          "isExcluded": false,
          "concept": {
            "INVALID_REASON_CAPTION": "Valid",
            "CONCEPT_ID": 42535426,
            "STANDARD_CONCEPT": "S",
            "CONCEPT_CODE": "291581000119109",
            "VOCABULARY_ID": "SNOMED",
            "CONCEPT_NAME": "Acute nontraumatic subdural hemorrhage",
            "DOMAIN_ID": "Condition",
            "STANDARD_CONCEPT_CAPTION": "Standard",
            "CONCEPT_CLASS_ID": "Clinical Finding",
            "INVALID_REASON": "V"
          },
          "includeMapped": false,
          "includeDescendants": false
        },
        {
          "isExcluded": false,
          "concept": {
            "INVALID_REASON_CAPTION": "Valid",
            "CONCEPT_ID": 43530728,
            "STANDARD_CONCEPT": "S",
            "CONCEPT_CODE": "291591000119107",
            "VOCABULARY_ID": "SNOMED",
            "CONCEPT_NAME": "Subacute non-traumatic intracranial subdural hemorrhage",
            "DOMAIN_ID": "Condition",
            "STANDARD_CONCEPT_CAPTION": "Standard",
            "CONCEPT_CLASS_ID": "Clinical Finding",
            "INVALID_REASON": "V"
          },
          "includeMapped": false,
          "includeDescendants": false
        },
        {
          "isExcluded": true,
          "concept": {
            "INVALID_REASON_CAPTION": "Valid",
            "CONCEPT_ID": 4174299,
            "STANDARD_CONCEPT": "S",
            "CONCEPT_CODE": "276647007",
            "VOCABULARY_ID": "SNOMED",
            "CONCEPT_NAME": "Perinatal intracranial hemorrhage",
            "DOMAIN_ID": "Condition",
            "STANDARD_CONCEPT_CAPTION": "Standard",
            "CONCEPT_CLASS_ID": "Clinical Finding",
            "INVALID_REASON": "V"
          },
          "includeMapped": false,
          "includeDescendants": true
        },
        {
          "isExcluded": true,
          "concept": {
            "INVALID_REASON_CAPTION": "Valid",
            "CONCEPT_ID": 36716544,
            "STANDARD_CONCEPT": "S",
            "CONCEPT_CODE": "722581000",
            "VOCABULARY_ID": "SNOMED",
            "CONCEPT_NAME": "Fetal or neonatal non-traumatic intraventricular hemorrhage",
            "DOMAIN_ID": "Condition",
            "STANDARD_CONCEPT_CAPTION": "Standard",
            "CONCEPT_CLASS_ID": "Clinical Finding",
            "INVALID_REASON": "V"
          },
          "includeMapped": false,
          "includeDescendants": true
        },
        {
          "isExcluded": true,
          "concept": {
            "INVALID_REASON_CAPTION": "Valid",
            "CONCEPT_ID": 4345688,
            "STANDARD_CONCEPT": "S",
            "CONCEPT_CODE": "240313004",
            "VOCABULARY_ID": "SNOMED",
            "CONCEPT_NAME": "Intracerebral hemorrhage in fetus or newborn",
            "DOMAIN_ID": "Condition",
            "STANDARD_CONCEPT_CAPTION": "Standard",
            "CONCEPT_CLASS_ID": "Clinical Finding",
            "INVALID_REASON": "V"
          },
          "includeMapped": false,
          "includeDescendants": true
        },
        {
          "isExcluded": false,
          "concept": {
            "INVALID_REASON_CAPTION": "Valid",
            "CONCEPT_ID": 43530727,
            "STANDARD_CONCEPT": "S",
            "CONCEPT_CODE": "291571000119106",
            "VOCABULARY_ID": "SNOMED",
            "CONCEPT_NAME": "Spontaneous cerebral hemorrhage",
            "DOMAIN_ID": "Condition",
            "STANDARD_CONCEPT_CAPTION": "Standard",
            "CONCEPT_CLASS_ID": "Clinical Finding",
            "INVALID_REASON": "V"
          },
          "includeMapped": false,
          "includeDescendants": false
        }
      ]},
      "name": "Hemorrhagic stroke subarachnoid intracerebral subdural",
      "id": 4
    }
  ],
  "EndStrategy": {"DateOffset": {
    "DateField": "StartDate",
    "Offset": 1
  }},
  "cdmVersionRange": ">=5.0.0",
  "CensoringCriteria": [],
  "AdditionalCriteria": {
    "CriteriaList": [{
      "RestrictVisit": false,
      "StartWindow": {
        "UseEventEnd": false,
        "Start": {"Coeff": -1},
        "End": {
          "Days": 0,
          "Coeff": 1
        },
        "UseIndexEnd": false
      },
      "IgnoreObservationPeriod": false,
      "EndWindow": {
        "UseEventEnd": true,
        "Start": {
          "Days": 0,
          "Coeff": -1
        },
        "End": {"Coeff": 1},
        "UseIndexEnd": false
      },
      "Criteria": {"VisitOccurrence": {
        "CodesetId": 2,
        "VisitTypeExclude": false
      }},
      "Occurrence": {
        "Type": 2,
        "IsDistinct": false,
        "Count": 1
      }
    }],
    "Type": "ALL",
    "DemographicCriteriaList": [],
    "Groups": []
  },
  "QualifiedLimit": {"Type": "All"},
  "InclusionRules": [{
    "expression": {
      "CriteriaList": [{
        "RestrictVisit": false,
        "StartWindow": {
          "UseEventEnd": false,
          "Start": {
            "Days": 365,
            "Coeff": -1
          },
          "End": {
            "Days": 1,
            "Coeff": -1
          },
          "UseIndexEnd": false
        },
        "IgnoreObservationPeriod": true,
        "Criteria": {"ConditionOccurrence": {
          "CorrelatedCriteria": {
            "CriteriaList": [{
              "RestrictVisit": false,
              "StartWindow": {
                "UseEventEnd": false,
                "Start": {"Coeff": -1},
                "End": {
                  "Days": 0,
                  "Coeff": 1
                },
                "UseIndexEnd": false
              },
              "IgnoreObservationPeriod": false,
              "EndWindow": {
                "UseEventEnd": true,
                "Start": {
                  "Days": 0,
                  "Coeff": -1
                },
                "End": {"Coeff": 1},
                "UseIndexEnd": false
              },
              "Criteria": {"VisitOccurrence": {
                "CodesetId": 2,
                "VisitTypeExclude": false
              }},
              "Occurrence": {
                "Type": 2,
                "IsDistinct": false,
                "Count": 1
              }
            }],
            "Type": "ALL",
            "DemographicCriteriaList": [],
            "Groups": []
          },
          "ConditionTypeExclude": false,
          "CodesetId": 4
        }},
        "Occurrence": {
          "Type": 0,
          "IsDistinct": false,
          "Count": 0
        }
      }],
      "Type": "ALL",
      "DemographicCriteriaList": [],
      "Groups": []
    },
    "name": "has no events in prior 'clean window' - 365 days"
  }],
  "PrimaryCriteria": {
    "CriteriaList": [{"ConditionOccurrence": {
      "ConditionTypeExclude": false,
      "CodesetId": 4
    }}],
    "PrimaryCriteriaLimit": {"Type": "All"},
    "ObservationWindow": {
      "PostDays": 0,
      "PriorDays": 0
    }
  }
}