{
  "ConceptSets": [
    {
      "id": 2,
      "name": "Inpatient or Inpatient/ER visit",
      "expression": {
        "items": [
          {
            "concept": {
              "CONCEPT_CLASS_ID": "Visit",
              "CONCEPT_CODE": "ERIP",
              "CONCEPT_ID": 262,
              "CONCEPT_NAME": "Emergency Room and Inpatient Visit",
              "DOMAIN_ID": "Visit",
              "INVALID_REASON": "V",
              "INVALID_REASON_CAPTION": "Valid",
              "STANDARD_CONCEPT": "S",
              "STANDARD_CONCEPT_CAPTION": "Standard",
              "VOCABULARY_ID": "Visit"
            },
            "includeDescendants": true
          },
          {
            "concept": {
              "CONCEPT_CLASS_ID": "Visit",
              "CONCEPT_CODE": "IP",
              "CONCEPT_ID": 9201,
              "CONCEPT_NAME": "Inpatient Visit",
              "DOMAIN_ID": "Visit",
              "INVALID_REASON": "V",
              "INVALID_REASON_CAPTION": "Valid",
              "STANDARD_CONCEPT": "S",
              "STANDARD_CONCEPT_CAPTION": "Standard",
              "VOCABULARY_ID": "Visit"
            },
            "includeDescendants": true
          }
        ]
      }
    },
    {
      "id": 3,
      "name": "cerebral infarction FDA conceptset proxy",
      "expression": {
        "items": [
          {
            "concept": {
              "CONCEPT_CLASS_ID": "Clinical Finding",
              "CONCEPT_CODE": "432504007",
              "CONCEPT_ID": 443454,
              "CONCEPT_NAME": "Cerebral infarction",
              "DOMAIN_ID": "Condition",
              "INVALID_REASON": "V",
              "INVALID_REASON_CAPTION": "Valid",
              "STANDARD_CONCEPT": "S",
              "STANDARD_CONCEPT_CAPTION": "Standard",
              "VOCABULARY_ID": "SNOMED"
            },
            "includeDescendants": true
          },
          {
            "concept": {
              "CONCEPT_CLASS_ID": "Clinical Finding",
              "CONCEPT_CODE": "441526008",
              "CONCEPT_ID": 40479572,
              "CONCEPT_NAME": "Infarct of cerebrum due to iatrogenic cerebrovascular accident",
              "DOMAIN_ID": "Condition",
              "INVALID_REASON": "V",
              "INVALID_REASON_CAPTION": "Valid",
              "STANDARD_CONCEPT": "S",
              "STANDARD_CONCEPT_CAPTION": "Standard",
              "VOCABULARY_ID": "SNOMED"
            },
            "isExcluded": true,
            "includeDescendants": true
          },
          {
            "concept": {
              "CONCEPT_CLASS_ID": "Clinical Finding",
              "CONCEPT_CODE": "230698000",
              "CONCEPT_ID": 4046360,
              "CONCEPT_NAME": "Lacunar infarction",
              "DOMAIN_ID": "Condition",
              "INVALID_REASON": "V",
              "INVALID_REASON_CAPTION": "Valid",
              "STANDARD_CONCEPT": "S",
              "STANDARD_CONCEPT_CAPTION": "Standard",
              "VOCABULARY_ID": "SNOMED"
            },
            "isExcluded": true,
            "includeDescendants": true
          }
        ]
      }
    }
  ],
  "PrimaryCriteria": {
    "CriteriaList": [
      {
        "ConditionOccurrence": {
          "CodesetId": 3
        }
      }
    ],
    "ObservationWindow": {
      "PriorDays": 0,
      "PostDays": 0
    },
    "PrimaryCriteriaLimit": {
      "Type": "All"
    }
  },
  "AdditionalCriteria": {
    "Type": "ALL",
    "CriteriaList": [
      {
        "Criteria": {
          "VisitOccurrence": {
            "CodesetId": 2
          }
        },
        "StartWindow": {
          "Start": {
            "Coeff": -1
          },
          "End": {
            "Days": 0,
            "Coeff": 1
          },
          "UseEventEnd": false
        },
        "EndWindow": {
          "Start": {
            "Days": 0,
            "Coeff": -1
          },
          "End": {
            "Coeff": 1
          },
          "UseEventEnd": true
        },
        "Occurrence": {
          "Type": 2,
          "Count": 1
        }
      }
    ],
    "DemographicCriteriaList": [],
    "Groups": []
  },
  "QualifiedLimit": {
    "Type": "All"
  },
  "ExpressionLimit": {
    "Type": "All"
  },
  "InclusionRules": [
    {
      "name": "has no events in prior 'clean window' - 365 days",
      "expression": {
        "Type": "ALL",
        "CriteriaList": [
          {
            "Criteria": {
              "ConditionOccurrence": {
                "CorrelatedCriteria": {
                  "Type": "ALL",
                  "CriteriaList": [
                    {
                      "Criteria": {
                        "VisitOccurrence": {
                          "CodesetId": 2
                        }
                      },
                      "StartWindow": {
                        "Start": {
                          "Coeff": -1
                        },
                        "End": {
                          "Days": 0,
                          "Coeff": 1
                        },
                        "UseEventEnd": false
                      },
                      "EndWindow": {
                        "Start": {
                          "Days": 0,
                          "Coeff": -1
                        },
                        "End": {
                          "Coeff": 1
                        },
                        "UseEventEnd": true
                      },
                      "Occurrence": {
                        "Type": 2,
                        "Count": 1
                      }
                    }
                  ],
                  "DemographicCriteriaList": [],
                  "Groups": []
                },
                "CodesetId": 3
              }
            },
            "StartWindow": {
              "Start": {
                "Days": 365,
                "Coeff": -1
              },
              "End": {
                "Days": 1,
                "Coeff": -1
              },
              "UseEventEnd": false
            },
            "IgnoreObservationPeriod": true,
            "Occurrence": {
              "Type": 0,
              "Count": 0
            }
          }
        ],
        "DemographicCriteriaList": [],
        "Groups": []
      }
    }
  ],
  "EndStrategy": {
    "DateOffset": {
      "DateField": "StartDate",
      "Offset": 1
    }
  },
  "CensoringCriteria": [],
  "CollapseSettings": {
    "CollapseType": "ERA",
    "EraPad": 0
  },
  "CensorWindow": {},
  "cdmVersionRange": ">=5.0.0"
}