{
	"PrimaryCriteria": {
		"CriteriaList": [
			{
				"DrugExposure": {
					"CodesetId": 0
				}
			}
		],
		"ObservationWindow": {
			"PriorDays": 365,
			"PostDays": 0
		},
		"PrimaryCriteriaLimit": {
			"Type": "First"
		}
	},
	"QualifiedLimit": {
		"Type": "First"
	},
	"ExpressionLimit": {
		"Type": "First"
	},
	"InclusionRules": [],
	"EndStrategy": {
		"DateOffset": {
			"DateField": "StartDate",
			"Offset": ||fixed_TAR||
		}
	},
	"CensoringCriteria": [
		{
			"Death": {}
		}
	],
	"CollapseSettings": {
		"CollapseType": "ERA",
		"EraPad": 0
	},
	"CensorWindow": {},
	"cdmVersionRange": ">=5.0.0",
	
	"ConceptSets": [
		{
			"id": 0,
			"name": "target drug",
			"expression": {
				"items": [
					{
						"concept": {
	
							"CONCEPT_ID": ||concept_id||,
							"CONCEPT_NAME": "||concept_name||",
							"STANDARD_CONCEPT": "S",
							"STANDARD_CONCEPT_CAPTION": "Standard",
							"INVALID_REASON": "V",
							"INVALID_REASON_CAPTION": "Valid",
							"CONCEPT_CODE": "||concept_code||",
							"DOMAIN_ID": "Drug",
							"VOCABULARY_ID": "RxNorm",
							"CONCEPT_CLASS_ID": "Ingredient"
						},
						"includeDescendants": true
					}
				]
			}
		}
	]
}