{
	"PrimaryCriteria": {
    "CriteriaList": [
	  {
        "ConditionEra": {
          "CodesetId": 1
        }
      }
    ],
    "ObservationWindow": {
      "PriorDays": 365,
      "PostDays": 0
    },
    "PrimaryCriteriaLimit": {
      "Type": "First"
    }
  },
  "QualifiedLimit": {
    "Type": "First"
  },
  "ExpressionLimit": {
    "Type": "First"
  },
  "InclusionRules": [
    {
      "name": "with event diagnosed (= cohort entry) within ||fixed_TAR|| days of drug start date",
      "description": "event",
      "expression": {
        "Type": "ALL",
        "CriteriaList": [
          {
            "Criteria": {
              "DrugEra": {
                "CodesetId": 0,
                "First": true
              }
            },
            "StartWindow": {
              "Start": {
                "Days": ||fixed_TAR||,
                "Coeff": -1
              },
              "End": {
                "Days": 1,
                "Coeff": -1
              },
              "UseEventEnd": false
            },
            "Occurrence": {
              "IsDistinct": true,
              "Type": 2,
              "Count": 1,
              "CountColumn": "DOMAIN_CONCEPT"
            }
          }
        ],
        "DemographicCriteriaList": [],
        "Groups": []
      }
    },
    {
      "name": "no prior event in 365 days before index",
      "expression": {
        "Type": "ALL",
        "CriteriaList": [
          {
            "Criteria": {
              "ConditionOccurrence": {
                "CodesetId": 1
              }
            },
            "StartWindow": {
              "Start": {
                "Days": 365,
                "Coeff": -1
              },
              "End": {
                "Days": 1,
                "Coeff": -1
              },
              "UseEventEnd": false
            },
            "Occurrence": {
              "Type": 0,
              "Count": 0
            }
          }
        ],
        "DemographicCriteriaList": [],
        "Groups": []
      }
    }
  ],
  "EndStrategy": {
    "DateOffset": {
      "DateField": "StartDate",
      "Offset": 1
    }
  },
  "CensoringCriteria": [
    {
      "Death": {}
    }
  ],
  "CollapseSettings": {
    "CollapseType": "ERA",
    "EraPad": 0
  },
  "CensorWindow": {},
  "cdmVersionRange": ">=5.0.0",
  
  "ConceptSets": [
    {
      "id": 0,
      "name": "target drug",
      "expression": {
        "items": [
          ||intersection_drug||
        ]
      }
    },
    {
      "id": 1,
      "name": "event",
      "expression": {
        "items": [
          ||intersection_event||
        ]
      }
    }
  ]
 
}