{
  "PrimaryCriteria": {
    "CriteriaList": [
      {
        "DrugEra": {
          "CodesetId": 1
        }
      }
    ],
    "ObservationWindow": {
      "PriorDays": 365,
      "PostDays": 0
    },
    "PrimaryCriteriaLimit": {
      "Type": "First"
    }
  },
  "QualifiedLimit": {
    "Type": "First"
  },
  "ExpressionLimit": {
    "Type": "First"
  },
  "InclusionRules": [
    {
      "name": "with dysphagia events",
      "description": "having a dysphagia within 365 days after drug start",
      "expression": {
        "Type": "ANY",
        "CriteriaList": [
          {
            "Criteria": {
              "ConditionOccurrence": {
                "CodesetId": 0
              }
            },
            "StartWindow": {
              "Start": {
                "Days": 1,
                "Coeff": 1
              },
              "End": {
                "Days": 365,
                "Coeff": 1
              },
              "UseEventEnd": false
            },
            "Occurrence": {
              "IsDistinct": true,
              "Type": 2,
              "Count": 1,
              "CountColumn": "DOMAIN_CONCEPT"
            }
          }
        ],
        "DemographicCriteriaList": [],
        "Groups": []
      }
    }
  ],
  "EndStrategy": {
    "DateOffset": {
      "DateField": "StartDate",
      "Offset": 1
    }
  },
  "CensoringCriteria": [],
  "CollapseSettings": {
    "CollapseType": "ERA",
    "EraPad": 0
  },
  "CensorWindow": {},
  "cdmVersionRange": ">=5.0.0",

  "ConceptSets": [
    {
      "id": 0,
      "name": "dysphagia",
      "expression": {
        "items": [
          {
            "concept": {
              "CONCEPT_CLASS_ID": "Clinical Finding",
              "CONCEPT_CODE": "40739000",
              "CONCEPT_ID": 31317,
              "CONCEPT_NAME": "Dysphagia",
              "DOMAIN_ID": "Condition",
              "INVALID_REASON": "V",
              "INVALID_REASON_CAPTION": "Valid",
              "STANDARD_CONCEPT": "S",
              "STANDARD_CONCEPT_CAPTION": "Standard",
              "VOCABULARY_ID": "SNOMED"
            },
            "includeDescendants": true
          }
        ]
      }
    },
    {
      "id": 1,
      "name": "Butalbital",
      "expression": {
        "items": [
          {
            "concept": {
              "CONCEPT_CLASS_ID": "Ingredient",
              "CONCEPT_CODE": "19860",
              "CONCEPT_ID": 1139699,
              "CONCEPT_NAME": "butalbital",
              "DOMAIN_ID": "Drug",
              "INVALID_REASON": "V",
              "INVALID_REASON_CAPTION": "Valid",
              "STANDARD_CONCEPT": "S",
              "STANDARD_CONCEPT_CAPTION": "Standard",
              "VOCABULARY_ID": "RxNorm"
            }
          }
        ]
      }
    }
  ]
}