 
         {
            "concept": {
              "CONCEPT_CLASS_ID": "Ingredient",
              "CONCEPT_CODE": "||concept_code||",
              "CONCEPT_ID": ||concept_id||,
              "CONCEPT_NAME": "||concept_name||",
              "DOMAIN_ID": "Drug",
              "INVALID_REASON": "V",
              "INVALID_REASON_CAPTION": "Valid",
              "STANDARD_CONCEPT": "S",
              "STANDARD_CONCEPT_CAPTION": "Standard",
              "VOCABULARY_ID": "RxNorm"
            },
            "includeDescendants": true
          }
