{
  "PrimaryCriteria": {
    "CriteriaList": [
      {
        "DrugExposure": {
          "CodesetId": 0
        }
      }
    ],
    "ObservationWindow": {
      "PriorDays": 365,
      "PostDays": 0
    },
    "PrimaryCriteriaLimit": {
      "Type": "First"
    }
  },
  "QualifiedLimit": {
    "Type": "First"
  },
  "ExpressionLimit": {
    "Type": "First"
  },
  "InclusionRules": [],
  "EndStrategy": {
    "CustomEra": {
      "GapDays": 30,
      "Offset": 90
    }
  },
  "CensoringCriteria": [
    {
      "Death": {}
    }
  ],
  "CollapseSettings": {
    "CollapseType": "ERA",
    "EraPad": 0
  },
  "CensorWindow": {},
  "cdmVersionRange": ">=5.0.0",
  
  "ConceptSets": [
      {
      "id": 0,
      "name": "any drug",
      "expression": {
        "items": [
