"cohortId","name","cohortName","logicDescription","phenotypeId","atlasId","concept_id","concept_name","concept_code","matching_drug_cohort_id","intersection_drug","intersection_event","fixed_TAR"
117,"generic_target_drug_cohort","Lenalidomide (TAR=30)","Lenalidomide (TAR=30)",0,0,19026972,"lenalidomide","342369",0,0,0,30
334,"generic_target_drug_cohort","Lenalidomide (TAR=90)","Lenalidomide (TAR=90)",0,0,19026972,"lenalidomide","342369",0,0,0,90
551,"generic_target_drug_cohort","Lenalidomide (TAR=365)","Lenalidomide (TAR=365)",0,0,19026972,"lenalidomide","342369",0,0,0,365
768,"generic_comparator_drug_cohort","All drugs (matched to Lenalidomide) (TAR=30)","All drugs (matched to Lenalidomide) (TAR=30)",0,0,0,"0","0",117,0,0,30
985,"generic_comparator_drug_cohort","All drugs (matched to Lenalidomide) (TAR=90)","All drugs (matched to Lenalidomide) (TAR=90)",0,0,0,"0","0",334,0,0,90
1202,"generic_comparator_drug_cohort","All drugs (matched to Lenalidomide) (TAR=365)","All drugs (matched to Lenalidomide) (TAR=365)",0,0,0,"0","0",551,0,0,365
1307,"402","Deep Vein Thrombosis (DVT)","Deep Vein Thrombosis (DVT)",402,0,0,"0","0",0,0,0,0
1700,"generic_intersection_drug_event","Lenalidomide + Deep Vein Thrombosis (DVT) (anch. drug start) (TAR=30)","Lenalidomide + Deep Vein Thrombosis (DVT) (anch. drug start) (TAR=30)",0,0,0,"0","0",0,117,1307,30
2435,"generic_intersection_drug_event","Lenalidomide + Deep Vein Thrombosis (DVT) (anch. drug start) (TAR=90)","Lenalidomide + Deep Vein Thrombosis (DVT) (anch. drug start) (TAR=90)",0,0,0,"0","0",0,334,1307,90
3170,"generic_intersection_drug_event","Lenalidomide + Deep Vein Thrombosis (DVT) (anch. drug start) (TAR=365)","Lenalidomide + Deep Vein Thrombosis (DVT) (anch. drug start) (TAR=365)",0,0,0,"0","0",0,551,1307,365
3905,"generic_intersection_drug_event2","Lenalidomide + Deep Vein Thrombosis (DVT) (anch. event start) (TAR=30)","Lenalidomide + Deep Vein Thrombosis (DVT) (anch. event start) (TAR=30)",0,0,0,"0","0",0,117,1307,30
4640,"generic_intersection_drug_event2","Lenalidomide + Deep Vein Thrombosis (DVT) (anch. event start) (TAR=90)","Lenalidomide + Deep Vein Thrombosis (DVT) (anch. event start) (TAR=90)",0,0,0,"0","0",0,334,1307,90
5375,"generic_intersection_drug_event2","Lenalidomide + Deep Vein Thrombosis (DVT) (anch. event start) (TAR=365)","Lenalidomide + Deep Vein Thrombosis (DVT) (anch. event start) (TAR=365)",0,0,0,"0","0",0,551,1307,365
