"cohortId","name","cohortName","logicDescription","phenotypeId","atlasId","concept_id","concept_name","concept_code","matching_drug_cohort_id","intersection_drug","intersection_event","fixed_TAR"
87,"generic_target_drug_cohort","Fluorouracil (TAR=30)","Fluorouracil (TAR=30)",0,0,955632,"Fluorouracil","4492",0,0,0,30
304,"generic_target_drug_cohort","Fluorouracil (TAR=90)","Fluorouracil (TAR=90)",0,0,955632,"Fluorouracil","4492",0,0,0,90
521,"generic_target_drug_cohort","Fluorouracil (TAR=365)","Fluorouracil (TAR=365)",0,0,955632,"Fluorouracil","4492",0,0,0,365
738,"generic_comparator_drug_cohort","All drugs (matched to Fluorouracil) (TAR=30)","All drugs (matched to Fluorouracil) (TAR=30)",0,0,0,"0","0",87,0,0,30
955,"generic_comparator_drug_cohort","All drugs (matched to Fluorouracil) (TAR=90)","All drugs (matched to Fluorouracil) (TAR=90)",0,0,0,"0","0",304,0,0,90
1172,"generic_comparator_drug_cohort","All drugs (matched to Fluorouracil) (TAR=365)","All drugs (matched to Fluorouracil) (TAR=365)",0,0,0,"0","0",521,0,0,365
1312,"335","Immune Thrombocytopenia (ITP)","Immune Thrombocytopenia (ITP)",335,0,0,"0","0",0,0,0,0
1611,"generic_intersection_drug_event","Fluorouracil + Immune Thrombocytopenia (ITP) (anch. drug start) (TAR=30)","Fluorouracil + Immune Thrombocytopenia (ITP) (anch. drug start) (TAR=30)",0,0,0,"0","0",0,87,1312,30
2346,"generic_intersection_drug_event","Fluorouracil + Immune Thrombocytopenia (ITP) (anch. drug start) (TAR=90)","Fluorouracil + Immune Thrombocytopenia (ITP) (anch. drug start) (TAR=90)",0,0,0,"0","0",0,304,1312,90
3081,"generic_intersection_drug_event","Fluorouracil + Immune Thrombocytopenia (ITP) (anch. drug start) (TAR=365)","Fluorouracil + Immune Thrombocytopenia (ITP) (anch. drug start) (TAR=365)",0,0,0,"0","0",0,521,1312,365
3816,"generic_intersection_drug_event2","Fluorouracil + Immune Thrombocytopenia (ITP) (anch. event start) (TAR=30)","Fluorouracil + Immune Thrombocytopenia (ITP) (anch. event start) (TAR=30)",0,0,0,"0","0",0,87,1312,30
4551,"generic_intersection_drug_event2","Fluorouracil + Immune Thrombocytopenia (ITP) (anch. event start) (TAR=90)","Fluorouracil + Immune Thrombocytopenia (ITP) (anch. event start) (TAR=90)",0,0,0,"0","0",0,304,1312,90
5286,"generic_intersection_drug_event2","Fluorouracil + Immune Thrombocytopenia (ITP) (anch. event start) (TAR=365)","Fluorouracil + Immune Thrombocytopenia (ITP) (anch. event start) (TAR=365)",0,0,0,"0","0",0,521,1312,365
