"cohortId","name","cohortName","logicDescription","phenotypeId","atlasId","concept_id","concept_name","concept_code","matching_drug_cohort_id","intersection_drug","intersection_event","fixed_TAR"
173,"generic_target_drug_cohort","Prednisone (TAR=30)","Prednisone (TAR=30)",0,0,1551099,"Prednisone","8640",0,0,0,30
390,"generic_target_drug_cohort","Prednisone (TAR=90)","Prednisone (TAR=90)",0,0,1551099,"Prednisone","8640",0,0,0,90
607,"generic_target_drug_cohort","Prednisone (TAR=365)","Prednisone (TAR=365)",0,0,1551099,"Prednisone","8640",0,0,0,365
824,"generic_comparator_drug_cohort","All drugs (matched to Prednisone) (TAR=30)","All drugs (matched to Prednisone) (TAR=30)",0,0,0,"0","0",173,0,0,30
1041,"generic_comparator_drug_cohort","All drugs (matched to Prednisone) (TAR=90)","All drugs (matched to Prednisone) (TAR=90)",0,0,0,"0","0",390,0,0,90
1258,"generic_comparator_drug_cohort","All drugs (matched to Prednisone) (TAR=365)","All drugs (matched to Prednisone) (TAR=365)",0,0,0,"0","0",607,0,0,365
1312,"335","Immune Thrombocytopenia (ITP)","Immune Thrombocytopenia (ITP)",335,0,0,"0","0",0,0,0,0
1895,"generic_intersection_drug_event","Prednisone + Immune Thrombocytopenia (ITP) (anch. drug start) (TAR=30)","Prednisone + Immune Thrombocytopenia (ITP) (anch. drug start) (TAR=30)",0,0,0,"0","0",0,173,1312,30
2630,"generic_intersection_drug_event","Prednisone + Immune Thrombocytopenia (ITP) (anch. drug start) (TAR=90)","Prednisone + Immune Thrombocytopenia (ITP) (anch. drug start) (TAR=90)",0,0,0,"0","0",0,390,1312,90
3365,"generic_intersection_drug_event","Prednisone + Immune Thrombocytopenia (ITP) (anch. drug start) (TAR=365)","Prednisone + Immune Thrombocytopenia (ITP) (anch. drug start) (TAR=365)",0,0,0,"0","0",0,607,1312,365
4100,"generic_intersection_drug_event2","Prednisone + Immune Thrombocytopenia (ITP) (anch. event start) (TAR=30)","Prednisone + Immune Thrombocytopenia (ITP) (anch. event start) (TAR=30)",0,0,0,"0","0",0,173,1312,30
4835,"generic_intersection_drug_event2","Prednisone + Immune Thrombocytopenia (ITP) (anch. event start) (TAR=90)","Prednisone + Immune Thrombocytopenia (ITP) (anch. event start) (TAR=90)",0,0,0,"0","0",0,390,1312,90
5570,"generic_intersection_drug_event2","Prednisone + Immune Thrombocytopenia (ITP) (anch. event start) (TAR=365)","Prednisone + Immune Thrombocytopenia (ITP) (anch. event start) (TAR=365)",0,0,0,"0","0",0,607,1312,365
