"cohortId","name","cohortName","logicDescription","phenotypeId","atlasId","concept_id","concept_name","concept_code","matching_drug_cohort_id","intersection_drug","intersection_event","fixed_TAR"
4,"generic_target_drug_cohort","Allopurinol (TAR=30)","Allopurinol (TAR=30)",0,0,1167322,"Allopurinol","519",0,0,0,30
221,"generic_target_drug_cohort","Allopurinol (TAR=90)","Allopurinol (TAR=90)",0,0,1167322,"Allopurinol","519",0,0,0,90
438,"generic_target_drug_cohort","Allopurinol (TAR=365)","Allopurinol (TAR=365)",0,0,1167322,"Allopurinol","519",0,0,0,365
655,"generic_comparator_drug_cohort","All drugs (matched to Allopurinol) (TAR=30)","All drugs (matched to Allopurinol) (TAR=30)",0,0,0,"0","0",4,0,0,30
872,"generic_comparator_drug_cohort","All drugs (matched to Allopurinol) (TAR=90)","All drugs (matched to Allopurinol) (TAR=90)",0,0,0,"0","0",221,0,0,90
1089,"generic_comparator_drug_cohort","All drugs (matched to Allopurinol) (TAR=365)","All drugs (matched to Allopurinol) (TAR=365)",0,0,0,"0","0",438,0,0,365
1312,"335","Immune Thrombocytopenia (ITP)","Immune Thrombocytopenia (ITP)",335,0,0,"0","0",0,0,0,0
1325,"generic_intersection_drug_event","Allopurinol + Immune Thrombocytopenia (ITP) (anch. drug start) (TAR=30)","Allopurinol + Immune Thrombocytopenia (ITP) (anch. drug start) (TAR=30)",0,0,0,"0","0",0,4,1312,30
2060,"generic_intersection_drug_event","Allopurinol + Immune Thrombocytopenia (ITP) (anch. drug start) (TAR=90)","Allopurinol + Immune Thrombocytopenia (ITP) (anch. drug start) (TAR=90)",0,0,0,"0","0",0,221,1312,90
2795,"generic_intersection_drug_event","Allopurinol + Immune Thrombocytopenia (ITP) (anch. drug start) (TAR=365)","Allopurinol + Immune Thrombocytopenia (ITP) (anch. drug start) (TAR=365)",0,0,0,"0","0",0,438,1312,365
3530,"generic_intersection_drug_event2","Allopurinol + Immune Thrombocytopenia (ITP) (anch. event start) (TAR=30)","Allopurinol + Immune Thrombocytopenia (ITP) (anch. event start) (TAR=30)",0,0,0,"0","0",0,4,1312,30
4265,"generic_intersection_drug_event2","Allopurinol + Immune Thrombocytopenia (ITP) (anch. event start) (TAR=90)","Allopurinol + Immune Thrombocytopenia (ITP) (anch. event start) (TAR=90)",0,0,0,"0","0",0,221,1312,90
5000,"generic_intersection_drug_event2","Allopurinol + Immune Thrombocytopenia (ITP) (anch. event start) (TAR=365)","Allopurinol + Immune Thrombocytopenia (ITP) (anch. event start) (TAR=365)",0,0,0,"0","0",0,438,1312,365
