"cohortId","name","cohortName","logicDescription","phenotypeId","atlasId","concept_id","concept_name","concept_code","matching_drug_cohort_id","intersection_drug","intersection_event","fixed_TAR"
204,"generic_target_drug_cohort","Testosterone (TAR=30)","Testosterone (TAR=30)",0,0,1636780,"Testosterone","10379",0,0,0,30
421,"generic_target_drug_cohort","Testosterone (TAR=90)","Testosterone (TAR=90)",0,0,1636780,"Testosterone","10379",0,0,0,90
638,"generic_target_drug_cohort","Testosterone (TAR=365)","Testosterone (TAR=365)",0,0,1636780,"Testosterone","10379",0,0,0,365
855,"generic_comparator_drug_cohort","All drugs (matched to Testosterone) (TAR=30)","All drugs (matched to Testosterone) (TAR=30)",0,0,0,"0","0",204,0,0,30
1072,"generic_comparator_drug_cohort","All drugs (matched to Testosterone) (TAR=90)","All drugs (matched to Testosterone) (TAR=90)",0,0,0,"0","0",421,0,0,90
1289,"generic_comparator_drug_cohort","All drugs (matched to Testosterone) (TAR=365)","All drugs (matched to Testosterone) (TAR=365)",0,0,0,"0","0",638,0,0,365
1304,"349","Anaphylaxis","Anaphylaxis",349,0,0,"0","0",0,0,0,0
2005,"generic_intersection_drug_event","Testosterone + Anaphylaxis (anch. drug start) (TAR=30)","Testosterone + Anaphylaxis (anch. drug start) (TAR=30)",0,0,0,"0","0",0,204,1304,30
2740,"generic_intersection_drug_event","Testosterone + Anaphylaxis (anch. drug start) (TAR=90)","Testosterone + Anaphylaxis (anch. drug start) (TAR=90)",0,0,0,"0","0",0,421,1304,90
3475,"generic_intersection_drug_event","Testosterone + Anaphylaxis (anch. drug start) (TAR=365)","Testosterone + Anaphylaxis (anch. drug start) (TAR=365)",0,0,0,"0","0",0,638,1304,365
4210,"generic_intersection_drug_event2","Testosterone + Anaphylaxis (anch. event start) (TAR=30)","Testosterone + Anaphylaxis (anch. event start) (TAR=30)",0,0,0,"0","0",0,204,1304,30
4945,"generic_intersection_drug_event2","Testosterone + Anaphylaxis (anch. event start) (TAR=90)","Testosterone + Anaphylaxis (anch. event start) (TAR=90)",0,0,0,"0","0",0,421,1304,90
5680,"generic_intersection_drug_event2","Testosterone + Anaphylaxis (anch. event start) (TAR=365)","Testosterone + Anaphylaxis (anch. event start) (TAR=365)",0,0,0,"0","0",0,638,1304,365
