"cohortId","name","cohortName","logicDescription","phenotypeId","atlasId","concept_id","concept_name","concept_code","matching_drug_cohort_id","intersection_drug","intersection_event","fixed_TAR"
175,"generic_target_drug_cohort","Progesterone (TAR=30)","Progesterone (TAR=30)",0,0,1552310,"Progesterone","8727",0,0,0,30
392,"generic_target_drug_cohort","Progesterone (TAR=90)","Progesterone (TAR=90)",0,0,1552310,"Progesterone","8727",0,0,0,90
609,"generic_target_drug_cohort","Progesterone (TAR=365)","Progesterone (TAR=365)",0,0,1552310,"Progesterone","8727",0,0,0,365
826,"generic_comparator_drug_cohort","All drugs (matched to Progesterone) (TAR=30)","All drugs (matched to Progesterone) (TAR=30)",0,0,0,"0","0",175,0,0,30
1043,"generic_comparator_drug_cohort","All drugs (matched to Progesterone) (TAR=90)","All drugs (matched to Progesterone) (TAR=90)",0,0,0,"0","0",392,0,0,90
1260,"generic_comparator_drug_cohort","All drugs (matched to Progesterone) (TAR=365)","All drugs (matched to Progesterone) (TAR=365)",0,0,0,"0","0",609,0,0,365
1307,"402","Deep Vein Thrombosis (DVT)","Deep Vein Thrombosis (DVT)",402,0,0,"0","0",0,0,0,0
1904,"generic_intersection_drug_event","Progesterone + Deep Vein Thrombosis (DVT) (anch. drug start) (TAR=30)","Progesterone + Deep Vein Thrombosis (DVT) (anch. drug start) (TAR=30)",0,0,0,"0","0",0,175,1307,30
2639,"generic_intersection_drug_event","Progesterone + Deep Vein Thrombosis (DVT) (anch. drug start) (TAR=90)","Progesterone + Deep Vein Thrombosis (DVT) (anch. drug start) (TAR=90)",0,0,0,"0","0",0,392,1307,90
3374,"generic_intersection_drug_event","Progesterone + Deep Vein Thrombosis (DVT) (anch. drug start) (TAR=365)","Progesterone + Deep Vein Thrombosis (DVT) (anch. drug start) (TAR=365)",0,0,0,"0","0",0,609,1307,365
4109,"generic_intersection_drug_event2","Progesterone + Deep Vein Thrombosis (DVT) (anch. event start) (TAR=30)","Progesterone + Deep Vein Thrombosis (DVT) (anch. event start) (TAR=30)",0,0,0,"0","0",0,175,1307,30
4844,"generic_intersection_drug_event2","Progesterone + Deep Vein Thrombosis (DVT) (anch. event start) (TAR=90)","Progesterone + Deep Vein Thrombosis (DVT) (anch. event start) (TAR=90)",0,0,0,"0","0",0,392,1307,90
5579,"generic_intersection_drug_event2","Progesterone + Deep Vein Thrombosis (DVT) (anch. event start) (TAR=365)","Progesterone + Deep Vein Thrombosis (DVT) (anch. event start) (TAR=365)",0,0,0,"0","0",0,609,1307,365
