"cohortId","name","cohortName","logicDescription","phenotypeId","atlasId","concept_id","concept_name","concept_code","matching_drug_cohort_id","intersection_drug","intersection_event","fixed_TAR"
54,"generic_target_drug_cohort","Dapagliflozin (TAR=30)","Dapagliflozin (TAR=30)",0,0,44785829,"dapagliflozin","1488564",0,0,0,30
271,"generic_target_drug_cohort","Dapagliflozin (TAR=90)","Dapagliflozin (TAR=90)",0,0,44785829,"dapagliflozin","1488564",0,0,0,90
488,"generic_target_drug_cohort","Dapagliflozin (TAR=365)","Dapagliflozin (TAR=365)",0,0,44785829,"dapagliflozin","1488564",0,0,0,365
705,"generic_comparator_drug_cohort","All drugs (matched to Dapagliflozin) (TAR=30)","All drugs (matched to Dapagliflozin) (TAR=30)",0,0,0,"0","0",54,0,0,30
922,"generic_comparator_drug_cohort","All drugs (matched to Dapagliflozin) (TAR=90)","All drugs (matched to Dapagliflozin) (TAR=90)",0,0,0,"0","0",271,0,0,90
1139,"generic_comparator_drug_cohort","All drugs (matched to Dapagliflozin) (TAR=365)","All drugs (matched to Dapagliflozin) (TAR=365)",0,0,0,"0","0",488,0,0,365
1303,"340","Acute Myocardial Infarction","Acute Myocardial Infarction",340,0,0,"0","0",0,0,0,0
1505,"generic_intersection_drug_event","Dapagliflozin + Acute Myocardial Infarction (anch. drug start) (TAR=30)","Dapagliflozin + Acute Myocardial Infarction (anch. drug start) (TAR=30)",0,0,0,"0","0",0,54,1303,30
2240,"generic_intersection_drug_event","Dapagliflozin + Acute Myocardial Infarction (anch. drug start) (TAR=90)","Dapagliflozin + Acute Myocardial Infarction (anch. drug start) (TAR=90)",0,0,0,"0","0",0,271,1303,90
2975,"generic_intersection_drug_event","Dapagliflozin + Acute Myocardial Infarction (anch. drug start) (TAR=365)","Dapagliflozin + Acute Myocardial Infarction (anch. drug start) (TAR=365)",0,0,0,"0","0",0,488,1303,365
3710,"generic_intersection_drug_event2","Dapagliflozin + Acute Myocardial Infarction (anch. event start) (TAR=30)","Dapagliflozin + Acute Myocardial Infarction (anch. event start) (TAR=30)",0,0,0,"0","0",0,54,1303,30
4445,"generic_intersection_drug_event2","Dapagliflozin + Acute Myocardial Infarction (anch. event start) (TAR=90)","Dapagliflozin + Acute Myocardial Infarction (anch. event start) (TAR=90)",0,0,0,"0","0",0,271,1303,90
5180,"generic_intersection_drug_event2","Dapagliflozin + Acute Myocardial Infarction (anch. event start) (TAR=365)","Dapagliflozin + Acute Myocardial Infarction (anch. event start) (TAR=365)",0,0,0,"0","0",0,488,1303,365
