"cohortId","name","cohortName","logicDescription","phenotypeId","atlasId","concept_id","concept_name","concept_code","matching_drug_cohort_id","intersection_drug","intersection_event","fixed_TAR"
84,"generic_target_drug_cohort","Fingolimod (TAR=30)","Fingolimod (TAR=30)",0,0,40226579,"fingolimod","1012892",0,0,0,30
301,"generic_target_drug_cohort","Fingolimod (TAR=90)","Fingolimod (TAR=90)",0,0,40226579,"fingolimod","1012892",0,0,0,90
518,"generic_target_drug_cohort","Fingolimod (TAR=365)","Fingolimod (TAR=365)",0,0,40226579,"fingolimod","1012892",0,0,0,365
735,"generic_comparator_drug_cohort","All drugs (matched to Fingolimod) (TAR=30)","All drugs (matched to Fingolimod) (TAR=30)",0,0,0,"0","0",84,0,0,30
952,"generic_comparator_drug_cohort","All drugs (matched to Fingolimod) (TAR=90)","All drugs (matched to Fingolimod) (TAR=90)",0,0,0,"0","0",301,0,0,90
1169,"generic_comparator_drug_cohort","All drugs (matched to Fingolimod) (TAR=365)","All drugs (matched to Fingolimod) (TAR=365)",0,0,0,"0","0",518,0,0,365
1306,"347","Bells Palsy","Bells Palsy",347,0,0,"0","0",0,0,0,0
1594,"generic_intersection_drug_event","Fingolimod + Bells Palsy (anch. drug start) (TAR=30)","Fingolimod + Bells Palsy (anch. drug start) (TAR=30)",0,0,0,"0","0",0,84,1306,30
2329,"generic_intersection_drug_event","Fingolimod + Bells Palsy (anch. drug start) (TAR=90)","Fingolimod + Bells Palsy (anch. drug start) (TAR=90)",0,0,0,"0","0",0,301,1306,90
3064,"generic_intersection_drug_event","Fingolimod + Bells Palsy (anch. drug start) (TAR=365)","Fingolimod + Bells Palsy (anch. drug start) (TAR=365)",0,0,0,"0","0",0,518,1306,365
3799,"generic_intersection_drug_event2","Fingolimod + Bells Palsy (anch. event start) (TAR=30)","Fingolimod + Bells Palsy (anch. event start) (TAR=30)",0,0,0,"0","0",0,84,1306,30
4534,"generic_intersection_drug_event2","Fingolimod + Bells Palsy (anch. event start) (TAR=90)","Fingolimod + Bells Palsy (anch. event start) (TAR=90)",0,0,0,"0","0",0,301,1306,90
5269,"generic_intersection_drug_event2","Fingolimod + Bells Palsy (anch. event start) (TAR=365)","Fingolimod + Bells Palsy (anch. event start) (TAR=365)",0,0,0,"0","0",0,518,1306,365
