"cohortId","name","cohortName","logicDescription","phenotypeId","atlasId","concept_id","concept_name","concept_code","matching_drug_cohort_id","intersection_drug","intersection_event","fixed_TAR"
162,"generic_target_drug_cohort","Paliperidone (TAR=30)","Paliperidone (TAR=30)",0,0,703244,"paliperidone","679314",0,0,0,30
379,"generic_target_drug_cohort","Paliperidone (TAR=90)","Paliperidone (TAR=90)",0,0,703244,"paliperidone","679314",0,0,0,90
596,"generic_target_drug_cohort","Paliperidone (TAR=365)","Paliperidone (TAR=365)",0,0,703244,"paliperidone","679314",0,0,0,365
813,"generic_comparator_drug_cohort","All drugs (matched to Paliperidone) (TAR=30)","All drugs (matched to Paliperidone) (TAR=30)",0,0,0,"0","0",162,0,0,30
1030,"generic_comparator_drug_cohort","All drugs (matched to Paliperidone) (TAR=90)","All drugs (matched to Paliperidone) (TAR=90)",0,0,0,"0","0",379,0,0,90
1247,"generic_comparator_drug_cohort","All drugs (matched to Paliperidone) (TAR=365)","All drugs (matched to Paliperidone) (TAR=365)",0,0,0,"0","0",596,0,0,365
1307,"402","Deep Vein Thrombosis (DVT)","Deep Vein Thrombosis (DVT)",402,0,0,"0","0",0,0,0,0
1856,"generic_intersection_drug_event","Paliperidone + Deep Vein Thrombosis (DVT) (anch. drug start) (TAR=30)","Paliperidone + Deep Vein Thrombosis (DVT) (anch. drug start) (TAR=30)",0,0,0,"0","0",0,162,1307,30
2591,"generic_intersection_drug_event","Paliperidone + Deep Vein Thrombosis (DVT) (anch. drug start) (TAR=90)","Paliperidone + Deep Vein Thrombosis (DVT) (anch. drug start) (TAR=90)",0,0,0,"0","0",0,379,1307,90
3326,"generic_intersection_drug_event","Paliperidone + Deep Vein Thrombosis (DVT) (anch. drug start) (TAR=365)","Paliperidone + Deep Vein Thrombosis (DVT) (anch. drug start) (TAR=365)",0,0,0,"0","0",0,596,1307,365
4061,"generic_intersection_drug_event2","Paliperidone + Deep Vein Thrombosis (DVT) (anch. event start) (TAR=30)","Paliperidone + Deep Vein Thrombosis (DVT) (anch. event start) (TAR=30)",0,0,0,"0","0",0,162,1307,30
4796,"generic_intersection_drug_event2","Paliperidone + Deep Vein Thrombosis (DVT) (anch. event start) (TAR=90)","Paliperidone + Deep Vein Thrombosis (DVT) (anch. event start) (TAR=90)",0,0,0,"0","0",0,379,1307,90
5531,"generic_intersection_drug_event2","Paliperidone + Deep Vein Thrombosis (DVT) (anch. event start) (TAR=365)","Paliperidone + Deep Vein Thrombosis (DVT) (anch. event start) (TAR=365)",0,0,0,"0","0",0,596,1307,365
