"cohortId","name","cohortName","logicDescription","phenotypeId","atlasId","concept_id","concept_name","concept_code","matching_drug_cohort_id","intersection_drug","intersection_event","fixed_TAR"
185,"generic_target_drug_cohort","Rivaroxaban (TAR=30)","Rivaroxaban (TAR=30)",0,0,40241331,"rivaroxaban","1114195",0,0,0,30
402,"generic_target_drug_cohort","Rivaroxaban (TAR=90)","Rivaroxaban (TAR=90)",0,0,40241331,"rivaroxaban","1114195",0,0,0,90
619,"generic_target_drug_cohort","Rivaroxaban (TAR=365)","Rivaroxaban (TAR=365)",0,0,40241331,"rivaroxaban","1114195",0,0,0,365
836,"generic_comparator_drug_cohort","All drugs (matched to Rivaroxaban) (TAR=30)","All drugs (matched to Rivaroxaban) (TAR=30)",0,0,0,"0","0",185,0,0,30
1053,"generic_comparator_drug_cohort","All drugs (matched to Rivaroxaban) (TAR=90)","All drugs (matched to Rivaroxaban) (TAR=90)",0,0,0,"0","0",402,0,0,90
1270,"generic_comparator_drug_cohort","All drugs (matched to Rivaroxaban) (TAR=365)","All drugs (matched to Rivaroxaban) (TAR=365)",0,0,0,"0","0",619,0,0,365
1308,"385","Disseminated Intravascular Coagulation","Disseminated Intravascular Coagulation",385,0,0,"0","0",0,0,0,0
1937,"generic_intersection_drug_event","Rivaroxaban + Disseminated Intravascular Coagulation (anch. drug start) (TAR=30)","Rivaroxaban + Disseminated Intravascular Coagulation (anch. drug start) (TAR=30)",0,0,0,"0","0",0,185,1308,30
2672,"generic_intersection_drug_event","Rivaroxaban + Disseminated Intravascular Coagulation (anch. drug start) (TAR=90)","Rivaroxaban + Disseminated Intravascular Coagulation (anch. drug start) (TAR=90)",0,0,0,"0","0",0,402,1308,90
3407,"generic_intersection_drug_event","Rivaroxaban + Disseminated Intravascular Coagulation (anch. drug start) (TAR=365)","Rivaroxaban + Disseminated Intravascular Coagulation (anch. drug start) (TAR=365)",0,0,0,"0","0",0,619,1308,365
4142,"generic_intersection_drug_event2","Rivaroxaban + Disseminated Intravascular Coagulation (anch. event start) (TAR=30)","Rivaroxaban + Disseminated Intravascular Coagulation (anch. event start) (TAR=30)",0,0,0,"0","0",0,185,1308,30
4877,"generic_intersection_drug_event2","Rivaroxaban + Disseminated Intravascular Coagulation (anch. event start) (TAR=90)","Rivaroxaban + Disseminated Intravascular Coagulation (anch. event start) (TAR=90)",0,0,0,"0","0",0,402,1308,90
5612,"generic_intersection_drug_event2","Rivaroxaban + Disseminated Intravascular Coagulation (anch. event start) (TAR=365)","Rivaroxaban + Disseminated Intravascular Coagulation (anch. event start) (TAR=365)",0,0,0,"0","0",0,619,1308,365
