"cohortId","name","cohortName","logicDescription","phenotypeId","atlasId","concept_id","concept_name","concept_code","matching_drug_cohort_id","intersection_drug","intersection_event","fixed_TAR"
129,"generic_target_drug_cohort","Melphalan (TAR=30)","Melphalan (TAR=30)",0,0,1301267,"Melphalan","6718",0,0,0,30
346,"generic_target_drug_cohort","Melphalan (TAR=90)","Melphalan (TAR=90)",0,0,1301267,"Melphalan","6718",0,0,0,90
563,"generic_target_drug_cohort","Melphalan (TAR=365)","Melphalan (TAR=365)",0,0,1301267,"Melphalan","6718",0,0,0,365
780,"generic_comparator_drug_cohort","All drugs (matched to Melphalan) (TAR=30)","All drugs (matched to Melphalan) (TAR=30)",0,0,0,"0","0",129,0,0,30
997,"generic_comparator_drug_cohort","All drugs (matched to Melphalan) (TAR=90)","All drugs (matched to Melphalan) (TAR=90)",0,0,0,"0","0",346,0,0,90
1214,"generic_comparator_drug_cohort","All drugs (matched to Melphalan) (TAR=365)","All drugs (matched to Melphalan) (TAR=365)",0,0,0,"0","0",563,0,0,365
1316,"411","Pulmonary Embolism","Pulmonary Embolism",411,0,0,"0","0",0,0,0,0
1743,"generic_intersection_drug_event","Melphalan + Pulmonary Embolism (anch. drug start) (TAR=30)","Melphalan + Pulmonary Embolism (anch. drug start) (TAR=30)",0,0,0,"0","0",0,129,1316,30
2478,"generic_intersection_drug_event","Melphalan + Pulmonary Embolism (anch. drug start) (TAR=90)","Melphalan + Pulmonary Embolism (anch. drug start) (TAR=90)",0,0,0,"0","0",0,346,1316,90
3213,"generic_intersection_drug_event","Melphalan + Pulmonary Embolism (anch. drug start) (TAR=365)","Melphalan + Pulmonary Embolism (anch. drug start) (TAR=365)",0,0,0,"0","0",0,563,1316,365
3948,"generic_intersection_drug_event2","Melphalan + Pulmonary Embolism (anch. event start) (TAR=30)","Melphalan + Pulmonary Embolism (anch. event start) (TAR=30)",0,0,0,"0","0",0,129,1316,30
4683,"generic_intersection_drug_event2","Melphalan + Pulmonary Embolism (anch. event start) (TAR=90)","Melphalan + Pulmonary Embolism (anch. event start) (TAR=90)",0,0,0,"0","0",0,346,1316,90
5418,"generic_intersection_drug_event2","Melphalan + Pulmonary Embolism (anch. event start) (TAR=365)","Melphalan + Pulmonary Embolism (anch. event start) (TAR=365)",0,0,0,"0","0",0,563,1316,365
