"cohortId","name","cohortName","logicDescription","phenotypeId","atlasId","concept_id","concept_name","concept_code","matching_drug_cohort_id","intersection_drug","intersection_event","fixed_TAR"
56,"generic_target_drug_cohort","Dasatinib (TAR=30)","Dasatinib (TAR=30)",0,0,1358436,"dasatinib","475342",0,0,0,30
273,"generic_target_drug_cohort","Dasatinib (TAR=90)","Dasatinib (TAR=90)",0,0,1358436,"dasatinib","475342",0,0,0,90
490,"generic_target_drug_cohort","Dasatinib (TAR=365)","Dasatinib (TAR=365)",0,0,1358436,"dasatinib","475342",0,0,0,365
707,"generic_comparator_drug_cohort","All drugs (matched to Dasatinib) (TAR=30)","All drugs (matched to Dasatinib) (TAR=30)",0,0,0,"0","0",56,0,0,30
924,"generic_comparator_drug_cohort","All drugs (matched to Dasatinib) (TAR=90)","All drugs (matched to Dasatinib) (TAR=90)",0,0,0,"0","0",273,0,0,90
1141,"generic_comparator_drug_cohort","All drugs (matched to Dasatinib) (TAR=365)","All drugs (matched to Dasatinib) (TAR=365)",0,0,0,"0","0",490,0,0,365
1311,"405","Hemorrhagic Stroke","Hemorrhagic Stroke",405,0,0,"0","0",0,0,0,0
1509,"generic_intersection_drug_event","Dasatinib + Hemorrhagic Stroke (anch. drug start) (TAR=30)","Dasatinib + Hemorrhagic Stroke (anch. drug start) (TAR=30)",0,0,0,"0","0",0,56,1311,30
2244,"generic_intersection_drug_event","Dasatinib + Hemorrhagic Stroke (anch. drug start) (TAR=90)","Dasatinib + Hemorrhagic Stroke (anch. drug start) (TAR=90)",0,0,0,"0","0",0,273,1311,90
2979,"generic_intersection_drug_event","Dasatinib + Hemorrhagic Stroke (anch. drug start) (TAR=365)","Dasatinib + Hemorrhagic Stroke (anch. drug start) (TAR=365)",0,0,0,"0","0",0,490,1311,365
3714,"generic_intersection_drug_event2","Dasatinib + Hemorrhagic Stroke (anch. event start) (TAR=30)","Dasatinib + Hemorrhagic Stroke (anch. event start) (TAR=30)",0,0,0,"0","0",0,56,1311,30
4449,"generic_intersection_drug_event2","Dasatinib + Hemorrhagic Stroke (anch. event start) (TAR=90)","Dasatinib + Hemorrhagic Stroke (anch. event start) (TAR=90)",0,0,0,"0","0",0,273,1311,90
5184,"generic_intersection_drug_event2","Dasatinib + Hemorrhagic Stroke (anch. event start) (TAR=365)","Dasatinib + Hemorrhagic Stroke (anch. event start) (TAR=365)",0,0,0,"0","0",0,490,1311,365
