"cohortId","name","cohortName","logicDescription","phenotypeId","atlasId","concept_id","concept_name","concept_code","matching_drug_cohort_id","intersection_drug","intersection_event","fixed_TAR"
198,"generic_target_drug_cohort","Sunitinib (TAR=30)","Sunitinib (TAR=30)",0,0,1336539,"sunitinib","357977",0,0,0,30
415,"generic_target_drug_cohort","Sunitinib (TAR=90)","Sunitinib (TAR=90)",0,0,1336539,"sunitinib","357977",0,0,0,90
632,"generic_target_drug_cohort","Sunitinib (TAR=365)","Sunitinib (TAR=365)",0,0,1336539,"sunitinib","357977",0,0,0,365
849,"generic_comparator_drug_cohort","All drugs (matched to Sunitinib) (TAR=30)","All drugs (matched to Sunitinib) (TAR=30)",0,0,0,"0","0",198,0,0,30
1066,"generic_comparator_drug_cohort","All drugs (matched to Sunitinib) (TAR=90)","All drugs (matched to Sunitinib) (TAR=90)",0,0,0,"0","0",415,0,0,90
1283,"generic_comparator_drug_cohort","All drugs (matched to Sunitinib) (TAR=365)","All drugs (matched to Sunitinib) (TAR=365)",0,0,0,"0","0",632,0,0,365
1312,"335","Immune Thrombocytopenia (ITP)","Immune Thrombocytopenia (ITP)",335,0,0,"0","0",0,0,0,0
1977,"generic_intersection_drug_event","Sunitinib + Immune Thrombocytopenia (ITP) (anch. drug start) (TAR=30)","Sunitinib + Immune Thrombocytopenia (ITP) (anch. drug start) (TAR=30)",0,0,0,"0","0",0,198,1312,30
2712,"generic_intersection_drug_event","Sunitinib + Immune Thrombocytopenia (ITP) (anch. drug start) (TAR=90)","Sunitinib + Immune Thrombocytopenia (ITP) (anch. drug start) (TAR=90)",0,0,0,"0","0",0,415,1312,90
3447,"generic_intersection_drug_event","Sunitinib + Immune Thrombocytopenia (ITP) (anch. drug start) (TAR=365)","Sunitinib + Immune Thrombocytopenia (ITP) (anch. drug start) (TAR=365)",0,0,0,"0","0",0,632,1312,365
4182,"generic_intersection_drug_event2","Sunitinib + Immune Thrombocytopenia (ITP) (anch. event start) (TAR=30)","Sunitinib + Immune Thrombocytopenia (ITP) (anch. event start) (TAR=30)",0,0,0,"0","0",0,198,1312,30
4917,"generic_intersection_drug_event2","Sunitinib + Immune Thrombocytopenia (ITP) (anch. event start) (TAR=90)","Sunitinib + Immune Thrombocytopenia (ITP) (anch. event start) (TAR=90)",0,0,0,"0","0",0,415,1312,90
5652,"generic_intersection_drug_event2","Sunitinib + Immune Thrombocytopenia (ITP) (anch. event start) (TAR=365)","Sunitinib + Immune Thrombocytopenia (ITP) (anch. event start) (TAR=365)",0,0,0,"0","0",0,632,1312,365
