"cohortId","name","cohortName","logicDescription","phenotypeId","atlasId","concept_id","concept_name","concept_code","matching_drug_cohort_id","intersection_drug","intersection_event","fixed_TAR"
28,"generic_target_drug_cohort","Carfilzomib (TAR=30)","Carfilzomib (TAR=30)",0,0,42873638,"carfilzomib","1302966",0,0,0,30
245,"generic_target_drug_cohort","Carfilzomib (TAR=90)","Carfilzomib (TAR=90)",0,0,42873638,"carfilzomib","1302966",0,0,0,90
462,"generic_target_drug_cohort","Carfilzomib (TAR=365)","Carfilzomib (TAR=365)",0,0,42873638,"carfilzomib","1302966",0,0,0,365
679,"generic_comparator_drug_cohort","All drugs (matched to Carfilzomib) (TAR=30)","All drugs (matched to Carfilzomib) (TAR=30)",0,0,0,"0","0",28,0,0,30
896,"generic_comparator_drug_cohort","All drugs (matched to Carfilzomib) (TAR=90)","All drugs (matched to Carfilzomib) (TAR=90)",0,0,0,"0","0",245,0,0,90
1113,"generic_comparator_drug_cohort","All drugs (matched to Carfilzomib) (TAR=365)","All drugs (matched to Carfilzomib) (TAR=365)",0,0,0,"0","0",462,0,0,365
1303,"340","Acute Myocardial Infarction","Acute Myocardial Infarction",340,0,0,"0","0",0,0,0,0
1403,"generic_intersection_drug_event","Carfilzomib + Acute Myocardial Infarction (anch. drug start) (TAR=30)","Carfilzomib + Acute Myocardial Infarction (anch. drug start) (TAR=30)",0,0,0,"0","0",0,28,1303,30
2138,"generic_intersection_drug_event","Carfilzomib + Acute Myocardial Infarction (anch. drug start) (TAR=90)","Carfilzomib + Acute Myocardial Infarction (anch. drug start) (TAR=90)",0,0,0,"0","0",0,245,1303,90
2873,"generic_intersection_drug_event","Carfilzomib + Acute Myocardial Infarction (anch. drug start) (TAR=365)","Carfilzomib + Acute Myocardial Infarction (anch. drug start) (TAR=365)",0,0,0,"0","0",0,462,1303,365
3608,"generic_intersection_drug_event2","Carfilzomib + Acute Myocardial Infarction (anch. event start) (TAR=30)","Carfilzomib + Acute Myocardial Infarction (anch. event start) (TAR=30)",0,0,0,"0","0",0,28,1303,30
4343,"generic_intersection_drug_event2","Carfilzomib + Acute Myocardial Infarction (anch. event start) (TAR=90)","Carfilzomib + Acute Myocardial Infarction (anch. event start) (TAR=90)",0,0,0,"0","0",0,245,1303,90
5078,"generic_intersection_drug_event2","Carfilzomib + Acute Myocardial Infarction (anch. event start) (TAR=365)","Carfilzomib + Acute Myocardial Infarction (anch. event start) (TAR=365)",0,0,0,"0","0",0,462,1303,365
