"cohortId","name","cohortName","logicDescription","phenotypeId","atlasId","concept_id","concept_name","concept_code","matching_drug_cohort_id","intersection_drug","intersection_event","fixed_TAR"
134,"generic_target_drug_cohort","Methylphenidate (TAR=30)","Methylphenidate (TAR=30)",0,0,705944,"Methylphenidate","6901",0,0,0,30
351,"generic_target_drug_cohort","Methylphenidate (TAR=90)","Methylphenidate (TAR=90)",0,0,705944,"Methylphenidate","6901",0,0,0,90
568,"generic_target_drug_cohort","Methylphenidate (TAR=365)","Methylphenidate (TAR=365)",0,0,705944,"Methylphenidate","6901",0,0,0,365
785,"generic_comparator_drug_cohort","All drugs (matched to Methylphenidate) (TAR=30)","All drugs (matched to Methylphenidate) (TAR=30)",0,0,0,"0","0",134,0,0,30
1002,"generic_comparator_drug_cohort","All drugs (matched to Methylphenidate) (TAR=90)","All drugs (matched to Methylphenidate) (TAR=90)",0,0,0,"0","0",351,0,0,90
1219,"generic_comparator_drug_cohort","All drugs (matched to Methylphenidate) (TAR=365)","All drugs (matched to Methylphenidate) (TAR=365)",0,0,0,"0","0",568,0,0,365
1314,"345","Narcolepsy","Narcolepsy",345,0,0,"0","0",0,0,0,0
1764,"generic_intersection_drug_event","Methylphenidate + Narcolepsy (anch. drug start) (TAR=30)","Methylphenidate + Narcolepsy (anch. drug start) (TAR=30)",0,0,0,"0","0",0,134,1314,30
2499,"generic_intersection_drug_event","Methylphenidate + Narcolepsy (anch. drug start) (TAR=90)","Methylphenidate + Narcolepsy (anch. drug start) (TAR=90)",0,0,0,"0","0",0,351,1314,90
3234,"generic_intersection_drug_event","Methylphenidate + Narcolepsy (anch. drug start) (TAR=365)","Methylphenidate + Narcolepsy (anch. drug start) (TAR=365)",0,0,0,"0","0",0,568,1314,365
3969,"generic_intersection_drug_event2","Methylphenidate + Narcolepsy (anch. event start) (TAR=30)","Methylphenidate + Narcolepsy (anch. event start) (TAR=30)",0,0,0,"0","0",0,134,1314,30
4704,"generic_intersection_drug_event2","Methylphenidate + Narcolepsy (anch. event start) (TAR=90)","Methylphenidate + Narcolepsy (anch. event start) (TAR=90)",0,0,0,"0","0",0,351,1314,90
5439,"generic_intersection_drug_event2","Methylphenidate + Narcolepsy (anch. event start) (TAR=365)","Methylphenidate + Narcolepsy (anch. event start) (TAR=365)",0,0,0,"0","0",0,568,1314,365
