"cohortId","name","cohortName","logicDescription","phenotypeId","atlasId","concept_id","concept_name","concept_code","matching_drug_cohort_id","intersection_drug","intersection_event","fixed_TAR"
215,"generic_target_drug_cohort","Warfarin (TAR=30)","Warfarin (TAR=30)",0,0,1310149,"Warfarin","11289",0,0,0,30
432,"generic_target_drug_cohort","Warfarin (TAR=90)","Warfarin (TAR=90)",0,0,1310149,"Warfarin","11289",0,0,0,90
649,"generic_target_drug_cohort","Warfarin (TAR=365)","Warfarin (TAR=365)",0,0,1310149,"Warfarin","11289",0,0,0,365
866,"generic_comparator_drug_cohort","All drugs (matched to Warfarin) (TAR=30)","All drugs (matched to Warfarin) (TAR=30)",0,0,0,"0","0",215,0,0,30
1083,"generic_comparator_drug_cohort","All drugs (matched to Warfarin) (TAR=90)","All drugs (matched to Warfarin) (TAR=90)",0,0,0,"0","0",432,0,0,90
1300,"generic_comparator_drug_cohort","All drugs (matched to Warfarin) (TAR=365)","All drugs (matched to Warfarin) (TAR=365)",0,0,0,"0","0",649,0,0,365
1304,"349","Anaphylaxis","Anaphylaxis",349,0,0,"0","0",0,0,0,0
2040,"generic_intersection_drug_event","Warfarin + Anaphylaxis (anch. drug start) (TAR=30)","Warfarin + Anaphylaxis (anch. drug start) (TAR=30)",0,0,0,"0","0",0,215,1304,30
2775,"generic_intersection_drug_event","Warfarin + Anaphylaxis (anch. drug start) (TAR=90)","Warfarin + Anaphylaxis (anch. drug start) (TAR=90)",0,0,0,"0","0",0,432,1304,90
3510,"generic_intersection_drug_event","Warfarin + Anaphylaxis (anch. drug start) (TAR=365)","Warfarin + Anaphylaxis (anch. drug start) (TAR=365)",0,0,0,"0","0",0,649,1304,365
4245,"generic_intersection_drug_event2","Warfarin + Anaphylaxis (anch. event start) (TAR=30)","Warfarin + Anaphylaxis (anch. event start) (TAR=30)",0,0,0,"0","0",0,215,1304,30
4980,"generic_intersection_drug_event2","Warfarin + Anaphylaxis (anch. event start) (TAR=90)","Warfarin + Anaphylaxis (anch. event start) (TAR=90)",0,0,0,"0","0",0,432,1304,90
5715,"generic_intersection_drug_event2","Warfarin + Anaphylaxis (anch. event start) (TAR=365)","Warfarin + Anaphylaxis (anch. event start) (TAR=365)",0,0,0,"0","0",0,649,1304,365
