"cohortId","name","cohortName","logicDescription","phenotypeId","atlasId","concept_id","concept_name","concept_code","matching_drug_cohort_id","intersection_drug","intersection_event","fixed_TAR"
38,"generic_target_drug_cohort","Chlorpromazine (TAR=30)","Chlorpromazine (TAR=30)",0,0,794852,"Chlorpromazine","2403",0,0,0,30
255,"generic_target_drug_cohort","Chlorpromazine (TAR=90)","Chlorpromazine (TAR=90)",0,0,794852,"Chlorpromazine","2403",0,0,0,90
472,"generic_target_drug_cohort","Chlorpromazine (TAR=365)","Chlorpromazine (TAR=365)",0,0,794852,"Chlorpromazine","2403",0,0,0,365
689,"generic_comparator_drug_cohort","All drugs (matched to Chlorpromazine) (TAR=30)","All drugs (matched to Chlorpromazine) (TAR=30)",0,0,0,"0","0",38,0,0,30
906,"generic_comparator_drug_cohort","All drugs (matched to Chlorpromazine) (TAR=90)","All drugs (matched to Chlorpromazine) (TAR=90)",0,0,0,"0","0",255,0,0,90
1123,"generic_comparator_drug_cohort","All drugs (matched to Chlorpromazine) (TAR=365)","All drugs (matched to Chlorpromazine) (TAR=365)",0,0,0,"0","0",472,0,0,365
1314,"345","Narcolepsy","Narcolepsy",345,0,0,"0","0",0,0,0,0
1433,"generic_intersection_drug_event","Chlorpromazine + Narcolepsy (anch. drug start) (TAR=30)","Chlorpromazine + Narcolepsy (anch. drug start) (TAR=30)",0,0,0,"0","0",0,38,1314,30
2168,"generic_intersection_drug_event","Chlorpromazine + Narcolepsy (anch. drug start) (TAR=90)","Chlorpromazine + Narcolepsy (anch. drug start) (TAR=90)",0,0,0,"0","0",0,255,1314,90
2903,"generic_intersection_drug_event","Chlorpromazine + Narcolepsy (anch. drug start) (TAR=365)","Chlorpromazine + Narcolepsy (anch. drug start) (TAR=365)",0,0,0,"0","0",0,472,1314,365
3638,"generic_intersection_drug_event2","Chlorpromazine + Narcolepsy (anch. event start) (TAR=30)","Chlorpromazine + Narcolepsy (anch. event start) (TAR=30)",0,0,0,"0","0",0,38,1314,30
4373,"generic_intersection_drug_event2","Chlorpromazine + Narcolepsy (anch. event start) (TAR=90)","Chlorpromazine + Narcolepsy (anch. event start) (TAR=90)",0,0,0,"0","0",0,255,1314,90
5108,"generic_intersection_drug_event2","Chlorpromazine + Narcolepsy (anch. event start) (TAR=365)","Chlorpromazine + Narcolepsy (anch. event start) (TAR=365)",0,0,0,"0","0",0,472,1314,365
