"cohortId","name","cohortName","logicDescription","phenotypeId","atlasId","concept_id","concept_name","concept_code","matching_drug_cohort_id","intersection_drug","intersection_event","fixed_TAR"
122,"generic_target_drug_cohort","Lidocaine (TAR=30)","Lidocaine (TAR=30)",0,0,989878,"Lidocaine","6387",0,0,0,30
339,"generic_target_drug_cohort","Lidocaine (TAR=90)","Lidocaine (TAR=90)",0,0,989878,"Lidocaine","6387",0,0,0,90
556,"generic_target_drug_cohort","Lidocaine (TAR=365)","Lidocaine (TAR=365)",0,0,989878,"Lidocaine","6387",0,0,0,365
773,"generic_comparator_drug_cohort","All drugs (matched to Lidocaine) (TAR=30)","All drugs (matched to Lidocaine) (TAR=30)",0,0,0,"0","0",122,0,0,30
990,"generic_comparator_drug_cohort","All drugs (matched to Lidocaine) (TAR=90)","All drugs (matched to Lidocaine) (TAR=90)",0,0,0,"0","0",339,0,0,90
1207,"generic_comparator_drug_cohort","All drugs (matched to Lidocaine) (TAR=365)","All drugs (matched to Lidocaine) (TAR=365)",0,0,0,"0","0",556,0,0,365
1306,"347","Bells Palsy","Bells Palsy",347,0,0,"0","0",0,0,0,0
1726,"generic_intersection_drug_event","Lidocaine + Bells Palsy (anch. drug start) (TAR=30)","Lidocaine + Bells Palsy (anch. drug start) (TAR=30)",0,0,0,"0","0",0,122,1306,30
2461,"generic_intersection_drug_event","Lidocaine + Bells Palsy (anch. drug start) (TAR=90)","Lidocaine + Bells Palsy (anch. drug start) (TAR=90)",0,0,0,"0","0",0,339,1306,90
3196,"generic_intersection_drug_event","Lidocaine + Bells Palsy (anch. drug start) (TAR=365)","Lidocaine + Bells Palsy (anch. drug start) (TAR=365)",0,0,0,"0","0",0,556,1306,365
3931,"generic_intersection_drug_event2","Lidocaine + Bells Palsy (anch. event start) (TAR=30)","Lidocaine + Bells Palsy (anch. event start) (TAR=30)",0,0,0,"0","0",0,122,1306,30
4666,"generic_intersection_drug_event2","Lidocaine + Bells Palsy (anch. event start) (TAR=90)","Lidocaine + Bells Palsy (anch. event start) (TAR=90)",0,0,0,"0","0",0,339,1306,90
5401,"generic_intersection_drug_event2","Lidocaine + Bells Palsy (anch. event start) (TAR=365)","Lidocaine + Bells Palsy (anch. event start) (TAR=365)",0,0,0,"0","0",0,556,1306,365
