"cohortId","name","cohortName","logicDescription","phenotypeId","atlasId","concept_id","concept_name","concept_code","matching_drug_cohort_id","intersection_drug","intersection_event","fixed_TAR"
28,"generic_target_drug_cohort","Carfilzomib (TAR=30)","Carfilzomib (TAR=30)",0,0,42873638,"carfilzomib","1302966",0,0,0,30
245,"generic_target_drug_cohort","Carfilzomib (TAR=90)","Carfilzomib (TAR=90)",0,0,42873638,"carfilzomib","1302966",0,0,0,90
462,"generic_target_drug_cohort","Carfilzomib (TAR=365)","Carfilzomib (TAR=365)",0,0,42873638,"carfilzomib","1302966",0,0,0,365
679,"generic_comparator_drug_cohort","All drugs (matched to Carfilzomib) (TAR=30)","All drugs (matched to Carfilzomib) (TAR=30)",0,0,0,"0","0",28,0,0,30
896,"generic_comparator_drug_cohort","All drugs (matched to Carfilzomib) (TAR=90)","All drugs (matched to Carfilzomib) (TAR=90)",0,0,0,"0","0",245,0,0,90
1113,"generic_comparator_drug_cohort","All drugs (matched to Carfilzomib) (TAR=365)","All drugs (matched to Carfilzomib) (TAR=365)",0,0,0,"0","0",462,0,0,365
1307,"402","Deep Vein Thrombosis (DVT)","Deep Vein Thrombosis (DVT)",402,0,0,"0","0",0,0,0,0
1404,"generic_intersection_drug_event","Carfilzomib + Deep Vein Thrombosis (DVT) (anch. drug start) (TAR=30)","Carfilzomib + Deep Vein Thrombosis (DVT) (anch. drug start) (TAR=30)",0,0,0,"0","0",0,28,1307,30
2139,"generic_intersection_drug_event","Carfilzomib + Deep Vein Thrombosis (DVT) (anch. drug start) (TAR=90)","Carfilzomib + Deep Vein Thrombosis (DVT) (anch. drug start) (TAR=90)",0,0,0,"0","0",0,245,1307,90
2874,"generic_intersection_drug_event","Carfilzomib + Deep Vein Thrombosis (DVT) (anch. drug start) (TAR=365)","Carfilzomib + Deep Vein Thrombosis (DVT) (anch. drug start) (TAR=365)",0,0,0,"0","0",0,462,1307,365
3609,"generic_intersection_drug_event2","Carfilzomib + Deep Vein Thrombosis (DVT) (anch. event start) (TAR=30)","Carfilzomib + Deep Vein Thrombosis (DVT) (anch. event start) (TAR=30)",0,0,0,"0","0",0,28,1307,30
4344,"generic_intersection_drug_event2","Carfilzomib + Deep Vein Thrombosis (DVT) (anch. event start) (TAR=90)","Carfilzomib + Deep Vein Thrombosis (DVT) (anch. event start) (TAR=90)",0,0,0,"0","0",0,245,1307,90
5079,"generic_intersection_drug_event2","Carfilzomib + Deep Vein Thrombosis (DVT) (anch. event start) (TAR=365)","Carfilzomib + Deep Vein Thrombosis (DVT) (anch. event start) (TAR=365)",0,0,0,"0","0",0,462,1307,365
