"cohortId","name","cohortName","logicDescription","phenotypeId","atlasId","concept_id","concept_name","concept_code","matching_drug_cohort_id","intersection_drug","intersection_event","fixed_TAR"
69,"generic_target_drug_cohort","Duloxetine (TAR=30)","Duloxetine (TAR=30)",0,0,715259,"duloxetine","72625",0,0,0,30
286,"generic_target_drug_cohort","Duloxetine (TAR=90)","Duloxetine (TAR=90)",0,0,715259,"duloxetine","72625",0,0,0,90
503,"generic_target_drug_cohort","Duloxetine (TAR=365)","Duloxetine (TAR=365)",0,0,715259,"duloxetine","72625",0,0,0,365
720,"generic_comparator_drug_cohort","All drugs (matched to Duloxetine) (TAR=30)","All drugs (matched to Duloxetine) (TAR=30)",0,0,0,"0","0",69,0,0,30
937,"generic_comparator_drug_cohort","All drugs (matched to Duloxetine) (TAR=90)","All drugs (matched to Duloxetine) (TAR=90)",0,0,0,"0","0",286,0,0,90
1154,"generic_comparator_drug_cohort","All drugs (matched to Duloxetine) (TAR=365)","All drugs (matched to Duloxetine) (TAR=365)",0,0,0,"0","0",503,0,0,365
1306,"347","Bells Palsy","Bells Palsy",347,0,0,"0","0",0,0,0,0
1550,"generic_intersection_drug_event","Duloxetine + Bells Palsy (anch. drug start) (TAR=30)","Duloxetine + Bells Palsy (anch. drug start) (TAR=30)",0,0,0,"0","0",0,69,1306,30
2285,"generic_intersection_drug_event","Duloxetine + Bells Palsy (anch. drug start) (TAR=90)","Duloxetine + Bells Palsy (anch. drug start) (TAR=90)",0,0,0,"0","0",0,286,1306,90
3020,"generic_intersection_drug_event","Duloxetine + Bells Palsy (anch. drug start) (TAR=365)","Duloxetine + Bells Palsy (anch. drug start) (TAR=365)",0,0,0,"0","0",0,503,1306,365
3755,"generic_intersection_drug_event2","Duloxetine + Bells Palsy (anch. event start) (TAR=30)","Duloxetine + Bells Palsy (anch. event start) (TAR=30)",0,0,0,"0","0",0,69,1306,30
4490,"generic_intersection_drug_event2","Duloxetine + Bells Palsy (anch. event start) (TAR=90)","Duloxetine + Bells Palsy (anch. event start) (TAR=90)",0,0,0,"0","0",0,286,1306,90
5225,"generic_intersection_drug_event2","Duloxetine + Bells Palsy (anch. event start) (TAR=365)","Duloxetine + Bells Palsy (anch. event start) (TAR=365)",0,0,0,"0","0",0,503,1306,365
