"cohortId","name","cohortName","logicDescription","phenotypeId","atlasId","concept_id","concept_name","concept_code","matching_drug_cohort_id","intersection_drug","intersection_event","fixed_TAR"
94,"generic_target_drug_cohort","Furosemide (TAR=30)","Furosemide (TAR=30)",0,0,956874,"Furosemide","4603",0,0,0,30
311,"generic_target_drug_cohort","Furosemide (TAR=90)","Furosemide (TAR=90)",0,0,956874,"Furosemide","4603",0,0,0,90
528,"generic_target_drug_cohort","Furosemide (TAR=365)","Furosemide (TAR=365)",0,0,956874,"Furosemide","4603",0,0,0,365
745,"generic_comparator_drug_cohort","All drugs (matched to Furosemide) (TAR=30)","All drugs (matched to Furosemide) (TAR=30)",0,0,0,"0","0",94,0,0,30
962,"generic_comparator_drug_cohort","All drugs (matched to Furosemide) (TAR=90)","All drugs (matched to Furosemide) (TAR=90)",0,0,0,"0","0",311,0,0,90
1179,"generic_comparator_drug_cohort","All drugs (matched to Furosemide) (TAR=365)","All drugs (matched to Furosemide) (TAR=365)",0,0,0,"0","0",528,0,0,365
1309,"346","Encephalomyelitis","Encephalomyelitis",346,0,0,"0","0",0,0,0,0
1623,"generic_intersection_drug_event","Furosemide + Encephalomyelitis (anch. drug start) (TAR=30)","Furosemide + Encephalomyelitis (anch. drug start) (TAR=30)",0,0,0,"0","0",0,94,1309,30
2358,"generic_intersection_drug_event","Furosemide + Encephalomyelitis (anch. drug start) (TAR=90)","Furosemide + Encephalomyelitis (anch. drug start) (TAR=90)",0,0,0,"0","0",0,311,1309,90
3093,"generic_intersection_drug_event","Furosemide + Encephalomyelitis (anch. drug start) (TAR=365)","Furosemide + Encephalomyelitis (anch. drug start) (TAR=365)",0,0,0,"0","0",0,528,1309,365
3828,"generic_intersection_drug_event2","Furosemide + Encephalomyelitis (anch. event start) (TAR=30)","Furosemide + Encephalomyelitis (anch. event start) (TAR=30)",0,0,0,"0","0",0,94,1309,30
4563,"generic_intersection_drug_event2","Furosemide + Encephalomyelitis (anch. event start) (TAR=90)","Furosemide + Encephalomyelitis (anch. event start) (TAR=90)",0,0,0,"0","0",0,311,1309,90
5298,"generic_intersection_drug_event2","Furosemide + Encephalomyelitis (anch. event start) (TAR=365)","Furosemide + Encephalomyelitis (anch. event start) (TAR=365)",0,0,0,"0","0",0,528,1309,365
