"cohortId","name","cohortName","logicDescription","phenotypeId","atlasId","concept_id","concept_name","concept_code","matching_drug_cohort_id","intersection_drug","intersection_event","fixed_TAR"
131,"generic_target_drug_cohort","Mepivacaine (TAR=30)","Mepivacaine (TAR=30)",0,0,702774,"Mepivacaine","6759",0,0,0,30
348,"generic_target_drug_cohort","Mepivacaine (TAR=90)","Mepivacaine (TAR=90)",0,0,702774,"Mepivacaine","6759",0,0,0,90
565,"generic_target_drug_cohort","Mepivacaine (TAR=365)","Mepivacaine (TAR=365)",0,0,702774,"Mepivacaine","6759",0,0,0,365
782,"generic_comparator_drug_cohort","All drugs (matched to Mepivacaine) (TAR=30)","All drugs (matched to Mepivacaine) (TAR=30)",0,0,0,"0","0",131,0,0,30
999,"generic_comparator_drug_cohort","All drugs (matched to Mepivacaine) (TAR=90)","All drugs (matched to Mepivacaine) (TAR=90)",0,0,0,"0","0",348,0,0,90
1216,"generic_comparator_drug_cohort","All drugs (matched to Mepivacaine) (TAR=365)","All drugs (matched to Mepivacaine) (TAR=365)",0,0,0,"0","0",565,0,0,365
1304,"349","Anaphylaxis","Anaphylaxis",349,0,0,"0","0",0,0,0,0
1747,"generic_intersection_drug_event","Mepivacaine + Anaphylaxis (anch. drug start) (TAR=30)","Mepivacaine + Anaphylaxis (anch. drug start) (TAR=30)",0,0,0,"0","0",0,131,1304,30
2482,"generic_intersection_drug_event","Mepivacaine + Anaphylaxis (anch. drug start) (TAR=90)","Mepivacaine + Anaphylaxis (anch. drug start) (TAR=90)",0,0,0,"0","0",0,348,1304,90
3217,"generic_intersection_drug_event","Mepivacaine + Anaphylaxis (anch. drug start) (TAR=365)","Mepivacaine + Anaphylaxis (anch. drug start) (TAR=365)",0,0,0,"0","0",0,565,1304,365
3952,"generic_intersection_drug_event2","Mepivacaine + Anaphylaxis (anch. event start) (TAR=30)","Mepivacaine + Anaphylaxis (anch. event start) (TAR=30)",0,0,0,"0","0",0,131,1304,30
4687,"generic_intersection_drug_event2","Mepivacaine + Anaphylaxis (anch. event start) (TAR=90)","Mepivacaine + Anaphylaxis (anch. event start) (TAR=90)",0,0,0,"0","0",0,348,1304,90
5422,"generic_intersection_drug_event2","Mepivacaine + Anaphylaxis (anch. event start) (TAR=365)","Mepivacaine + Anaphylaxis (anch. event start) (TAR=365)",0,0,0,"0","0",0,565,1304,365
