"cohortId","name","cohortName","logicDescription","phenotypeId","atlasId","concept_id","concept_name","concept_code","matching_drug_cohort_id","intersection_drug","intersection_event","fixed_TAR"
136,"generic_target_drug_cohort","Metoclopramide (TAR=30)","Metoclopramide (TAR=30)",0,0,906780,"Metoclopramide","6915",0,0,0,30
353,"generic_target_drug_cohort","Metoclopramide (TAR=90)","Metoclopramide (TAR=90)",0,0,906780,"Metoclopramide","6915",0,0,0,90
570,"generic_target_drug_cohort","Metoclopramide (TAR=365)","Metoclopramide (TAR=365)",0,0,906780,"Metoclopramide","6915",0,0,0,365
787,"generic_comparator_drug_cohort","All drugs (matched to Metoclopramide) (TAR=30)","All drugs (matched to Metoclopramide) (TAR=30)",0,0,0,"0","0",136,0,0,30
1004,"generic_comparator_drug_cohort","All drugs (matched to Metoclopramide) (TAR=90)","All drugs (matched to Metoclopramide) (TAR=90)",0,0,0,"0","0",353,0,0,90
1221,"generic_comparator_drug_cohort","All drugs (matched to Metoclopramide) (TAR=365)","All drugs (matched to Metoclopramide) (TAR=365)",0,0,0,"0","0",570,0,0,365
1304,"349","Anaphylaxis","Anaphylaxis",349,0,0,"0","0",0,0,0,0
1775,"generic_intersection_drug_event","Metoclopramide + Anaphylaxis (anch. drug start) (TAR=30)","Metoclopramide + Anaphylaxis (anch. drug start) (TAR=30)",0,0,0,"0","0",0,136,1304,30
2510,"generic_intersection_drug_event","Metoclopramide + Anaphylaxis (anch. drug start) (TAR=90)","Metoclopramide + Anaphylaxis (anch. drug start) (TAR=90)",0,0,0,"0","0",0,353,1304,90
3245,"generic_intersection_drug_event","Metoclopramide + Anaphylaxis (anch. drug start) (TAR=365)","Metoclopramide + Anaphylaxis (anch. drug start) (TAR=365)",0,0,0,"0","0",0,570,1304,365
3980,"generic_intersection_drug_event2","Metoclopramide + Anaphylaxis (anch. event start) (TAR=30)","Metoclopramide + Anaphylaxis (anch. event start) (TAR=30)",0,0,0,"0","0",0,136,1304,30
4715,"generic_intersection_drug_event2","Metoclopramide + Anaphylaxis (anch. event start) (TAR=90)","Metoclopramide + Anaphylaxis (anch. event start) (TAR=90)",0,0,0,"0","0",0,353,1304,90
5450,"generic_intersection_drug_event2","Metoclopramide + Anaphylaxis (anch. event start) (TAR=365)","Metoclopramide + Anaphylaxis (anch. event start) (TAR=365)",0,0,0,"0","0",0,570,1304,365
