"cohortId","name","cohortName","logicDescription","phenotypeId","atlasId","concept_id","concept_name","concept_code","matching_drug_cohort_id","intersection_drug","intersection_event","fixed_TAR"
185,"generic_target_drug_cohort","Rivaroxaban (TAR=30)","Rivaroxaban (TAR=30)",0,0,40241331,"rivaroxaban","1114195",0,0,0,30
402,"generic_target_drug_cohort","Rivaroxaban (TAR=90)","Rivaroxaban (TAR=90)",0,0,40241331,"rivaroxaban","1114195",0,0,0,90
619,"generic_target_drug_cohort","Rivaroxaban (TAR=365)","Rivaroxaban (TAR=365)",0,0,40241331,"rivaroxaban","1114195",0,0,0,365
836,"generic_comparator_drug_cohort","All drugs (matched to Rivaroxaban) (TAR=30)","All drugs (matched to Rivaroxaban) (TAR=30)",0,0,0,"0","0",185,0,0,30
1053,"generic_comparator_drug_cohort","All drugs (matched to Rivaroxaban) (TAR=90)","All drugs (matched to Rivaroxaban) (TAR=90)",0,0,0,"0","0",402,0,0,90
1270,"generic_comparator_drug_cohort","All drugs (matched to Rivaroxaban) (TAR=365)","All drugs (matched to Rivaroxaban) (TAR=365)",0,0,0,"0","0",619,0,0,365
1313,"339","Myocarditis Pericarditis","Myocarditis Pericarditis",339,0,0,"0","0",0,0,0,0
1940,"generic_intersection_drug_event","Rivaroxaban + Myocarditis Pericarditis (anch. drug start) (TAR=30)","Rivaroxaban + Myocarditis Pericarditis (anch. drug start) (TAR=30)",0,0,0,"0","0",0,185,1313,30
2675,"generic_intersection_drug_event","Rivaroxaban + Myocarditis Pericarditis (anch. drug start) (TAR=90)","Rivaroxaban + Myocarditis Pericarditis (anch. drug start) (TAR=90)",0,0,0,"0","0",0,402,1313,90
3410,"generic_intersection_drug_event","Rivaroxaban + Myocarditis Pericarditis (anch. drug start) (TAR=365)","Rivaroxaban + Myocarditis Pericarditis (anch. drug start) (TAR=365)",0,0,0,"0","0",0,619,1313,365
4145,"generic_intersection_drug_event2","Rivaroxaban + Myocarditis Pericarditis (anch. event start) (TAR=30)","Rivaroxaban + Myocarditis Pericarditis (anch. event start) (TAR=30)",0,0,0,"0","0",0,185,1313,30
4880,"generic_intersection_drug_event2","Rivaroxaban + Myocarditis Pericarditis (anch. event start) (TAR=90)","Rivaroxaban + Myocarditis Pericarditis (anch. event start) (TAR=90)",0,0,0,"0","0",0,402,1313,90
5615,"generic_intersection_drug_event2","Rivaroxaban + Myocarditis Pericarditis (anch. event start) (TAR=365)","Rivaroxaban + Myocarditis Pericarditis (anch. event start) (TAR=365)",0,0,0,"0","0",0,619,1313,365
