"cohortId","name","cohortName","logicDescription","phenotypeId","atlasId","concept_id","concept_name","concept_code","matching_drug_cohort_id","intersection_drug","intersection_event","fixed_TAR"
185,"generic_target_drug_cohort","Rivaroxaban (TAR=30)","Rivaroxaban (TAR=30)",0,0,40241331,"rivaroxaban","1114195",0,0,0,30
402,"generic_target_drug_cohort","Rivaroxaban (TAR=90)","Rivaroxaban (TAR=90)",0,0,40241331,"rivaroxaban","1114195",0,0,0,90
619,"generic_target_drug_cohort","Rivaroxaban (TAR=365)","Rivaroxaban (TAR=365)",0,0,40241331,"rivaroxaban","1114195",0,0,0,365
836,"generic_comparator_drug_cohort","All drugs (matched to Rivaroxaban) (TAR=30)","All drugs (matched to Rivaroxaban) (TAR=30)",0,0,0,"0","0",185,0,0,30
1053,"generic_comparator_drug_cohort","All drugs (matched to Rivaroxaban) (TAR=90)","All drugs (matched to Rivaroxaban) (TAR=90)",0,0,0,"0","0",402,0,0,90
1270,"generic_comparator_drug_cohort","All drugs (matched to Rivaroxaban) (TAR=365)","All drugs (matched to Rivaroxaban) (TAR=365)",0,0,0,"0","0",619,0,0,365
1304,"349","Anaphylaxis","Anaphylaxis",349,0,0,"0","0",0,0,0,0
1934,"generic_intersection_drug_event","Rivaroxaban + Anaphylaxis (anch. drug start) (TAR=30)","Rivaroxaban + Anaphylaxis (anch. drug start) (TAR=30)",0,0,0,"0","0",0,185,1304,30
2669,"generic_intersection_drug_event","Rivaroxaban + Anaphylaxis (anch. drug start) (TAR=90)","Rivaroxaban + Anaphylaxis (anch. drug start) (TAR=90)",0,0,0,"0","0",0,402,1304,90
3404,"generic_intersection_drug_event","Rivaroxaban + Anaphylaxis (anch. drug start) (TAR=365)","Rivaroxaban + Anaphylaxis (anch. drug start) (TAR=365)",0,0,0,"0","0",0,619,1304,365
4139,"generic_intersection_drug_event2","Rivaroxaban + Anaphylaxis (anch. event start) (TAR=30)","Rivaroxaban + Anaphylaxis (anch. event start) (TAR=30)",0,0,0,"0","0",0,185,1304,30
4874,"generic_intersection_drug_event2","Rivaroxaban + Anaphylaxis (anch. event start) (TAR=90)","Rivaroxaban + Anaphylaxis (anch. event start) (TAR=90)",0,0,0,"0","0",0,402,1304,90
5609,"generic_intersection_drug_event2","Rivaroxaban + Anaphylaxis (anch. event start) (TAR=365)","Rivaroxaban + Anaphylaxis (anch. event start) (TAR=365)",0,0,0,"0","0",0,619,1304,365
