"cohortId","name","cohortName","logicDescription","phenotypeId","atlasId","concept_id","concept_name","concept_code","matching_drug_cohort_id","intersection_drug","intersection_event","fixed_TAR"
151,"generic_target_drug_cohort","Nitrofurantoin (TAR=30)","Nitrofurantoin (TAR=30)",0,0,920293,"Nitrofurantoin","7454",0,0,0,30
368,"generic_target_drug_cohort","Nitrofurantoin (TAR=90)","Nitrofurantoin (TAR=90)",0,0,920293,"Nitrofurantoin","7454",0,0,0,90
585,"generic_target_drug_cohort","Nitrofurantoin (TAR=365)","Nitrofurantoin (TAR=365)",0,0,920293,"Nitrofurantoin","7454",0,0,0,365
802,"generic_comparator_drug_cohort","All drugs (matched to Nitrofurantoin) (TAR=30)","All drugs (matched to Nitrofurantoin) (TAR=30)",0,0,0,"0","0",151,0,0,30
1019,"generic_comparator_drug_cohort","All drugs (matched to Nitrofurantoin) (TAR=90)","All drugs (matched to Nitrofurantoin) (TAR=90)",0,0,0,"0","0",368,0,0,90
1236,"generic_comparator_drug_cohort","All drugs (matched to Nitrofurantoin) (TAR=365)","All drugs (matched to Nitrofurantoin) (TAR=365)",0,0,0,"0","0",585,0,0,365
1310,"343","Guillain Barre Syndrome","Guillain Barre Syndrome",343,0,0,"0","0",0,0,0,0
1813,"generic_intersection_drug_event","Nitrofurantoin + Guillain Barre Syndrome (anch. drug start) (TAR=30)","Nitrofurantoin + Guillain Barre Syndrome (anch. drug start) (TAR=30)",0,0,0,"0","0",0,151,1310,30
2548,"generic_intersection_drug_event","Nitrofurantoin + Guillain Barre Syndrome (anch. drug start) (TAR=90)","Nitrofurantoin + Guillain Barre Syndrome (anch. drug start) (TAR=90)",0,0,0,"0","0",0,368,1310,90
3283,"generic_intersection_drug_event","Nitrofurantoin + Guillain Barre Syndrome (anch. drug start) (TAR=365)","Nitrofurantoin + Guillain Barre Syndrome (anch. drug start) (TAR=365)",0,0,0,"0","0",0,585,1310,365
4018,"generic_intersection_drug_event2","Nitrofurantoin + Guillain Barre Syndrome (anch. event start) (TAR=30)","Nitrofurantoin + Guillain Barre Syndrome (anch. event start) (TAR=30)",0,0,0,"0","0",0,151,1310,30
4753,"generic_intersection_drug_event2","Nitrofurantoin + Guillain Barre Syndrome (anch. event start) (TAR=90)","Nitrofurantoin + Guillain Barre Syndrome (anch. event start) (TAR=90)",0,0,0,"0","0",0,368,1310,90
5488,"generic_intersection_drug_event2","Nitrofurantoin + Guillain Barre Syndrome (anch. event start) (TAR=365)","Nitrofurantoin + Guillain Barre Syndrome (anch. event start) (TAR=365)",0,0,0,"0","0",0,585,1310,365
