"cohortId","name","cohortName","logicDescription","phenotypeId","atlasId","concept_id","concept_name","concept_code","matching_drug_cohort_id","intersection_drug","intersection_event","fixed_TAR"
4,"generic_target_drug_cohort","Allopurinol (TAR=30)","Allopurinol (TAR=30)",0,0,1167322,"Allopurinol","519",0,0,0,30
221,"generic_target_drug_cohort","Allopurinol (TAR=90)","Allopurinol (TAR=90)",0,0,1167322,"Allopurinol","519",0,0,0,90
438,"generic_target_drug_cohort","Allopurinol (TAR=365)","Allopurinol (TAR=365)",0,0,1167322,"Allopurinol","519",0,0,0,365
655,"generic_comparator_drug_cohort","All drugs (matched to Allopurinol) (TAR=30)","All drugs (matched to Allopurinol) (TAR=30)",0,0,0,"0","0",4,0,0,30
872,"generic_comparator_drug_cohort","All drugs (matched to Allopurinol) (TAR=90)","All drugs (matched to Allopurinol) (TAR=90)",0,0,0,"0","0",221,0,0,90
1089,"generic_comparator_drug_cohort","All drugs (matched to Allopurinol) (TAR=365)","All drugs (matched to Allopurinol) (TAR=365)",0,0,0,"0","0",438,0,0,365
1310,"343","Guillain Barre Syndrome","Guillain Barre Syndrome",343,0,0,"0","0",0,0,0,0
1324,"generic_intersection_drug_event","Allopurinol + Guillain Barre Syndrome (anch. drug start) (TAR=30)","Allopurinol + Guillain Barre Syndrome (anch. drug start) (TAR=30)",0,0,0,"0","0",0,4,1310,30
2059,"generic_intersection_drug_event","Allopurinol + Guillain Barre Syndrome (anch. drug start) (TAR=90)","Allopurinol + Guillain Barre Syndrome (anch. drug start) (TAR=90)",0,0,0,"0","0",0,221,1310,90
2794,"generic_intersection_drug_event","Allopurinol + Guillain Barre Syndrome (anch. drug start) (TAR=365)","Allopurinol + Guillain Barre Syndrome (anch. drug start) (TAR=365)",0,0,0,"0","0",0,438,1310,365
3529,"generic_intersection_drug_event2","Allopurinol + Guillain Barre Syndrome (anch. event start) (TAR=30)","Allopurinol + Guillain Barre Syndrome (anch. event start) (TAR=30)",0,0,0,"0","0",0,4,1310,30
4264,"generic_intersection_drug_event2","Allopurinol + Guillain Barre Syndrome (anch. event start) (TAR=90)","Allopurinol + Guillain Barre Syndrome (anch. event start) (TAR=90)",0,0,0,"0","0",0,221,1310,90
4999,"generic_intersection_drug_event2","Allopurinol + Guillain Barre Syndrome (anch. event start) (TAR=365)","Allopurinol + Guillain Barre Syndrome (anch. event start) (TAR=365)",0,0,0,"0","0",0,438,1310,365
