"cohortId","name","cohortName","logicDescription","phenotypeId","atlasId","concept_id","concept_name","concept_code","matching_drug_cohort_id","intersection_drug","intersection_event","fixed_TAR"
68,"generic_target_drug_cohort","Doxycycline (TAR=30)","Doxycycline (TAR=30)",0,0,1738521,"Doxycycline","3640",0,0,0,30
285,"generic_target_drug_cohort","Doxycycline (TAR=90)","Doxycycline (TAR=90)",0,0,1738521,"Doxycycline","3640",0,0,0,90
502,"generic_target_drug_cohort","Doxycycline (TAR=365)","Doxycycline (TAR=365)",0,0,1738521,"Doxycycline","3640",0,0,0,365
719,"generic_comparator_drug_cohort","All drugs (matched to Doxycycline) (TAR=30)","All drugs (matched to Doxycycline) (TAR=30)",0,0,0,"0","0",68,0,0,30
936,"generic_comparator_drug_cohort","All drugs (matched to Doxycycline) (TAR=90)","All drugs (matched to Doxycycline) (TAR=90)",0,0,0,"0","0",285,0,0,90
1153,"generic_comparator_drug_cohort","All drugs (matched to Doxycycline) (TAR=365)","All drugs (matched to Doxycycline) (TAR=365)",0,0,0,"0","0",502,0,0,365
1304,"349","Anaphylaxis","Anaphylaxis",349,0,0,"0","0",0,0,0,0
1549,"generic_intersection_drug_event","Doxycycline + Anaphylaxis (anch. drug start) (TAR=30)","Doxycycline + Anaphylaxis (anch. drug start) (TAR=30)",0,0,0,"0","0",0,68,1304,30
2284,"generic_intersection_drug_event","Doxycycline + Anaphylaxis (anch. drug start) (TAR=90)","Doxycycline + Anaphylaxis (anch. drug start) (TAR=90)",0,0,0,"0","0",0,285,1304,90
3019,"generic_intersection_drug_event","Doxycycline + Anaphylaxis (anch. drug start) (TAR=365)","Doxycycline + Anaphylaxis (anch. drug start) (TAR=365)",0,0,0,"0","0",0,502,1304,365
3754,"generic_intersection_drug_event2","Doxycycline + Anaphylaxis (anch. event start) (TAR=30)","Doxycycline + Anaphylaxis (anch. event start) (TAR=30)",0,0,0,"0","0",0,68,1304,30
4489,"generic_intersection_drug_event2","Doxycycline + Anaphylaxis (anch. event start) (TAR=90)","Doxycycline + Anaphylaxis (anch. event start) (TAR=90)",0,0,0,"0","0",0,285,1304,90
5224,"generic_intersection_drug_event2","Doxycycline + Anaphylaxis (anch. event start) (TAR=365)","Doxycycline + Anaphylaxis (anch. event start) (TAR=365)",0,0,0,"0","0",0,502,1304,365
