"cohortId","name","cohortName","logicDescription","phenotypeId","atlasId","concept_id","concept_name","concept_code","matching_drug_cohort_id","intersection_drug","intersection_event","fixed_TAR"
102,"generic_target_drug_cohort","Ibrutinib (TAR=30)","Ibrutinib (TAR=30)",0,0,44507848,"Ibrutinib","1442981",0,0,0,30
319,"generic_target_drug_cohort","Ibrutinib (TAR=90)","Ibrutinib (TAR=90)",0,0,44507848,"Ibrutinib","1442981",0,0,0,90
536,"generic_target_drug_cohort","Ibrutinib (TAR=365)","Ibrutinib (TAR=365)",0,0,44507848,"Ibrutinib","1442981",0,0,0,365
753,"generic_comparator_drug_cohort","All drugs (matched to Ibrutinib) (TAR=30)","All drugs (matched to Ibrutinib) (TAR=30)",0,0,0,"0","0",102,0,0,30
970,"generic_comparator_drug_cohort","All drugs (matched to Ibrutinib) (TAR=90)","All drugs (matched to Ibrutinib) (TAR=90)",0,0,0,"0","0",319,0,0,90
1187,"generic_comparator_drug_cohort","All drugs (matched to Ibrutinib) (TAR=365)","All drugs (matched to Ibrutinib) (TAR=365)",0,0,0,"0","0",536,0,0,365
1312,"335","Immune Thrombocytopenia (ITP)","Immune Thrombocytopenia (ITP)",335,0,0,"0","0",0,0,0,0
1659,"generic_intersection_drug_event","Ibrutinib + Immune Thrombocytopenia (ITP) (anch. drug start) (TAR=30)","Ibrutinib + Immune Thrombocytopenia (ITP) (anch. drug start) (TAR=30)",0,0,0,"0","0",0,102,1312,30
2394,"generic_intersection_drug_event","Ibrutinib + Immune Thrombocytopenia (ITP) (anch. drug start) (TAR=90)","Ibrutinib + Immune Thrombocytopenia (ITP) (anch. drug start) (TAR=90)",0,0,0,"0","0",0,319,1312,90
3129,"generic_intersection_drug_event","Ibrutinib + Immune Thrombocytopenia (ITP) (anch. drug start) (TAR=365)","Ibrutinib + Immune Thrombocytopenia (ITP) (anch. drug start) (TAR=365)",0,0,0,"0","0",0,536,1312,365
3864,"generic_intersection_drug_event2","Ibrutinib + Immune Thrombocytopenia (ITP) (anch. event start) (TAR=30)","Ibrutinib + Immune Thrombocytopenia (ITP) (anch. event start) (TAR=30)",0,0,0,"0","0",0,102,1312,30
4599,"generic_intersection_drug_event2","Ibrutinib + Immune Thrombocytopenia (ITP) (anch. event start) (TAR=90)","Ibrutinib + Immune Thrombocytopenia (ITP) (anch. event start) (TAR=90)",0,0,0,"0","0",0,319,1312,90
5334,"generic_intersection_drug_event2","Ibrutinib + Immune Thrombocytopenia (ITP) (anch. event start) (TAR=365)","Ibrutinib + Immune Thrombocytopenia (ITP) (anch. event start) (TAR=365)",0,0,0,"0","0",0,536,1312,365
