"cohortId","name","cohortName","logicDescription","phenotypeId","atlasId","concept_id","concept_name","concept_code","matching_drug_cohort_id","intersection_drug","intersection_event","fixed_TAR"
195,"generic_target_drug_cohort","Sodium chloride (TAR=30)","Sodium chloride (TAR=30)",0,0,967823,"Sodium Chloride","9863",0,0,0,30
412,"generic_target_drug_cohort","Sodium chloride (TAR=90)","Sodium chloride (TAR=90)",0,0,967823,"Sodium Chloride","9863",0,0,0,90
629,"generic_target_drug_cohort","Sodium chloride (TAR=365)","Sodium chloride (TAR=365)",0,0,967823,"Sodium Chloride","9863",0,0,0,365
846,"generic_comparator_drug_cohort","All drugs (matched to Sodium chloride) (TAR=30)","All drugs (matched to Sodium chloride) (TAR=30)",0,0,0,"0","0",195,0,0,30
1063,"generic_comparator_drug_cohort","All drugs (matched to Sodium chloride) (TAR=90)","All drugs (matched to Sodium chloride) (TAR=90)",0,0,0,"0","0",412,0,0,90
1280,"generic_comparator_drug_cohort","All drugs (matched to Sodium chloride) (TAR=365)","All drugs (matched to Sodium chloride) (TAR=365)",0,0,0,"0","0",629,0,0,365
1307,"402","Deep Vein Thrombosis (DVT)","Deep Vein Thrombosis (DVT)",402,0,0,"0","0",0,0,0,0
1964,"generic_intersection_drug_event","Sodium chloride + Deep Vein Thrombosis (DVT) (anch. drug start) (TAR=30)","Sodium chloride + Deep Vein Thrombosis (DVT) (anch. drug start) (TAR=30)",0,0,0,"0","0",0,195,1307,30
2699,"generic_intersection_drug_event","Sodium chloride + Deep Vein Thrombosis (DVT) (anch. drug start) (TAR=90)","Sodium chloride + Deep Vein Thrombosis (DVT) (anch. drug start) (TAR=90)",0,0,0,"0","0",0,412,1307,90
3434,"generic_intersection_drug_event","Sodium chloride + Deep Vein Thrombosis (DVT) (anch. drug start) (TAR=365)","Sodium chloride + Deep Vein Thrombosis (DVT) (anch. drug start) (TAR=365)",0,0,0,"0","0",0,629,1307,365
4169,"generic_intersection_drug_event2","Sodium chloride + Deep Vein Thrombosis (DVT) (anch. event start) (TAR=30)","Sodium chloride + Deep Vein Thrombosis (DVT) (anch. event start) (TAR=30)",0,0,0,"0","0",0,195,1307,30
4904,"generic_intersection_drug_event2","Sodium chloride + Deep Vein Thrombosis (DVT) (anch. event start) (TAR=90)","Sodium chloride + Deep Vein Thrombosis (DVT) (anch. event start) (TAR=90)",0,0,0,"0","0",0,412,1307,90
5639,"generic_intersection_drug_event2","Sodium chloride + Deep Vein Thrombosis (DVT) (anch. event start) (TAR=365)","Sodium chloride + Deep Vein Thrombosis (DVT) (anch. event start) (TAR=365)",0,0,0,"0","0",0,629,1307,365
