"cohortId","name","cohortName","logicDescription","phenotypeId","atlasId","concept_id","concept_name","concept_code","matching_drug_cohort_id","intersection_drug","intersection_event","fixed_TAR"
177,"generic_target_drug_cohort","Propranolol (TAR=30)","Propranolol (TAR=30)",0,0,1353766,"Propranolol","8787",0,0,0,30
394,"generic_target_drug_cohort","Propranolol (TAR=90)","Propranolol (TAR=90)",0,0,1353766,"Propranolol","8787",0,0,0,90
611,"generic_target_drug_cohort","Propranolol (TAR=365)","Propranolol (TAR=365)",0,0,1353766,"Propranolol","8787",0,0,0,365
828,"generic_comparator_drug_cohort","All drugs (matched to Propranolol) (TAR=30)","All drugs (matched to Propranolol) (TAR=30)",0,0,0,"0","0",177,0,0,30
1045,"generic_comparator_drug_cohort","All drugs (matched to Propranolol) (TAR=90)","All drugs (matched to Propranolol) (TAR=90)",0,0,0,"0","0",394,0,0,90
1262,"generic_comparator_drug_cohort","All drugs (matched to Propranolol) (TAR=365)","All drugs (matched to Propranolol) (TAR=365)",0,0,0,"0","0",611,0,0,365
1314,"345","Narcolepsy","Narcolepsy",345,0,0,"0","0",0,0,0,0
1910,"generic_intersection_drug_event","Propranolol + Narcolepsy (anch. drug start) (TAR=30)","Propranolol + Narcolepsy (anch. drug start) (TAR=30)",0,0,0,"0","0",0,177,1314,30
2645,"generic_intersection_drug_event","Propranolol + Narcolepsy (anch. drug start) (TAR=90)","Propranolol + Narcolepsy (anch. drug start) (TAR=90)",0,0,0,"0","0",0,394,1314,90
3380,"generic_intersection_drug_event","Propranolol + Narcolepsy (anch. drug start) (TAR=365)","Propranolol + Narcolepsy (anch. drug start) (TAR=365)",0,0,0,"0","0",0,611,1314,365
4115,"generic_intersection_drug_event2","Propranolol + Narcolepsy (anch. event start) (TAR=30)","Propranolol + Narcolepsy (anch. event start) (TAR=30)",0,0,0,"0","0",0,177,1314,30
4850,"generic_intersection_drug_event2","Propranolol + Narcolepsy (anch. event start) (TAR=90)","Propranolol + Narcolepsy (anch. event start) (TAR=90)",0,0,0,"0","0",0,394,1314,90
5585,"generic_intersection_drug_event2","Propranolol + Narcolepsy (anch. event start) (TAR=365)","Propranolol + Narcolepsy (anch. event start) (TAR=365)",0,0,0,"0","0",0,611,1314,365
