"cohortId","name","cohortName","logicDescription","phenotypeId","atlasId","concept_id","concept_name","concept_code","matching_drug_cohort_id","intersection_drug","intersection_event","fixed_TAR"
133,"generic_target_drug_cohort","Methotrexate (TAR=30)","Methotrexate (TAR=30)",0,0,1305058,"Methotrexate","6851",0,0,0,30
350,"generic_target_drug_cohort","Methotrexate (TAR=90)","Methotrexate (TAR=90)",0,0,1305058,"Methotrexate","6851",0,0,0,90
567,"generic_target_drug_cohort","Methotrexate (TAR=365)","Methotrexate (TAR=365)",0,0,1305058,"Methotrexate","6851",0,0,0,365
784,"generic_comparator_drug_cohort","All drugs (matched to Methotrexate) (TAR=30)","All drugs (matched to Methotrexate) (TAR=30)",0,0,0,"0","0",133,0,0,30
1001,"generic_comparator_drug_cohort","All drugs (matched to Methotrexate) (TAR=90)","All drugs (matched to Methotrexate) (TAR=90)",0,0,0,"0","0",350,0,0,90
1218,"generic_comparator_drug_cohort","All drugs (matched to Methotrexate) (TAR=365)","All drugs (matched to Methotrexate) (TAR=365)",0,0,0,"0","0",567,0,0,365
1309,"346","Encephalomyelitis","Encephalomyelitis",346,0,0,"0","0",0,0,0,0
1756,"generic_intersection_drug_event","Methotrexate + Encephalomyelitis (anch. drug start) (TAR=30)","Methotrexate + Encephalomyelitis (anch. drug start) (TAR=30)",0,0,0,"0","0",0,133,1309,30
2491,"generic_intersection_drug_event","Methotrexate + Encephalomyelitis (anch. drug start) (TAR=90)","Methotrexate + Encephalomyelitis (anch. drug start) (TAR=90)",0,0,0,"0","0",0,350,1309,90
3226,"generic_intersection_drug_event","Methotrexate + Encephalomyelitis (anch. drug start) (TAR=365)","Methotrexate + Encephalomyelitis (anch. drug start) (TAR=365)",0,0,0,"0","0",0,567,1309,365
3961,"generic_intersection_drug_event2","Methotrexate + Encephalomyelitis (anch. event start) (TAR=30)","Methotrexate + Encephalomyelitis (anch. event start) (TAR=30)",0,0,0,"0","0",0,133,1309,30
4696,"generic_intersection_drug_event2","Methotrexate + Encephalomyelitis (anch. event start) (TAR=90)","Methotrexate + Encephalomyelitis (anch. event start) (TAR=90)",0,0,0,"0","0",0,350,1309,90
5431,"generic_intersection_drug_event2","Methotrexate + Encephalomyelitis (anch. event start) (TAR=365)","Methotrexate + Encephalomyelitis (anch. event start) (TAR=365)",0,0,0,"0","0",0,567,1309,365
