"cohortId","name","cohortName","logicDescription","phenotypeId","atlasId","concept_id","concept_name","concept_code","matching_drug_cohort_id","intersection_drug","intersection_event","fixed_TAR"
102,"generic_target_drug_cohort","Ibrutinib (TAR=30)","Ibrutinib (TAR=30)",0,0,44507848,"Ibrutinib","1442981",0,0,0,30
319,"generic_target_drug_cohort","Ibrutinib (TAR=90)","Ibrutinib (TAR=90)",0,0,44507848,"Ibrutinib","1442981",0,0,0,90
536,"generic_target_drug_cohort","Ibrutinib (TAR=365)","Ibrutinib (TAR=365)",0,0,44507848,"Ibrutinib","1442981",0,0,0,365
753,"generic_comparator_drug_cohort","All drugs (matched to Ibrutinib) (TAR=30)","All drugs (matched to Ibrutinib) (TAR=30)",0,0,0,"0","0",102,0,0,30
970,"generic_comparator_drug_cohort","All drugs (matched to Ibrutinib) (TAR=90)","All drugs (matched to Ibrutinib) (TAR=90)",0,0,0,"0","0",319,0,0,90
1187,"generic_comparator_drug_cohort","All drugs (matched to Ibrutinib) (TAR=365)","All drugs (matched to Ibrutinib) (TAR=365)",0,0,0,"0","0",536,0,0,365
1310,"343","Guillain Barre Syndrome","Guillain Barre Syndrome",343,0,0,"0","0",0,0,0,0
1657,"generic_intersection_drug_event","Ibrutinib + Guillain Barre Syndrome (anch. drug start) (TAR=30)","Ibrutinib + Guillain Barre Syndrome (anch. drug start) (TAR=30)",0,0,0,"0","0",0,102,1310,30
2392,"generic_intersection_drug_event","Ibrutinib + Guillain Barre Syndrome (anch. drug start) (TAR=90)","Ibrutinib + Guillain Barre Syndrome (anch. drug start) (TAR=90)",0,0,0,"0","0",0,319,1310,90
3127,"generic_intersection_drug_event","Ibrutinib + Guillain Barre Syndrome (anch. drug start) (TAR=365)","Ibrutinib + Guillain Barre Syndrome (anch. drug start) (TAR=365)",0,0,0,"0","0",0,536,1310,365
3862,"generic_intersection_drug_event2","Ibrutinib + Guillain Barre Syndrome (anch. event start) (TAR=30)","Ibrutinib + Guillain Barre Syndrome (anch. event start) (TAR=30)",0,0,0,"0","0",0,102,1310,30
4597,"generic_intersection_drug_event2","Ibrutinib + Guillain Barre Syndrome (anch. event start) (TAR=90)","Ibrutinib + Guillain Barre Syndrome (anch. event start) (TAR=90)",0,0,0,"0","0",0,319,1310,90
5332,"generic_intersection_drug_event2","Ibrutinib + Guillain Barre Syndrome (anch. event start) (TAR=365)","Ibrutinib + Guillain Barre Syndrome (anch. event start) (TAR=365)",0,0,0,"0","0",0,536,1310,365
