"cohortId","name","cohortName","logicDescription","phenotypeId","atlasId","concept_id","concept_name","concept_code","matching_drug_cohort_id","intersection_drug","intersection_event","fixed_TAR"
173,"generic_target_drug_cohort","Prednisone (TAR=30)","Prednisone (TAR=30)",0,0,1551099,"Prednisone","8640",0,0,0,30
390,"generic_target_drug_cohort","Prednisone (TAR=90)","Prednisone (TAR=90)",0,0,1551099,"Prednisone","8640",0,0,0,90
607,"generic_target_drug_cohort","Prednisone (TAR=365)","Prednisone (TAR=365)",0,0,1551099,"Prednisone","8640",0,0,0,365
824,"generic_comparator_drug_cohort","All drugs (matched to Prednisone) (TAR=30)","All drugs (matched to Prednisone) (TAR=30)",0,0,0,"0","0",173,0,0,30
1041,"generic_comparator_drug_cohort","All drugs (matched to Prednisone) (TAR=90)","All drugs (matched to Prednisone) (TAR=90)",0,0,0,"0","0",390,0,0,90
1258,"generic_comparator_drug_cohort","All drugs (matched to Prednisone) (TAR=365)","All drugs (matched to Prednisone) (TAR=365)",0,0,0,"0","0",607,0,0,365
1310,"343","Guillain Barre Syndrome","Guillain Barre Syndrome",343,0,0,"0","0",0,0,0,0
1893,"generic_intersection_drug_event","Prednisone + Guillain Barre Syndrome (anch. drug start) (TAR=30)","Prednisone + Guillain Barre Syndrome (anch. drug start) (TAR=30)",0,0,0,"0","0",0,173,1310,30
2628,"generic_intersection_drug_event","Prednisone + Guillain Barre Syndrome (anch. drug start) (TAR=90)","Prednisone + Guillain Barre Syndrome (anch. drug start) (TAR=90)",0,0,0,"0","0",0,390,1310,90
3363,"generic_intersection_drug_event","Prednisone + Guillain Barre Syndrome (anch. drug start) (TAR=365)","Prednisone + Guillain Barre Syndrome (anch. drug start) (TAR=365)",0,0,0,"0","0",0,607,1310,365
4098,"generic_intersection_drug_event2","Prednisone + Guillain Barre Syndrome (anch. event start) (TAR=30)","Prednisone + Guillain Barre Syndrome (anch. event start) (TAR=30)",0,0,0,"0","0",0,173,1310,30
4833,"generic_intersection_drug_event2","Prednisone + Guillain Barre Syndrome (anch. event start) (TAR=90)","Prednisone + Guillain Barre Syndrome (anch. event start) (TAR=90)",0,0,0,"0","0",0,390,1310,90
5568,"generic_intersection_drug_event2","Prednisone + Guillain Barre Syndrome (anch. event start) (TAR=365)","Prednisone + Guillain Barre Syndrome (anch. event start) (TAR=365)",0,0,0,"0","0",0,607,1310,365
