"cohortId","name","cohortName","logicDescription","phenotypeId","atlasId","concept_id","concept_name","concept_code","matching_drug_cohort_id","intersection_drug","intersection_event","fixed_TAR"
87,"generic_target_drug_cohort","Fluorouracil (TAR=30)","Fluorouracil (TAR=30)",0,0,955632,"Fluorouracil","4492",0,0,0,30
304,"generic_target_drug_cohort","Fluorouracil (TAR=90)","Fluorouracil (TAR=90)",0,0,955632,"Fluorouracil","4492",0,0,0,90
521,"generic_target_drug_cohort","Fluorouracil (TAR=365)","Fluorouracil (TAR=365)",0,0,955632,"Fluorouracil","4492",0,0,0,365
738,"generic_comparator_drug_cohort","All drugs (matched to Fluorouracil) (TAR=30)","All drugs (matched to Fluorouracil) (TAR=30)",0,0,0,"0","0",87,0,0,30
955,"generic_comparator_drug_cohort","All drugs (matched to Fluorouracil) (TAR=90)","All drugs (matched to Fluorouracil) (TAR=90)",0,0,0,"0","0",304,0,0,90
1172,"generic_comparator_drug_cohort","All drugs (matched to Fluorouracil) (TAR=365)","All drugs (matched to Fluorouracil) (TAR=365)",0,0,0,"0","0",521,0,0,365
1309,"346","Encephalomyelitis","Encephalomyelitis",346,0,0,"0","0",0,0,0,0
1609,"generic_intersection_drug_event","Fluorouracil + Encephalomyelitis (anch. drug start) (TAR=30)","Fluorouracil + Encephalomyelitis (anch. drug start) (TAR=30)",0,0,0,"0","0",0,87,1309,30
2344,"generic_intersection_drug_event","Fluorouracil + Encephalomyelitis (anch. drug start) (TAR=90)","Fluorouracil + Encephalomyelitis (anch. drug start) (TAR=90)",0,0,0,"0","0",0,304,1309,90
3079,"generic_intersection_drug_event","Fluorouracil + Encephalomyelitis (anch. drug start) (TAR=365)","Fluorouracil + Encephalomyelitis (anch. drug start) (TAR=365)",0,0,0,"0","0",0,521,1309,365
3814,"generic_intersection_drug_event2","Fluorouracil + Encephalomyelitis (anch. event start) (TAR=30)","Fluorouracil + Encephalomyelitis (anch. event start) (TAR=30)",0,0,0,"0","0",0,87,1309,30
4549,"generic_intersection_drug_event2","Fluorouracil + Encephalomyelitis (anch. event start) (TAR=90)","Fluorouracil + Encephalomyelitis (anch. event start) (TAR=90)",0,0,0,"0","0",0,304,1309,90
5284,"generic_intersection_drug_event2","Fluorouracil + Encephalomyelitis (anch. event start) (TAR=365)","Fluorouracil + Encephalomyelitis (anch. event start) (TAR=365)",0,0,0,"0","0",0,521,1309,365
