"cohortId","name","cohortName","logicDescription","phenotypeId","atlasId","concept_id","concept_name","concept_code","matching_drug_cohort_id","intersection_drug","intersection_event","fixed_TAR"
69,"generic_target_drug_cohort","Duloxetine (TAR=30)","Duloxetine (TAR=30)",0,0,715259,"duloxetine","72625",0,0,0,30
286,"generic_target_drug_cohort","Duloxetine (TAR=90)","Duloxetine (TAR=90)",0,0,715259,"duloxetine","72625",0,0,0,90
503,"generic_target_drug_cohort","Duloxetine (TAR=365)","Duloxetine (TAR=365)",0,0,715259,"duloxetine","72625",0,0,0,365
720,"generic_comparator_drug_cohort","All drugs (matched to Duloxetine) (TAR=30)","All drugs (matched to Duloxetine) (TAR=30)",0,0,0,"0","0",69,0,0,30
937,"generic_comparator_drug_cohort","All drugs (matched to Duloxetine) (TAR=90)","All drugs (matched to Duloxetine) (TAR=90)",0,0,0,"0","0",286,0,0,90
1154,"generic_comparator_drug_cohort","All drugs (matched to Duloxetine) (TAR=365)","All drugs (matched to Duloxetine) (TAR=365)",0,0,0,"0","0",503,0,0,365
1314,"345","Narcolepsy","Narcolepsy",345,0,0,"0","0",0,0,0,0
1551,"generic_intersection_drug_event","Duloxetine + Narcolepsy (anch. drug start) (TAR=30)","Duloxetine + Narcolepsy (anch. drug start) (TAR=30)",0,0,0,"0","0",0,69,1314,30
2286,"generic_intersection_drug_event","Duloxetine + Narcolepsy (anch. drug start) (TAR=90)","Duloxetine + Narcolepsy (anch. drug start) (TAR=90)",0,0,0,"0","0",0,286,1314,90
3021,"generic_intersection_drug_event","Duloxetine + Narcolepsy (anch. drug start) (TAR=365)","Duloxetine + Narcolepsy (anch. drug start) (TAR=365)",0,0,0,"0","0",0,503,1314,365
3756,"generic_intersection_drug_event2","Duloxetine + Narcolepsy (anch. event start) (TAR=30)","Duloxetine + Narcolepsy (anch. event start) (TAR=30)",0,0,0,"0","0",0,69,1314,30
4491,"generic_intersection_drug_event2","Duloxetine + Narcolepsy (anch. event start) (TAR=90)","Duloxetine + Narcolepsy (anch. event start) (TAR=90)",0,0,0,"0","0",0,286,1314,90
5226,"generic_intersection_drug_event2","Duloxetine + Narcolepsy (anch. event start) (TAR=365)","Duloxetine + Narcolepsy (anch. event start) (TAR=365)",0,0,0,"0","0",0,503,1314,365
