"cohortId","name","cohortName","logicDescription","phenotypeId","atlasId","concept_id","concept_name","concept_code","matching_drug_cohort_id","intersection_drug","intersection_event","fixed_TAR"
13,"generic_target_drug_cohort","Apixaban (TAR=30)","Apixaban (TAR=30)",0,0,43013024,"apixaban","1364430",0,0,0,30
230,"generic_target_drug_cohort","Apixaban (TAR=90)","Apixaban (TAR=90)",0,0,43013024,"apixaban","1364430",0,0,0,90
447,"generic_target_drug_cohort","Apixaban (TAR=365)","Apixaban (TAR=365)",0,0,43013024,"apixaban","1364430",0,0,0,365
664,"generic_comparator_drug_cohort","All drugs (matched to Apixaban) (TAR=30)","All drugs (matched to Apixaban) (TAR=30)",0,0,0,"0","0",13,0,0,30
881,"generic_comparator_drug_cohort","All drugs (matched to Apixaban) (TAR=90)","All drugs (matched to Apixaban) (TAR=90)",0,0,0,"0","0",230,0,0,90
1098,"generic_comparator_drug_cohort","All drugs (matched to Apixaban) (TAR=365)","All drugs (matched to Apixaban) (TAR=365)",0,0,0,"0","0",447,0,0,365
1316,"411","Pulmonary Embolism","Pulmonary Embolism",411,0,0,"0","0",0,0,0,0
1358,"generic_intersection_drug_event","Apixaban + Pulmonary Embolism (anch. drug start) (TAR=30)","Apixaban + Pulmonary Embolism (anch. drug start) (TAR=30)",0,0,0,"0","0",0,13,1316,30
2093,"generic_intersection_drug_event","Apixaban + Pulmonary Embolism (anch. drug start) (TAR=90)","Apixaban + Pulmonary Embolism (anch. drug start) (TAR=90)",0,0,0,"0","0",0,230,1316,90
2828,"generic_intersection_drug_event","Apixaban + Pulmonary Embolism (anch. drug start) (TAR=365)","Apixaban + Pulmonary Embolism (anch. drug start) (TAR=365)",0,0,0,"0","0",0,447,1316,365
3563,"generic_intersection_drug_event2","Apixaban + Pulmonary Embolism (anch. event start) (TAR=30)","Apixaban + Pulmonary Embolism (anch. event start) (TAR=30)",0,0,0,"0","0",0,13,1316,30
4298,"generic_intersection_drug_event2","Apixaban + Pulmonary Embolism (anch. event start) (TAR=90)","Apixaban + Pulmonary Embolism (anch. event start) (TAR=90)",0,0,0,"0","0",0,230,1316,90
5033,"generic_intersection_drug_event2","Apixaban + Pulmonary Embolism (anch. event start) (TAR=365)","Apixaban + Pulmonary Embolism (anch. event start) (TAR=365)",0,0,0,"0","0",0,447,1316,365
