"cohortId","name","cohortName","logicDescription","phenotypeId","atlasId","concept_id","concept_name","concept_code","matching_drug_cohort_id","intersection_drug","intersection_event","fixed_TAR"
71,"generic_target_drug_cohort","Enoxaparin (TAR=30)","Enoxaparin (TAR=30)",0,0,1301025,"Enoxaparin","67108",0,0,0,30
288,"generic_target_drug_cohort","Enoxaparin (TAR=90)","Enoxaparin (TAR=90)",0,0,1301025,"Enoxaparin","67108",0,0,0,90
505,"generic_target_drug_cohort","Enoxaparin (TAR=365)","Enoxaparin (TAR=365)",0,0,1301025,"Enoxaparin","67108",0,0,0,365
722,"generic_comparator_drug_cohort","All drugs (matched to Enoxaparin) (TAR=30)","All drugs (matched to Enoxaparin) (TAR=30)",0,0,0,"0","0",71,0,0,30
939,"generic_comparator_drug_cohort","All drugs (matched to Enoxaparin) (TAR=90)","All drugs (matched to Enoxaparin) (TAR=90)",0,0,0,"0","0",288,0,0,90
1156,"generic_comparator_drug_cohort","All drugs (matched to Enoxaparin) (TAR=365)","All drugs (matched to Enoxaparin) (TAR=365)",0,0,0,"0","0",505,0,0,365
1303,"340","Acute Myocardial Infarction","Acute Myocardial Infarction",340,0,0,"0","0",0,0,0,0
1553,"generic_intersection_drug_event","Enoxaparin + Acute Myocardial Infarction (anch. drug start) (TAR=30)","Enoxaparin + Acute Myocardial Infarction (anch. drug start) (TAR=30)",0,0,0,"0","0",0,71,1303,30
2288,"generic_intersection_drug_event","Enoxaparin + Acute Myocardial Infarction (anch. drug start) (TAR=90)","Enoxaparin + Acute Myocardial Infarction (anch. drug start) (TAR=90)",0,0,0,"0","0",0,288,1303,90
3023,"generic_intersection_drug_event","Enoxaparin + Acute Myocardial Infarction (anch. drug start) (TAR=365)","Enoxaparin + Acute Myocardial Infarction (anch. drug start) (TAR=365)",0,0,0,"0","0",0,505,1303,365
3758,"generic_intersection_drug_event2","Enoxaparin + Acute Myocardial Infarction (anch. event start) (TAR=30)","Enoxaparin + Acute Myocardial Infarction (anch. event start) (TAR=30)",0,0,0,"0","0",0,71,1303,30
4493,"generic_intersection_drug_event2","Enoxaparin + Acute Myocardial Infarction (anch. event start) (TAR=90)","Enoxaparin + Acute Myocardial Infarction (anch. event start) (TAR=90)",0,0,0,"0","0",0,288,1303,90
5228,"generic_intersection_drug_event2","Enoxaparin + Acute Myocardial Infarction (anch. event start) (TAR=365)","Enoxaparin + Acute Myocardial Infarction (anch. event start) (TAR=365)",0,0,0,"0","0",0,505,1303,365
