"cohortId","name","cohortName","logicDescription","phenotypeId","atlasId","concept_id","concept_name","concept_code","matching_drug_cohort_id","intersection_drug","intersection_event","fixed_TAR"
77,"generic_target_drug_cohort","Ethambutol (TAR=30)","Ethambutol (TAR=30)",0,0,1749301,"Ethambutol","4110",0,0,0,30
294,"generic_target_drug_cohort","Ethambutol (TAR=90)","Ethambutol (TAR=90)",0,0,1749301,"Ethambutol","4110",0,0,0,90
511,"generic_target_drug_cohort","Ethambutol (TAR=365)","Ethambutol (TAR=365)",0,0,1749301,"Ethambutol","4110",0,0,0,365
728,"generic_comparator_drug_cohort","All drugs (matched to Ethambutol) (TAR=30)","All drugs (matched to Ethambutol) (TAR=30)",0,0,0,"0","0",77,0,0,30
945,"generic_comparator_drug_cohort","All drugs (matched to Ethambutol) (TAR=90)","All drugs (matched to Ethambutol) (TAR=90)",0,0,0,"0","0",294,0,0,90
1162,"generic_comparator_drug_cohort","All drugs (matched to Ethambutol) (TAR=365)","All drugs (matched to Ethambutol) (TAR=365)",0,0,0,"0","0",511,0,0,365
1312,"335","Immune Thrombocytopenia (ITP)","Immune Thrombocytopenia (ITP)",335,0,0,"0","0",0,0,0,0
1578,"generic_intersection_drug_event","Ethambutol + Immune Thrombocytopenia (ITP) (anch. drug start) (TAR=30)","Ethambutol + Immune Thrombocytopenia (ITP) (anch. drug start) (TAR=30)",0,0,0,"0","0",0,77,1312,30
2313,"generic_intersection_drug_event","Ethambutol + Immune Thrombocytopenia (ITP) (anch. drug start) (TAR=90)","Ethambutol + Immune Thrombocytopenia (ITP) (anch. drug start) (TAR=90)",0,0,0,"0","0",0,294,1312,90
3048,"generic_intersection_drug_event","Ethambutol + Immune Thrombocytopenia (ITP) (anch. drug start) (TAR=365)","Ethambutol + Immune Thrombocytopenia (ITP) (anch. drug start) (TAR=365)",0,0,0,"0","0",0,511,1312,365
3783,"generic_intersection_drug_event2","Ethambutol + Immune Thrombocytopenia (ITP) (anch. event start) (TAR=30)","Ethambutol + Immune Thrombocytopenia (ITP) (anch. event start) (TAR=30)",0,0,0,"0","0",0,77,1312,30
4518,"generic_intersection_drug_event2","Ethambutol + Immune Thrombocytopenia (ITP) (anch. event start) (TAR=90)","Ethambutol + Immune Thrombocytopenia (ITP) (anch. event start) (TAR=90)",0,0,0,"0","0",0,294,1312,90
5253,"generic_intersection_drug_event2","Ethambutol + Immune Thrombocytopenia (ITP) (anch. event start) (TAR=365)","Ethambutol + Immune Thrombocytopenia (ITP) (anch. event start) (TAR=365)",0,0,0,"0","0",0,511,1312,365
