"cohortId","name","cohortName","logicDescription","phenotypeId","atlasId","concept_id","concept_name","concept_code","matching_drug_cohort_id","intersection_drug","intersection_event","fixed_TAR"
98,"generic_target_drug_cohort","Haloperidol (TAR=30)","Haloperidol (TAR=30)",0,0,766529,"Haloperidol","5093",0,0,0,30
315,"generic_target_drug_cohort","Haloperidol (TAR=90)","Haloperidol (TAR=90)",0,0,766529,"Haloperidol","5093",0,0,0,90
532,"generic_target_drug_cohort","Haloperidol (TAR=365)","Haloperidol (TAR=365)",0,0,766529,"Haloperidol","5093",0,0,0,365
749,"generic_comparator_drug_cohort","All drugs (matched to Haloperidol) (TAR=30)","All drugs (matched to Haloperidol) (TAR=30)",0,0,0,"0","0",98,0,0,30
966,"generic_comparator_drug_cohort","All drugs (matched to Haloperidol) (TAR=90)","All drugs (matched to Haloperidol) (TAR=90)",0,0,0,"0","0",315,0,0,90
1183,"generic_comparator_drug_cohort","All drugs (matched to Haloperidol) (TAR=365)","All drugs (matched to Haloperidol) (TAR=365)",0,0,0,"0","0",532,0,0,365
1316,"411","Pulmonary Embolism","Pulmonary Embolism",411,0,0,"0","0",0,0,0,0
1641,"generic_intersection_drug_event","Haloperidol + Pulmonary Embolism (anch. drug start) (TAR=30)","Haloperidol + Pulmonary Embolism (anch. drug start) (TAR=30)",0,0,0,"0","0",0,98,1316,30
2376,"generic_intersection_drug_event","Haloperidol + Pulmonary Embolism (anch. drug start) (TAR=90)","Haloperidol + Pulmonary Embolism (anch. drug start) (TAR=90)",0,0,0,"0","0",0,315,1316,90
3111,"generic_intersection_drug_event","Haloperidol + Pulmonary Embolism (anch. drug start) (TAR=365)","Haloperidol + Pulmonary Embolism (anch. drug start) (TAR=365)",0,0,0,"0","0",0,532,1316,365
3846,"generic_intersection_drug_event2","Haloperidol + Pulmonary Embolism (anch. event start) (TAR=30)","Haloperidol + Pulmonary Embolism (anch. event start) (TAR=30)",0,0,0,"0","0",0,98,1316,30
4581,"generic_intersection_drug_event2","Haloperidol + Pulmonary Embolism (anch. event start) (TAR=90)","Haloperidol + Pulmonary Embolism (anch. event start) (TAR=90)",0,0,0,"0","0",0,315,1316,90
5316,"generic_intersection_drug_event2","Haloperidol + Pulmonary Embolism (anch. event start) (TAR=365)","Haloperidol + Pulmonary Embolism (anch. event start) (TAR=365)",0,0,0,"0","0",0,532,1316,365
