"cohortId","name","cohortName","logicDescription","phenotypeId","atlasId","concept_id","concept_name","concept_code","matching_drug_cohort_id","intersection_drug","intersection_event","fixed_TAR"
115,"generic_target_drug_cohort","Lapatinib (TAR=30)","Lapatinib (TAR=30)",0,0,1359548,"lapatinib","480167",0,0,0,30
332,"generic_target_drug_cohort","Lapatinib (TAR=90)","Lapatinib (TAR=90)",0,0,1359548,"lapatinib","480167",0,0,0,90
549,"generic_target_drug_cohort","Lapatinib (TAR=365)","Lapatinib (TAR=365)",0,0,1359548,"lapatinib","480167",0,0,0,365
766,"generic_comparator_drug_cohort","All drugs (matched to Lapatinib) (TAR=30)","All drugs (matched to Lapatinib) (TAR=30)",0,0,0,"0","0",115,0,0,30
983,"generic_comparator_drug_cohort","All drugs (matched to Lapatinib) (TAR=90)","All drugs (matched to Lapatinib) (TAR=90)",0,0,0,"0","0",332,0,0,90
1200,"generic_comparator_drug_cohort","All drugs (matched to Lapatinib) (TAR=365)","All drugs (matched to Lapatinib) (TAR=365)",0,0,0,"0","0",549,0,0,365
1307,"402","Deep Vein Thrombosis (DVT)","Deep Vein Thrombosis (DVT)",402,0,0,"0","0",0,0,0,0
1695,"generic_intersection_drug_event","Lapatinib + Deep Vein Thrombosis (DVT) (anch. drug start) (TAR=30)","Lapatinib + Deep Vein Thrombosis (DVT) (anch. drug start) (TAR=30)",0,0,0,"0","0",0,115,1307,30
2430,"generic_intersection_drug_event","Lapatinib + Deep Vein Thrombosis (DVT) (anch. drug start) (TAR=90)","Lapatinib + Deep Vein Thrombosis (DVT) (anch. drug start) (TAR=90)",0,0,0,"0","0",0,332,1307,90
3165,"generic_intersection_drug_event","Lapatinib + Deep Vein Thrombosis (DVT) (anch. drug start) (TAR=365)","Lapatinib + Deep Vein Thrombosis (DVT) (anch. drug start) (TAR=365)",0,0,0,"0","0",0,549,1307,365
3900,"generic_intersection_drug_event2","Lapatinib + Deep Vein Thrombosis (DVT) (anch. event start) (TAR=30)","Lapatinib + Deep Vein Thrombosis (DVT) (anch. event start) (TAR=30)",0,0,0,"0","0",0,115,1307,30
4635,"generic_intersection_drug_event2","Lapatinib + Deep Vein Thrombosis (DVT) (anch. event start) (TAR=90)","Lapatinib + Deep Vein Thrombosis (DVT) (anch. event start) (TAR=90)",0,0,0,"0","0",0,332,1307,90
5370,"generic_intersection_drug_event2","Lapatinib + Deep Vein Thrombosis (DVT) (anch. event start) (TAR=365)","Lapatinib + Deep Vein Thrombosis (DVT) (anch. event start) (TAR=365)",0,0,0,"0","0",0,549,1307,365
