"cohortId","name","cohortName","logicDescription","phenotypeId","atlasId","concept_id","concept_name","concept_code","matching_drug_cohort_id","intersection_drug","intersection_event","fixed_TAR"
7,"generic_target_drug_cohort","Amitriptyline (TAR=30)","Amitriptyline (TAR=30)",0,0,710062,"Amitriptyline","704",0,0,0,30
224,"generic_target_drug_cohort","Amitriptyline (TAR=90)","Amitriptyline (TAR=90)",0,0,710062,"Amitriptyline","704",0,0,0,90
441,"generic_target_drug_cohort","Amitriptyline (TAR=365)","Amitriptyline (TAR=365)",0,0,710062,"Amitriptyline","704",0,0,0,365
658,"generic_comparator_drug_cohort","All drugs (matched to Amitriptyline) (TAR=30)","All drugs (matched to Amitriptyline) (TAR=30)",0,0,0,"0","0",7,0,0,30
875,"generic_comparator_drug_cohort","All drugs (matched to Amitriptyline) (TAR=90)","All drugs (matched to Amitriptyline) (TAR=90)",0,0,0,"0","0",224,0,0,90
1092,"generic_comparator_drug_cohort","All drugs (matched to Amitriptyline) (TAR=365)","All drugs (matched to Amitriptyline) (TAR=365)",0,0,0,"0","0",441,0,0,365
1309,"346","Encephalomyelitis","Encephalomyelitis",346,0,0,"0","0",0,0,0,0
1335,"generic_intersection_drug_event","Amitriptyline + Encephalomyelitis (anch. drug start) (TAR=30)","Amitriptyline + Encephalomyelitis (anch. drug start) (TAR=30)",0,0,0,"0","0",0,7,1309,30
2070,"generic_intersection_drug_event","Amitriptyline + Encephalomyelitis (anch. drug start) (TAR=90)","Amitriptyline + Encephalomyelitis (anch. drug start) (TAR=90)",0,0,0,"0","0",0,224,1309,90
2805,"generic_intersection_drug_event","Amitriptyline + Encephalomyelitis (anch. drug start) (TAR=365)","Amitriptyline + Encephalomyelitis (anch. drug start) (TAR=365)",0,0,0,"0","0",0,441,1309,365
3540,"generic_intersection_drug_event2","Amitriptyline + Encephalomyelitis (anch. event start) (TAR=30)","Amitriptyline + Encephalomyelitis (anch. event start) (TAR=30)",0,0,0,"0","0",0,7,1309,30
4275,"generic_intersection_drug_event2","Amitriptyline + Encephalomyelitis (anch. event start) (TAR=90)","Amitriptyline + Encephalomyelitis (anch. event start) (TAR=90)",0,0,0,"0","0",0,224,1309,90
5010,"generic_intersection_drug_event2","Amitriptyline + Encephalomyelitis (anch. event start) (TAR=365)","Amitriptyline + Encephalomyelitis (anch. event start) (TAR=365)",0,0,0,"0","0",0,441,1309,365
