"cohortId","name","cohortName","logicDescription","phenotypeId","atlasId","concept_id","concept_name","concept_code","matching_drug_cohort_id","intersection_drug","intersection_event","fixed_TAR"
10,"generic_target_drug_cohort","Amphotericin b (TAR=30)","Amphotericin b (TAR=30)",0,0,1717240,"Amphotericin B","732",0,0,0,30
227,"generic_target_drug_cohort","Amphotericin b (TAR=90)","Amphotericin b (TAR=90)",0,0,1717240,"Amphotericin B","732",0,0,0,90
444,"generic_target_drug_cohort","Amphotericin b (TAR=365)","Amphotericin b (TAR=365)",0,0,1717240,"Amphotericin B","732",0,0,0,365
661,"generic_comparator_drug_cohort","All drugs (matched to Amphotericin b) (TAR=30)","All drugs (matched to Amphotericin b) (TAR=30)",0,0,0,"0","0",10,0,0,30
878,"generic_comparator_drug_cohort","All drugs (matched to Amphotericin b) (TAR=90)","All drugs (matched to Amphotericin b) (TAR=90)",0,0,0,"0","0",227,0,0,90
1095,"generic_comparator_drug_cohort","All drugs (matched to Amphotericin b) (TAR=365)","All drugs (matched to Amphotericin b) (TAR=365)",0,0,0,"0","0",444,0,0,365
1307,"402","Deep Vein Thrombosis (DVT)","Deep Vein Thrombosis (DVT)",402,0,0,"0","0",0,0,0,0
1344,"generic_intersection_drug_event","Amphotericin b + Deep Vein Thrombosis (DVT) (anch. drug start) (TAR=30)","Amphotericin b + Deep Vein Thrombosis (DVT) (anch. drug start) (TAR=30)",0,0,0,"0","0",0,10,1307,30
2079,"generic_intersection_drug_event","Amphotericin b + Deep Vein Thrombosis (DVT) (anch. drug start) (TAR=90)","Amphotericin b + Deep Vein Thrombosis (DVT) (anch. drug start) (TAR=90)",0,0,0,"0","0",0,227,1307,90
2814,"generic_intersection_drug_event","Amphotericin b + Deep Vein Thrombosis (DVT) (anch. drug start) (TAR=365)","Amphotericin b + Deep Vein Thrombosis (DVT) (anch. drug start) (TAR=365)",0,0,0,"0","0",0,444,1307,365
3549,"generic_intersection_drug_event2","Amphotericin b + Deep Vein Thrombosis (DVT) (anch. event start) (TAR=30)","Amphotericin b + Deep Vein Thrombosis (DVT) (anch. event start) (TAR=30)",0,0,0,"0","0",0,10,1307,30
4284,"generic_intersection_drug_event2","Amphotericin b + Deep Vein Thrombosis (DVT) (anch. event start) (TAR=90)","Amphotericin b + Deep Vein Thrombosis (DVT) (anch. event start) (TAR=90)",0,0,0,"0","0",0,227,1307,90
5019,"generic_intersection_drug_event2","Amphotericin b + Deep Vein Thrombosis (DVT) (anch. event start) (TAR=365)","Amphotericin b + Deep Vein Thrombosis (DVT) (anch. event start) (TAR=365)",0,0,0,"0","0",0,444,1307,365
