"cohortId","name","cohortName","logicDescription","phenotypeId","atlasId","concept_id","concept_name","concept_code","matching_drug_cohort_id","intersection_drug","intersection_event","fixed_TAR"
173,"generic_target_drug_cohort","Prednisone (TAR=30)","Prednisone (TAR=30)",0,0,1551099,"Prednisone","8640",0,0,0,30
390,"generic_target_drug_cohort","Prednisone (TAR=90)","Prednisone (TAR=90)",0,0,1551099,"Prednisone","8640",0,0,0,90
607,"generic_target_drug_cohort","Prednisone (TAR=365)","Prednisone (TAR=365)",0,0,1551099,"Prednisone","8640",0,0,0,365
824,"generic_comparator_drug_cohort","All drugs (matched to Prednisone) (TAR=30)","All drugs (matched to Prednisone) (TAR=30)",0,0,0,"0","0",173,0,0,30
1041,"generic_comparator_drug_cohort","All drugs (matched to Prednisone) (TAR=90)","All drugs (matched to Prednisone) (TAR=90)",0,0,0,"0","0",390,0,0,90
1258,"generic_comparator_drug_cohort","All drugs (matched to Prednisone) (TAR=365)","All drugs (matched to Prednisone) (TAR=365)",0,0,0,"0","0",607,0,0,365
1309,"346","Encephalomyelitis","Encephalomyelitis",346,0,0,"0","0",0,0,0,0
1892,"generic_intersection_drug_event","Prednisone + Encephalomyelitis (anch. drug start) (TAR=30)","Prednisone + Encephalomyelitis (anch. drug start) (TAR=30)",0,0,0,"0","0",0,173,1309,30
2627,"generic_intersection_drug_event","Prednisone + Encephalomyelitis (anch. drug start) (TAR=90)","Prednisone + Encephalomyelitis (anch. drug start) (TAR=90)",0,0,0,"0","0",0,390,1309,90
3362,"generic_intersection_drug_event","Prednisone + Encephalomyelitis (anch. drug start) (TAR=365)","Prednisone + Encephalomyelitis (anch. drug start) (TAR=365)",0,0,0,"0","0",0,607,1309,365
4097,"generic_intersection_drug_event2","Prednisone + Encephalomyelitis (anch. event start) (TAR=30)","Prednisone + Encephalomyelitis (anch. event start) (TAR=30)",0,0,0,"0","0",0,173,1309,30
4832,"generic_intersection_drug_event2","Prednisone + Encephalomyelitis (anch. event start) (TAR=90)","Prednisone + Encephalomyelitis (anch. event start) (TAR=90)",0,0,0,"0","0",0,390,1309,90
5567,"generic_intersection_drug_event2","Prednisone + Encephalomyelitis (anch. event start) (TAR=365)","Prednisone + Encephalomyelitis (anch. event start) (TAR=365)",0,0,0,"0","0",0,607,1309,365
