"cohortId","name","cohortName","logicDescription","phenotypeId","atlasId","concept_id","concept_name","concept_code","matching_drug_cohort_id","intersection_drug","intersection_event","fixed_TAR"
204,"generic_target_drug_cohort","Testosterone (TAR=30)","Testosterone (TAR=30)",0,0,1636780,"Testosterone","10379",0,0,0,30
421,"generic_target_drug_cohort","Testosterone (TAR=90)","Testosterone (TAR=90)",0,0,1636780,"Testosterone","10379",0,0,0,90
638,"generic_target_drug_cohort","Testosterone (TAR=365)","Testosterone (TAR=365)",0,0,1636780,"Testosterone","10379",0,0,0,365
855,"generic_comparator_drug_cohort","All drugs (matched to Testosterone) (TAR=30)","All drugs (matched to Testosterone) (TAR=30)",0,0,0,"0","0",204,0,0,30
1072,"generic_comparator_drug_cohort","All drugs (matched to Testosterone) (TAR=90)","All drugs (matched to Testosterone) (TAR=90)",0,0,0,"0","0",421,0,0,90
1289,"generic_comparator_drug_cohort","All drugs (matched to Testosterone) (TAR=365)","All drugs (matched to Testosterone) (TAR=365)",0,0,0,"0","0",638,0,0,365
1315,"406","Non-hemorrhagic Stroke","Non-hemorrhagic Stroke",406,0,0,"0","0",0,0,0,0
2007,"generic_intersection_drug_event","Testosterone + Non-hemorrhagic Stroke (anch. drug start) (TAR=30)","Testosterone + Non-hemorrhagic Stroke (anch. drug start) (TAR=30)",0,0,0,"0","0",0,204,1315,30
2742,"generic_intersection_drug_event","Testosterone + Non-hemorrhagic Stroke (anch. drug start) (TAR=90)","Testosterone + Non-hemorrhagic Stroke (anch. drug start) (TAR=90)",0,0,0,"0","0",0,421,1315,90
3477,"generic_intersection_drug_event","Testosterone + Non-hemorrhagic Stroke (anch. drug start) (TAR=365)","Testosterone + Non-hemorrhagic Stroke (anch. drug start) (TAR=365)",0,0,0,"0","0",0,638,1315,365
4212,"generic_intersection_drug_event2","Testosterone + Non-hemorrhagic Stroke (anch. event start) (TAR=30)","Testosterone + Non-hemorrhagic Stroke (anch. event start) (TAR=30)",0,0,0,"0","0",0,204,1315,30
4947,"generic_intersection_drug_event2","Testosterone + Non-hemorrhagic Stroke (anch. event start) (TAR=90)","Testosterone + Non-hemorrhagic Stroke (anch. event start) (TAR=90)",0,0,0,"0","0",0,421,1315,90
5682,"generic_intersection_drug_event2","Testosterone + Non-hemorrhagic Stroke (anch. event start) (TAR=365)","Testosterone + Non-hemorrhagic Stroke (anch. event start) (TAR=365)",0,0,0,"0","0",0,638,1315,365
