"cohortId","name","cohortName","logicDescription","phenotypeId","atlasId","concept_id","concept_name","concept_code","matching_drug_cohort_id","intersection_drug","intersection_event","fixed_TAR"
102,"generic_target_drug_cohort","Ibrutinib (TAR=30)","Ibrutinib (TAR=30)",0,0,44507848,"Ibrutinib","1442981",0,0,0,30
319,"generic_target_drug_cohort","Ibrutinib (TAR=90)","Ibrutinib (TAR=90)",0,0,44507848,"Ibrutinib","1442981",0,0,0,90
536,"generic_target_drug_cohort","Ibrutinib (TAR=365)","Ibrutinib (TAR=365)",0,0,44507848,"Ibrutinib","1442981",0,0,0,365
753,"generic_comparator_drug_cohort","All drugs (matched to Ibrutinib) (TAR=30)","All drugs (matched to Ibrutinib) (TAR=30)",0,0,0,"0","0",102,0,0,30
970,"generic_comparator_drug_cohort","All drugs (matched to Ibrutinib) (TAR=90)","All drugs (matched to Ibrutinib) (TAR=90)",0,0,0,"0","0",319,0,0,90
1187,"generic_comparator_drug_cohort","All drugs (matched to Ibrutinib) (TAR=365)","All drugs (matched to Ibrutinib) (TAR=365)",0,0,0,"0","0",536,0,0,365
1311,"405","Hemorrhagic Stroke","Hemorrhagic Stroke",405,0,0,"0","0",0,0,0,0
1658,"generic_intersection_drug_event","Ibrutinib + Hemorrhagic Stroke (anch. drug start) (TAR=30)","Ibrutinib + Hemorrhagic Stroke (anch. drug start) (TAR=30)",0,0,0,"0","0",0,102,1311,30
2393,"generic_intersection_drug_event","Ibrutinib + Hemorrhagic Stroke (anch. drug start) (TAR=90)","Ibrutinib + Hemorrhagic Stroke (anch. drug start) (TAR=90)",0,0,0,"0","0",0,319,1311,90
3128,"generic_intersection_drug_event","Ibrutinib + Hemorrhagic Stroke (anch. drug start) (TAR=365)","Ibrutinib + Hemorrhagic Stroke (anch. drug start) (TAR=365)",0,0,0,"0","0",0,536,1311,365
3863,"generic_intersection_drug_event2","Ibrutinib + Hemorrhagic Stroke (anch. event start) (TAR=30)","Ibrutinib + Hemorrhagic Stroke (anch. event start) (TAR=30)",0,0,0,"0","0",0,102,1311,30
4598,"generic_intersection_drug_event2","Ibrutinib + Hemorrhagic Stroke (anch. event start) (TAR=90)","Ibrutinib + Hemorrhagic Stroke (anch. event start) (TAR=90)",0,0,0,"0","0",0,319,1311,90
5333,"generic_intersection_drug_event2","Ibrutinib + Hemorrhagic Stroke (anch. event start) (TAR=365)","Ibrutinib + Hemorrhagic Stroke (anch. event start) (TAR=365)",0,0,0,"0","0",0,536,1311,365
