"cohortId","name","cohortName","logicDescription","phenotypeId","atlasId","concept_id","concept_name","concept_code","matching_drug_cohort_id","intersection_drug","intersection_event","fixed_TAR"
99,"generic_target_drug_cohort","Heparin (TAR=30)","Heparin (TAR=30)",0,0,1367571,"heparin","5224",0,0,0,30
316,"generic_target_drug_cohort","Heparin (TAR=90)","Heparin (TAR=90)",0,0,1367571,"heparin","5224",0,0,0,90
533,"generic_target_drug_cohort","Heparin (TAR=365)","Heparin (TAR=365)",0,0,1367571,"heparin","5224",0,0,0,365
750,"generic_comparator_drug_cohort","All drugs (matched to Heparin) (TAR=30)","All drugs (matched to Heparin) (TAR=30)",0,0,0,"0","0",99,0,0,30
967,"generic_comparator_drug_cohort","All drugs (matched to Heparin) (TAR=90)","All drugs (matched to Heparin) (TAR=90)",0,0,0,"0","0",316,0,0,90
1184,"generic_comparator_drug_cohort","All drugs (matched to Heparin) (TAR=365)","All drugs (matched to Heparin) (TAR=365)",0,0,0,"0","0",533,0,0,365
1311,"405","Hemorrhagic Stroke","Hemorrhagic Stroke",405,0,0,"0","0",0,0,0,0
1646,"generic_intersection_drug_event","Heparin + Hemorrhagic Stroke (anch. drug start) (TAR=30)","Heparin + Hemorrhagic Stroke (anch. drug start) (TAR=30)",0,0,0,"0","0",0,99,1311,30
2381,"generic_intersection_drug_event","Heparin + Hemorrhagic Stroke (anch. drug start) (TAR=90)","Heparin + Hemorrhagic Stroke (anch. drug start) (TAR=90)",0,0,0,"0","0",0,316,1311,90
3116,"generic_intersection_drug_event","Heparin + Hemorrhagic Stroke (anch. drug start) (TAR=365)","Heparin + Hemorrhagic Stroke (anch. drug start) (TAR=365)",0,0,0,"0","0",0,533,1311,365
3851,"generic_intersection_drug_event2","Heparin + Hemorrhagic Stroke (anch. event start) (TAR=30)","Heparin + Hemorrhagic Stroke (anch. event start) (TAR=30)",0,0,0,"0","0",0,99,1311,30
4586,"generic_intersection_drug_event2","Heparin + Hemorrhagic Stroke (anch. event start) (TAR=90)","Heparin + Hemorrhagic Stroke (anch. event start) (TAR=90)",0,0,0,"0","0",0,316,1311,90
5321,"generic_intersection_drug_event2","Heparin + Hemorrhagic Stroke (anch. event start) (TAR=365)","Heparin + Hemorrhagic Stroke (anch. event start) (TAR=365)",0,0,0,"0","0",0,533,1311,365
