cohortId,name,cohortName,logicDescription,phenotypeId,atlasId,concept_id,concept_name,concept_code,matching_drug_cohort_id,intersection_drug,intersection_event
111808400,generic_target_drug_cohort,"Celecoxis","Celecoxis",0,0,1118084,celecoxib,140587,0,0,0
111808499,generic_comparator_drug_cohort,"All drugs: matched to target drug","All drugs: matched to target drug",0,0,0,0,0,111808400,0,0
17720,17720,[PL 201826003] Type 2 diabetes mellitus prevalent cohort: First condition occurrence of 'Type 2 diabetes mellitus' conceptset or observation of 'History of diabetes',[PL 201826003] Type 2 diabetes mellitus prevalent cohort:  First condition occurrence of 'Type 2 diabetes mellitus' conceptset or observation of 'History of diabetes',201820000,0,0,0,0,0,0,0
14909,14909,[Cohort Diagnostics] Gastrointestinal hemorrhage for Eunomia,[Cohort Diagnostics] Gastrointestinal hemorrhage for Eunomia,192671000,0,0,0,0,0,0,0
14907,14907,[1124300003] Users of diclofenac with no history of gastrointestinal hemorrhage,[1124300003] Users of diclofenac with no history of gastrointestinal hemorrhage,0,0,0,0,0,0,0,0
1118084014907,generic_intersection_drug_event,"Celecoxis - diclofenac intersection","Celecoxis - diclofenac intersection",0,0,0,0,0,0,111808400,14907
1118084914907,generic_intersection_drug_event,"All drugs - diclofenac intersection","All drugs - diclofenac intersection",0,0,0,0,0,0,111808499,14907
1118084014909,generic_intersection_drug_event,"Celecoxis - Gastrointestinal hemorrhage intersection","Celecoxis - Gastrointestinal hemorrhage intersection",0,0,0,0,0,0,111808400,14909
1118084914909,generic_intersection_drug_event,"All drugs - Gastrointestinal hemorrhage intersection","All drugs - Gastrointestinal hemorrhage intersection",0,0,0,0,0,0,111808499,14909
1118084017720,generic_intersection_drug_event,"Celecoxis - Type 2 diabetes mellitus intersection","Celecoxis - Type 2 diabetes mellitus intersection",0,0,0,0,0,0,111808400,17720
1118084917720,generic_intersection_drug_event,"All drugs - Type 2 diabetes mellitus intersection","All drugs - Type 2 diabetes mellitus intersection",0,0,0,0,0,0,111808499,17720
