"cohortId","name","cohortName","logicDescription","phenotypeId","atlasId","concept_id","concept_name","concept_code","matching_drug_cohort_id","intersection_drug","intersection_event","fixed_TAR"
203,"generic_target_drug_cohort","Teriflunomide (TAR=30)","Teriflunomide (TAR=30)",0,0,42900584,"teriflunomide","1310520",0,0,0,30
420,"generic_target_drug_cohort","Teriflunomide (TAR=90)","Teriflunomide (TAR=90)",0,0,42900584,"teriflunomide","1310520",0,0,0,90
637,"generic_target_drug_cohort","Teriflunomide (TAR=365)","Teriflunomide (TAR=365)",0,0,42900584,"teriflunomide","1310520",0,0,0,365
854,"generic_comparator_drug_cohort","All drugs (matched to Teriflunomide) (TAR=30)","All drugs (matched to Teriflunomide) (TAR=30)",0,0,0,"0","0",203,0,0,30
1071,"generic_comparator_drug_cohort","All drugs (matched to Teriflunomide) (TAR=90)","All drugs (matched to Teriflunomide) (TAR=90)",0,0,0,"0","0",420,0,0,90
1288,"generic_comparator_drug_cohort","All drugs (matched to Teriflunomide) (TAR=365)","All drugs (matched to Teriflunomide) (TAR=365)",0,0,0,"0","0",637,0,0,365
1305,"386","Appendicitis","Appendicitis",386,0,0,"0","0",0,0,0,0
2000,"generic_intersection_drug_event","Teriflunomide + Appendicitis (anch. drug start) (TAR=30)","Teriflunomide + Appendicitis (anch. drug start) (TAR=30)",0,0,0,"0","0",0,203,1305,30
2735,"generic_intersection_drug_event","Teriflunomide + Appendicitis (anch. drug start) (TAR=90)","Teriflunomide + Appendicitis (anch. drug start) (TAR=90)",0,0,0,"0","0",0,420,1305,90
3470,"generic_intersection_drug_event","Teriflunomide + Appendicitis (anch. drug start) (TAR=365)","Teriflunomide + Appendicitis (anch. drug start) (TAR=365)",0,0,0,"0","0",0,637,1305,365
4205,"generic_intersection_drug_event2","Teriflunomide + Appendicitis (anch. event start) (TAR=30)","Teriflunomide + Appendicitis (anch. event start) (TAR=30)",0,0,0,"0","0",0,203,1305,30
4940,"generic_intersection_drug_event2","Teriflunomide + Appendicitis (anch. event start) (TAR=90)","Teriflunomide + Appendicitis (anch. event start) (TAR=90)",0,0,0,"0","0",0,420,1305,90
5675,"generic_intersection_drug_event2","Teriflunomide + Appendicitis (anch. event start) (TAR=365)","Teriflunomide + Appendicitis (anch. event start) (TAR=365)",0,0,0,"0","0",0,637,1305,365
