"cohortId","name","cohortName","logicDescription","phenotypeId","atlasId","concept_id","concept_name","concept_code","matching_drug_cohort_id","intersection_drug","intersection_event","fixed_TAR"
215,"generic_target_drug_cohort","Warfarin (TAR=30)","Warfarin (TAR=30)",0,0,1310149,"Warfarin","11289",0,0,0,30
432,"generic_target_drug_cohort","Warfarin (TAR=90)","Warfarin (TAR=90)",0,0,1310149,"Warfarin","11289",0,0,0,90
649,"generic_target_drug_cohort","Warfarin (TAR=365)","Warfarin (TAR=365)",0,0,1310149,"Warfarin","11289",0,0,0,365
866,"generic_comparator_drug_cohort","All drugs (matched to Warfarin) (TAR=30)","All drugs (matched to Warfarin) (TAR=30)",0,0,0,"0","0",215,0,0,30
1083,"generic_comparator_drug_cohort","All drugs (matched to Warfarin) (TAR=90)","All drugs (matched to Warfarin) (TAR=90)",0,0,0,"0","0",432,0,0,90
1300,"generic_comparator_drug_cohort","All drugs (matched to Warfarin) (TAR=365)","All drugs (matched to Warfarin) (TAR=365)",0,0,0,"0","0",649,0,0,365
1315,"406","Non-hemorrhagic Stroke","Non-hemorrhagic Stroke",406,0,0,"0","0",0,0,0,0
2045,"generic_intersection_drug_event","Warfarin + Non-hemorrhagic Stroke (anch. drug start) (TAR=30)","Warfarin + Non-hemorrhagic Stroke (anch. drug start) (TAR=30)",0,0,0,"0","0",0,215,1315,30
2780,"generic_intersection_drug_event","Warfarin + Non-hemorrhagic Stroke (anch. drug start) (TAR=90)","Warfarin + Non-hemorrhagic Stroke (anch. drug start) (TAR=90)",0,0,0,"0","0",0,432,1315,90
3515,"generic_intersection_drug_event","Warfarin + Non-hemorrhagic Stroke (anch. drug start) (TAR=365)","Warfarin + Non-hemorrhagic Stroke (anch. drug start) (TAR=365)",0,0,0,"0","0",0,649,1315,365
4250,"generic_intersection_drug_event2","Warfarin + Non-hemorrhagic Stroke (anch. event start) (TAR=30)","Warfarin + Non-hemorrhagic Stroke (anch. event start) (TAR=30)",0,0,0,"0","0",0,215,1315,30
4985,"generic_intersection_drug_event2","Warfarin + Non-hemorrhagic Stroke (anch. event start) (TAR=90)","Warfarin + Non-hemorrhagic Stroke (anch. event start) (TAR=90)",0,0,0,"0","0",0,432,1315,90
5720,"generic_intersection_drug_event2","Warfarin + Non-hemorrhagic Stroke (anch. event start) (TAR=365)","Warfarin + Non-hemorrhagic Stroke (anch. event start) (TAR=365)",0,0,0,"0","0",0,649,1315,365
