"cohortId","name","cohortName","logicDescription","phenotypeId","atlasId","concept_id","concept_name","concept_code","matching_drug_cohort_id","intersection_drug","intersection_event","fixed_TAR"
71,"generic_target_drug_cohort","Enoxaparin (TAR=30)","Enoxaparin (TAR=30)",0,0,1301025,"Enoxaparin","67108",0,0,0,30
288,"generic_target_drug_cohort","Enoxaparin (TAR=90)","Enoxaparin (TAR=90)",0,0,1301025,"Enoxaparin","67108",0,0,0,90
505,"generic_target_drug_cohort","Enoxaparin (TAR=365)","Enoxaparin (TAR=365)",0,0,1301025,"Enoxaparin","67108",0,0,0,365
722,"generic_comparator_drug_cohort","All drugs (matched to Enoxaparin) (TAR=30)","All drugs (matched to Enoxaparin) (TAR=30)",0,0,0,"0","0",71,0,0,30
939,"generic_comparator_drug_cohort","All drugs (matched to Enoxaparin) (TAR=90)","All drugs (matched to Enoxaparin) (TAR=90)",0,0,0,"0","0",288,0,0,90
1156,"generic_comparator_drug_cohort","All drugs (matched to Enoxaparin) (TAR=365)","All drugs (matched to Enoxaparin) (TAR=365)",0,0,0,"0","0",505,0,0,365
1316,"411","Pulmonary Embolism","Pulmonary Embolism",411,0,0,"0","0",0,0,0,0
1559,"generic_intersection_drug_event","Enoxaparin + Pulmonary Embolism (anch. drug start) (TAR=30)","Enoxaparin + Pulmonary Embolism (anch. drug start) (TAR=30)",0,0,0,"0","0",0,71,1316,30
2294,"generic_intersection_drug_event","Enoxaparin + Pulmonary Embolism (anch. drug start) (TAR=90)","Enoxaparin + Pulmonary Embolism (anch. drug start) (TAR=90)",0,0,0,"0","0",0,288,1316,90
3029,"generic_intersection_drug_event","Enoxaparin + Pulmonary Embolism (anch. drug start) (TAR=365)","Enoxaparin + Pulmonary Embolism (anch. drug start) (TAR=365)",0,0,0,"0","0",0,505,1316,365
3764,"generic_intersection_drug_event2","Enoxaparin + Pulmonary Embolism (anch. event start) (TAR=30)","Enoxaparin + Pulmonary Embolism (anch. event start) (TAR=30)",0,0,0,"0","0",0,71,1316,30
4499,"generic_intersection_drug_event2","Enoxaparin + Pulmonary Embolism (anch. event start) (TAR=90)","Enoxaparin + Pulmonary Embolism (anch. event start) (TAR=90)",0,0,0,"0","0",0,288,1316,90
5234,"generic_intersection_drug_event2","Enoxaparin + Pulmonary Embolism (anch. event start) (TAR=365)","Enoxaparin + Pulmonary Embolism (anch. event start) (TAR=365)",0,0,0,"0","0",0,505,1316,365
