"cohortId","name","cohortName","logicDescription","phenotypeId","atlasId","concept_id","concept_name","concept_code","matching_drug_cohort_id","intersection_drug","intersection_event","fixed_TAR"
185,"generic_target_drug_cohort","Rivaroxaban (TAR=30)","Rivaroxaban (TAR=30)",0,0,40241331,"rivaroxaban","1114195",0,0,0,30
402,"generic_target_drug_cohort","Rivaroxaban (TAR=90)","Rivaroxaban (TAR=90)",0,0,40241331,"rivaroxaban","1114195",0,0,0,90
619,"generic_target_drug_cohort","Rivaroxaban (TAR=365)","Rivaroxaban (TAR=365)",0,0,40241331,"rivaroxaban","1114195",0,0,0,365
836,"generic_comparator_drug_cohort","All drugs (matched to Rivaroxaban) (TAR=30)","All drugs (matched to Rivaroxaban) (TAR=30)",0,0,0,"0","0",185,0,0,30
1053,"generic_comparator_drug_cohort","All drugs (matched to Rivaroxaban) (TAR=90)","All drugs (matched to Rivaroxaban) (TAR=90)",0,0,0,"0","0",402,0,0,90
1270,"generic_comparator_drug_cohort","All drugs (matched to Rivaroxaban) (TAR=365)","All drugs (matched to Rivaroxaban) (TAR=365)",0,0,0,"0","0",619,0,0,365
1306,"347","Bells Palsy","Bells Palsy",347,0,0,"0","0",0,0,0,0
1935,"generic_intersection_drug_event","Rivaroxaban + Bells Palsy (anch. drug start) (TAR=30)","Rivaroxaban + Bells Palsy (anch. drug start) (TAR=30)",0,0,0,"0","0",0,185,1306,30
2670,"generic_intersection_drug_event","Rivaroxaban + Bells Palsy (anch. drug start) (TAR=90)","Rivaroxaban + Bells Palsy (anch. drug start) (TAR=90)",0,0,0,"0","0",0,402,1306,90
3405,"generic_intersection_drug_event","Rivaroxaban + Bells Palsy (anch. drug start) (TAR=365)","Rivaroxaban + Bells Palsy (anch. drug start) (TAR=365)",0,0,0,"0","0",0,619,1306,365
4140,"generic_intersection_drug_event2","Rivaroxaban + Bells Palsy (anch. event start) (TAR=30)","Rivaroxaban + Bells Palsy (anch. event start) (TAR=30)",0,0,0,"0","0",0,185,1306,30
4875,"generic_intersection_drug_event2","Rivaroxaban + Bells Palsy (anch. event start) (TAR=90)","Rivaroxaban + Bells Palsy (anch. event start) (TAR=90)",0,0,0,"0","0",0,402,1306,90
5610,"generic_intersection_drug_event2","Rivaroxaban + Bells Palsy (anch. event start) (TAR=365)","Rivaroxaban + Bells Palsy (anch. event start) (TAR=365)",0,0,0,"0","0",0,619,1306,365
