"cohortId","name","cohortName","logicDescription","phenotypeId","atlasId","concept_id","concept_name","concept_code","matching_drug_cohort_id","intersection_drug","intersection_event","fixed_TAR"
194,"generic_target_drug_cohort","Sitagliptin (TAR=30)","Sitagliptin (TAR=30)",0,0,1580747,"sitagliptin","593411",0,0,0,30
411,"generic_target_drug_cohort","Sitagliptin (TAR=90)","Sitagliptin (TAR=90)",0,0,1580747,"sitagliptin","593411",0,0,0,90
628,"generic_target_drug_cohort","Sitagliptin (TAR=365)","Sitagliptin (TAR=365)",0,0,1580747,"sitagliptin","593411",0,0,0,365
845,"generic_comparator_drug_cohort","All drugs (matched to Sitagliptin) (TAR=30)","All drugs (matched to Sitagliptin) (TAR=30)",0,0,0,"0","0",194,0,0,30
1062,"generic_comparator_drug_cohort","All drugs (matched to Sitagliptin) (TAR=90)","All drugs (matched to Sitagliptin) (TAR=90)",0,0,0,"0","0",411,0,0,90
1279,"generic_comparator_drug_cohort","All drugs (matched to Sitagliptin) (TAR=365)","All drugs (matched to Sitagliptin) (TAR=365)",0,0,0,"0","0",628,0,0,365
1315,"406","Non-hemorrhagic Stroke","Non-hemorrhagic Stroke",406,0,0,"0","0",0,0,0,0
1962,"generic_intersection_drug_event","Sitagliptin + Non-hemorrhagic Stroke (anch. drug start) (TAR=30)","Sitagliptin + Non-hemorrhagic Stroke (anch. drug start) (TAR=30)",0,0,0,"0","0",0,194,1315,30
2697,"generic_intersection_drug_event","Sitagliptin + Non-hemorrhagic Stroke (anch. drug start) (TAR=90)","Sitagliptin + Non-hemorrhagic Stroke (anch. drug start) (TAR=90)",0,0,0,"0","0",0,411,1315,90
3432,"generic_intersection_drug_event","Sitagliptin + Non-hemorrhagic Stroke (anch. drug start) (TAR=365)","Sitagliptin + Non-hemorrhagic Stroke (anch. drug start) (TAR=365)",0,0,0,"0","0",0,628,1315,365
4167,"generic_intersection_drug_event2","Sitagliptin + Non-hemorrhagic Stroke (anch. event start) (TAR=30)","Sitagliptin + Non-hemorrhagic Stroke (anch. event start) (TAR=30)",0,0,0,"0","0",0,194,1315,30
4902,"generic_intersection_drug_event2","Sitagliptin + Non-hemorrhagic Stroke (anch. event start) (TAR=90)","Sitagliptin + Non-hemorrhagic Stroke (anch. event start) (TAR=90)",0,0,0,"0","0",0,411,1315,90
5637,"generic_intersection_drug_event2","Sitagliptin + Non-hemorrhagic Stroke (anch. event start) (TAR=365)","Sitagliptin + Non-hemorrhagic Stroke (anch. event start) (TAR=365)",0,0,0,"0","0",0,628,1315,365
