"cohortId","name","cohortName","logicDescription","phenotypeId","atlasId","concept_id","concept_name","concept_code","matching_drug_cohort_id","intersection_drug","intersection_event","fixed_TAR"
84,"generic_target_drug_cohort","Fingolimod (TAR=30)","Fingolimod (TAR=30)",0,0,40226579,"fingolimod","1012892",0,0,0,30
301,"generic_target_drug_cohort","Fingolimod (TAR=90)","Fingolimod (TAR=90)",0,0,40226579,"fingolimod","1012892",0,0,0,90
518,"generic_target_drug_cohort","Fingolimod (TAR=365)","Fingolimod (TAR=365)",0,0,40226579,"fingolimod","1012892",0,0,0,365
735,"generic_comparator_drug_cohort","All drugs (matched to Fingolimod) (TAR=30)","All drugs (matched to Fingolimod) (TAR=30)",0,0,0,"0","0",84,0,0,30
952,"generic_comparator_drug_cohort","All drugs (matched to Fingolimod) (TAR=90)","All drugs (matched to Fingolimod) (TAR=90)",0,0,0,"0","0",301,0,0,90
1169,"generic_comparator_drug_cohort","All drugs (matched to Fingolimod) (TAR=365)","All drugs (matched to Fingolimod) (TAR=365)",0,0,0,"0","0",518,0,0,365
1309,"346","Encephalomyelitis","Encephalomyelitis",346,0,0,"0","0",0,0,0,0
1595,"generic_intersection_drug_event","Fingolimod + Encephalomyelitis (anch. drug start) (TAR=30)","Fingolimod + Encephalomyelitis (anch. drug start) (TAR=30)",0,0,0,"0","0",0,84,1309,30
2330,"generic_intersection_drug_event","Fingolimod + Encephalomyelitis (anch. drug start) (TAR=90)","Fingolimod + Encephalomyelitis (anch. drug start) (TAR=90)",0,0,0,"0","0",0,301,1309,90
3065,"generic_intersection_drug_event","Fingolimod + Encephalomyelitis (anch. drug start) (TAR=365)","Fingolimod + Encephalomyelitis (anch. drug start) (TAR=365)",0,0,0,"0","0",0,518,1309,365
3800,"generic_intersection_drug_event2","Fingolimod + Encephalomyelitis (anch. event start) (TAR=30)","Fingolimod + Encephalomyelitis (anch. event start) (TAR=30)",0,0,0,"0","0",0,84,1309,30
4535,"generic_intersection_drug_event2","Fingolimod + Encephalomyelitis (anch. event start) (TAR=90)","Fingolimod + Encephalomyelitis (anch. event start) (TAR=90)",0,0,0,"0","0",0,301,1309,90
5270,"generic_intersection_drug_event2","Fingolimod + Encephalomyelitis (anch. event start) (TAR=365)","Fingolimod + Encephalomyelitis (anch. event start) (TAR=365)",0,0,0,"0","0",0,518,1309,365
