"cohortId","name","cohortName","logicDescription","phenotypeId","atlasId","concept_id","concept_name","concept_code","matching_drug_cohort_id","intersection_drug","intersection_event","fixed_TAR"
55,"generic_target_drug_cohort","Darunavir (TAR=30)","Darunavir (TAR=30)",0,0,1756831,"darunavir","460132",0,0,0,30
272,"generic_target_drug_cohort","Darunavir (TAR=90)","Darunavir (TAR=90)",0,0,1756831,"darunavir","460132",0,0,0,90
489,"generic_target_drug_cohort","Darunavir (TAR=365)","Darunavir (TAR=365)",0,0,1756831,"darunavir","460132",0,0,0,365
706,"generic_comparator_drug_cohort","All drugs (matched to Darunavir) (TAR=30)","All drugs (matched to Darunavir) (TAR=30)",0,0,0,"0","0",55,0,0,30
923,"generic_comparator_drug_cohort","All drugs (matched to Darunavir) (TAR=90)","All drugs (matched to Darunavir) (TAR=90)",0,0,0,"0","0",272,0,0,90
1140,"generic_comparator_drug_cohort","All drugs (matched to Darunavir) (TAR=365)","All drugs (matched to Darunavir) (TAR=365)",0,0,0,"0","0",489,0,0,365
1303,"340","Acute Myocardial Infarction","Acute Myocardial Infarction",340,0,0,"0","0",0,0,0,0
1506,"generic_intersection_drug_event","Darunavir + Acute Myocardial Infarction (anch. drug start) (TAR=30)","Darunavir + Acute Myocardial Infarction (anch. drug start) (TAR=30)",0,0,0,"0","0",0,55,1303,30
2241,"generic_intersection_drug_event","Darunavir + Acute Myocardial Infarction (anch. drug start) (TAR=90)","Darunavir + Acute Myocardial Infarction (anch. drug start) (TAR=90)",0,0,0,"0","0",0,272,1303,90
2976,"generic_intersection_drug_event","Darunavir + Acute Myocardial Infarction (anch. drug start) (TAR=365)","Darunavir + Acute Myocardial Infarction (anch. drug start) (TAR=365)",0,0,0,"0","0",0,489,1303,365
3711,"generic_intersection_drug_event2","Darunavir + Acute Myocardial Infarction (anch. event start) (TAR=30)","Darunavir + Acute Myocardial Infarction (anch. event start) (TAR=30)",0,0,0,"0","0",0,55,1303,30
4446,"generic_intersection_drug_event2","Darunavir + Acute Myocardial Infarction (anch. event start) (TAR=90)","Darunavir + Acute Myocardial Infarction (anch. event start) (TAR=90)",0,0,0,"0","0",0,272,1303,90
5181,"generic_intersection_drug_event2","Darunavir + Acute Myocardial Infarction (anch. event start) (TAR=365)","Darunavir + Acute Myocardial Infarction (anch. event start) (TAR=365)",0,0,0,"0","0",0,489,1303,365
