"cohortId","name","cohortName","logicDescription","phenotypeId","atlasId","concept_id","concept_name","concept_code","matching_drug_cohort_id","intersection_drug","intersection_event","fixed_TAR"
55,"generic_target_drug_cohort","Darunavir (TAR=30)","Darunavir (TAR=30)",0,0,1756831,"darunavir","460132",0,0,0,30
272,"generic_target_drug_cohort","Darunavir (TAR=90)","Darunavir (TAR=90)",0,0,1756831,"darunavir","460132",0,0,0,90
489,"generic_target_drug_cohort","Darunavir (TAR=365)","Darunavir (TAR=365)",0,0,1756831,"darunavir","460132",0,0,0,365
706,"generic_comparator_drug_cohort","All drugs (matched to Darunavir) (TAR=30)","All drugs (matched to Darunavir) (TAR=30)",0,0,0,"0","0",55,0,0,30
923,"generic_comparator_drug_cohort","All drugs (matched to Darunavir) (TAR=90)","All drugs (matched to Darunavir) (TAR=90)",0,0,0,"0","0",272,0,0,90
1140,"generic_comparator_drug_cohort","All drugs (matched to Darunavir) (TAR=365)","All drugs (matched to Darunavir) (TAR=365)",0,0,0,"0","0",489,0,0,365
1314,"345","Narcolepsy","Narcolepsy",345,0,0,"0","0",0,0,0,0
1507,"generic_intersection_drug_event","Darunavir + Narcolepsy (anch. drug start) (TAR=30)","Darunavir + Narcolepsy (anch. drug start) (TAR=30)",0,0,0,"0","0",0,55,1314,30
2242,"generic_intersection_drug_event","Darunavir + Narcolepsy (anch. drug start) (TAR=90)","Darunavir + Narcolepsy (anch. drug start) (TAR=90)",0,0,0,"0","0",0,272,1314,90
2977,"generic_intersection_drug_event","Darunavir + Narcolepsy (anch. drug start) (TAR=365)","Darunavir + Narcolepsy (anch. drug start) (TAR=365)",0,0,0,"0","0",0,489,1314,365
3712,"generic_intersection_drug_event2","Darunavir + Narcolepsy (anch. event start) (TAR=30)","Darunavir + Narcolepsy (anch. event start) (TAR=30)",0,0,0,"0","0",0,55,1314,30
4447,"generic_intersection_drug_event2","Darunavir + Narcolepsy (anch. event start) (TAR=90)","Darunavir + Narcolepsy (anch. event start) (TAR=90)",0,0,0,"0","0",0,272,1314,90
5182,"generic_intersection_drug_event2","Darunavir + Narcolepsy (anch. event start) (TAR=365)","Darunavir + Narcolepsy (anch. event start) (TAR=365)",0,0,0,"0","0",0,489,1314,365
