"cohortId","name","cohortName","logicDescription","phenotypeId","atlasId","concept_id","concept_name","concept_code","matching_drug_cohort_id","intersection_drug","intersection_event","fixed_TAR"
76,"generic_target_drug_cohort","Estradiol (TAR=30)","Estradiol (TAR=30)",0,0,1548195,"Estradiol","4083",0,0,0,30
293,"generic_target_drug_cohort","Estradiol (TAR=90)","Estradiol (TAR=90)",0,0,1548195,"Estradiol","4083",0,0,0,90
510,"generic_target_drug_cohort","Estradiol (TAR=365)","Estradiol (TAR=365)",0,0,1548195,"Estradiol","4083",0,0,0,365
727,"generic_comparator_drug_cohort","All drugs (matched to Estradiol) (TAR=30)","All drugs (matched to Estradiol) (TAR=30)",0,0,0,"0","0",76,0,0,30
944,"generic_comparator_drug_cohort","All drugs (matched to Estradiol) (TAR=90)","All drugs (matched to Estradiol) (TAR=90)",0,0,0,"0","0",293,0,0,90
1161,"generic_comparator_drug_cohort","All drugs (matched to Estradiol) (TAR=365)","All drugs (matched to Estradiol) (TAR=365)",0,0,0,"0","0",510,0,0,365
1316,"411","Pulmonary Embolism","Pulmonary Embolism",411,0,0,"0","0",0,0,0,0
1576,"generic_intersection_drug_event","Estradiol + Pulmonary Embolism (anch. drug start) (TAR=30)","Estradiol + Pulmonary Embolism (anch. drug start) (TAR=30)",0,0,0,"0","0",0,76,1316,30
2311,"generic_intersection_drug_event","Estradiol + Pulmonary Embolism (anch. drug start) (TAR=90)","Estradiol + Pulmonary Embolism (anch. drug start) (TAR=90)",0,0,0,"0","0",0,293,1316,90
3046,"generic_intersection_drug_event","Estradiol + Pulmonary Embolism (anch. drug start) (TAR=365)","Estradiol + Pulmonary Embolism (anch. drug start) (TAR=365)",0,0,0,"0","0",0,510,1316,365
3781,"generic_intersection_drug_event2","Estradiol + Pulmonary Embolism (anch. event start) (TAR=30)","Estradiol + Pulmonary Embolism (anch. event start) (TAR=30)",0,0,0,"0","0",0,76,1316,30
4516,"generic_intersection_drug_event2","Estradiol + Pulmonary Embolism (anch. event start) (TAR=90)","Estradiol + Pulmonary Embolism (anch. event start) (TAR=90)",0,0,0,"0","0",0,293,1316,90
5251,"generic_intersection_drug_event2","Estradiol + Pulmonary Embolism (anch. event start) (TAR=365)","Estradiol + Pulmonary Embolism (anch. event start) (TAR=365)",0,0,0,"0","0",0,510,1316,365
