"cohortId","name","cohortName","logicDescription","phenotypeId","atlasId","concept_id","concept_name","concept_code","matching_drug_cohort_id","intersection_drug","intersection_event","fixed_TAR"
102,"generic_target_drug_cohort","Ibrutinib (TAR=30)","Ibrutinib (TAR=30)",0,0,44507848,"Ibrutinib","1442981",0,0,0,30
319,"generic_target_drug_cohort","Ibrutinib (TAR=90)","Ibrutinib (TAR=90)",0,0,44507848,"Ibrutinib","1442981",0,0,0,90
536,"generic_target_drug_cohort","Ibrutinib (TAR=365)","Ibrutinib (TAR=365)",0,0,44507848,"Ibrutinib","1442981",0,0,0,365
753,"generic_comparator_drug_cohort","All drugs (matched to Ibrutinib) (TAR=30)","All drugs (matched to Ibrutinib) (TAR=30)",0,0,0,"0","0",102,0,0,30
970,"generic_comparator_drug_cohort","All drugs (matched to Ibrutinib) (TAR=90)","All drugs (matched to Ibrutinib) (TAR=90)",0,0,0,"0","0",319,0,0,90
1187,"generic_comparator_drug_cohort","All drugs (matched to Ibrutinib) (TAR=365)","All drugs (matched to Ibrutinib) (TAR=365)",0,0,0,"0","0",536,0,0,365
1309,"346","Encephalomyelitis","Encephalomyelitis",346,0,0,"0","0",0,0,0,0
1656,"generic_intersection_drug_event","Ibrutinib + Encephalomyelitis (anch. drug start) (TAR=30)","Ibrutinib + Encephalomyelitis (anch. drug start) (TAR=30)",0,0,0,"0","0",0,102,1309,30
2391,"generic_intersection_drug_event","Ibrutinib + Encephalomyelitis (anch. drug start) (TAR=90)","Ibrutinib + Encephalomyelitis (anch. drug start) (TAR=90)",0,0,0,"0","0",0,319,1309,90
3126,"generic_intersection_drug_event","Ibrutinib + Encephalomyelitis (anch. drug start) (TAR=365)","Ibrutinib + Encephalomyelitis (anch. drug start) (TAR=365)",0,0,0,"0","0",0,536,1309,365
3861,"generic_intersection_drug_event2","Ibrutinib + Encephalomyelitis (anch. event start) (TAR=30)","Ibrutinib + Encephalomyelitis (anch. event start) (TAR=30)",0,0,0,"0","0",0,102,1309,30
4596,"generic_intersection_drug_event2","Ibrutinib + Encephalomyelitis (anch. event start) (TAR=90)","Ibrutinib + Encephalomyelitis (anch. event start) (TAR=90)",0,0,0,"0","0",0,319,1309,90
5331,"generic_intersection_drug_event2","Ibrutinib + Encephalomyelitis (anch. event start) (TAR=365)","Ibrutinib + Encephalomyelitis (anch. event start) (TAR=365)",0,0,0,"0","0",0,536,1309,365
