"cohortId","name","cohortName","logicDescription","phenotypeId","atlasId","concept_id","concept_name","concept_code","matching_drug_cohort_id","intersection_drug","intersection_event","fixed_TAR"
121,"generic_target_drug_cohort","Levothyroxine (TAR=30)","Levothyroxine (TAR=30)",0,0,1501700,"levothyroxine","10582",0,0,0,30
338,"generic_target_drug_cohort","Levothyroxine (TAR=90)","Levothyroxine (TAR=90)",0,0,1501700,"levothyroxine","10582",0,0,0,90
555,"generic_target_drug_cohort","Levothyroxine (TAR=365)","Levothyroxine (TAR=365)",0,0,1501700,"levothyroxine","10582",0,0,0,365
772,"generic_comparator_drug_cohort","All drugs (matched to Levothyroxine) (TAR=30)","All drugs (matched to Levothyroxine) (TAR=30)",0,0,0,"0","0",121,0,0,30
989,"generic_comparator_drug_cohort","All drugs (matched to Levothyroxine) (TAR=90)","All drugs (matched to Levothyroxine) (TAR=90)",0,0,0,"0","0",338,0,0,90
1206,"generic_comparator_drug_cohort","All drugs (matched to Levothyroxine) (TAR=365)","All drugs (matched to Levothyroxine) (TAR=365)",0,0,0,"0","0",555,0,0,365
1314,"345","Narcolepsy","Narcolepsy",345,0,0,"0","0",0,0,0,0
1724,"generic_intersection_drug_event","Levothyroxine + Narcolepsy (anch. drug start) (TAR=30)","Levothyroxine + Narcolepsy (anch. drug start) (TAR=30)",0,0,0,"0","0",0,121,1314,30
2459,"generic_intersection_drug_event","Levothyroxine + Narcolepsy (anch. drug start) (TAR=90)","Levothyroxine + Narcolepsy (anch. drug start) (TAR=90)",0,0,0,"0","0",0,338,1314,90
3194,"generic_intersection_drug_event","Levothyroxine + Narcolepsy (anch. drug start) (TAR=365)","Levothyroxine + Narcolepsy (anch. drug start) (TAR=365)",0,0,0,"0","0",0,555,1314,365
3929,"generic_intersection_drug_event2","Levothyroxine + Narcolepsy (anch. event start) (TAR=30)","Levothyroxine + Narcolepsy (anch. event start) (TAR=30)",0,0,0,"0","0",0,121,1314,30
4664,"generic_intersection_drug_event2","Levothyroxine + Narcolepsy (anch. event start) (TAR=90)","Levothyroxine + Narcolepsy (anch. event start) (TAR=90)",0,0,0,"0","0",0,338,1314,90
5399,"generic_intersection_drug_event2","Levothyroxine + Narcolepsy (anch. event start) (TAR=365)","Levothyroxine + Narcolepsy (anch. event start) (TAR=365)",0,0,0,"0","0",0,555,1314,365
