"cohortId","name","cohortName","logicDescription","phenotypeId","atlasId","concept_id","concept_name","concept_code","matching_drug_cohort_id","intersection_drug","intersection_event","fixed_TAR"
84,"generic_target_drug_cohort","Fingolimod (TAR=30)","Fingolimod (TAR=30)",0,0,40226579,"fingolimod","1012892",0,0,0,30
301,"generic_target_drug_cohort","Fingolimod (TAR=90)","Fingolimod (TAR=90)",0,0,40226579,"fingolimod","1012892",0,0,0,90
518,"generic_target_drug_cohort","Fingolimod (TAR=365)","Fingolimod (TAR=365)",0,0,40226579,"fingolimod","1012892",0,0,0,365
735,"generic_comparator_drug_cohort","All drugs (matched to Fingolimod) (TAR=30)","All drugs (matched to Fingolimod) (TAR=30)",0,0,0,"0","0",84,0,0,30
952,"generic_comparator_drug_cohort","All drugs (matched to Fingolimod) (TAR=90)","All drugs (matched to Fingolimod) (TAR=90)",0,0,0,"0","0",301,0,0,90
1169,"generic_comparator_drug_cohort","All drugs (matched to Fingolimod) (TAR=365)","All drugs (matched to Fingolimod) (TAR=365)",0,0,0,"0","0",518,0,0,365
1312,"335","Immune Thrombocytopenia (ITP)","Immune Thrombocytopenia (ITP)",335,0,0,"0","0",0,0,0,0
1596,"generic_intersection_drug_event","Fingolimod + Immune Thrombocytopenia (ITP) (anch. drug start) (TAR=30)","Fingolimod + Immune Thrombocytopenia (ITP) (anch. drug start) (TAR=30)",0,0,0,"0","0",0,84,1312,30
2331,"generic_intersection_drug_event","Fingolimod + Immune Thrombocytopenia (ITP) (anch. drug start) (TAR=90)","Fingolimod + Immune Thrombocytopenia (ITP) (anch. drug start) (TAR=90)",0,0,0,"0","0",0,301,1312,90
3066,"generic_intersection_drug_event","Fingolimod + Immune Thrombocytopenia (ITP) (anch. drug start) (TAR=365)","Fingolimod + Immune Thrombocytopenia (ITP) (anch. drug start) (TAR=365)",0,0,0,"0","0",0,518,1312,365
3801,"generic_intersection_drug_event2","Fingolimod + Immune Thrombocytopenia (ITP) (anch. event start) (TAR=30)","Fingolimod + Immune Thrombocytopenia (ITP) (anch. event start) (TAR=30)",0,0,0,"0","0",0,84,1312,30
4536,"generic_intersection_drug_event2","Fingolimod + Immune Thrombocytopenia (ITP) (anch. event start) (TAR=90)","Fingolimod + Immune Thrombocytopenia (ITP) (anch. event start) (TAR=90)",0,0,0,"0","0",0,301,1312,90
5271,"generic_intersection_drug_event2","Fingolimod + Immune Thrombocytopenia (ITP) (anch. event start) (TAR=365)","Fingolimod + Immune Thrombocytopenia (ITP) (anch. event start) (TAR=365)",0,0,0,"0","0",0,518,1312,365
