"cohortId","name","cohortName","logicDescription","phenotypeId","atlasId","concept_id","concept_name","concept_code","matching_drug_cohort_id","intersection_drug","intersection_event","fixed_TAR"
122,"generic_target_drug_cohort","Lidocaine (TAR=30)","Lidocaine (TAR=30)",0,0,989878,"Lidocaine","6387",0,0,0,30
339,"generic_target_drug_cohort","Lidocaine (TAR=90)","Lidocaine (TAR=90)",0,0,989878,"Lidocaine","6387",0,0,0,90
556,"generic_target_drug_cohort","Lidocaine (TAR=365)","Lidocaine (TAR=365)",0,0,989878,"Lidocaine","6387",0,0,0,365
773,"generic_comparator_drug_cohort","All drugs (matched to Lidocaine) (TAR=30)","All drugs (matched to Lidocaine) (TAR=30)",0,0,0,"0","0",122,0,0,30
990,"generic_comparator_drug_cohort","All drugs (matched to Lidocaine) (TAR=90)","All drugs (matched to Lidocaine) (TAR=90)",0,0,0,"0","0",339,0,0,90
1207,"generic_comparator_drug_cohort","All drugs (matched to Lidocaine) (TAR=365)","All drugs (matched to Lidocaine) (TAR=365)",0,0,0,"0","0",556,0,0,365
1304,"349","Anaphylaxis","Anaphylaxis",349,0,0,"0","0",0,0,0,0
1725,"generic_intersection_drug_event","Lidocaine + Anaphylaxis (anch. drug start) (TAR=30)","Lidocaine + Anaphylaxis (anch. drug start) (TAR=30)",0,0,0,"0","0",0,122,1304,30
2460,"generic_intersection_drug_event","Lidocaine + Anaphylaxis (anch. drug start) (TAR=90)","Lidocaine + Anaphylaxis (anch. drug start) (TAR=90)",0,0,0,"0","0",0,339,1304,90
3195,"generic_intersection_drug_event","Lidocaine + Anaphylaxis (anch. drug start) (TAR=365)","Lidocaine + Anaphylaxis (anch. drug start) (TAR=365)",0,0,0,"0","0",0,556,1304,365
3930,"generic_intersection_drug_event2","Lidocaine + Anaphylaxis (anch. event start) (TAR=30)","Lidocaine + Anaphylaxis (anch. event start) (TAR=30)",0,0,0,"0","0",0,122,1304,30
4665,"generic_intersection_drug_event2","Lidocaine + Anaphylaxis (anch. event start) (TAR=90)","Lidocaine + Anaphylaxis (anch. event start) (TAR=90)",0,0,0,"0","0",0,339,1304,90
5400,"generic_intersection_drug_event2","Lidocaine + Anaphylaxis (anch. event start) (TAR=365)","Lidocaine + Anaphylaxis (anch. event start) (TAR=365)",0,0,0,"0","0",0,556,1304,365
