"cohortId","name","cohortName","logicDescription","phenotypeId","atlasId","concept_id","concept_name","concept_code","matching_drug_cohort_id","intersection_drug","intersection_event","fixed_TAR"
132,"generic_target_drug_cohort","Metformin (TAR=30)","Metformin (TAR=30)",0,0,1503297,"Metformin","6809",0,0,0,30
349,"generic_target_drug_cohort","Metformin (TAR=90)","Metformin (TAR=90)",0,0,1503297,"Metformin","6809",0,0,0,90
566,"generic_target_drug_cohort","Metformin (TAR=365)","Metformin (TAR=365)",0,0,1503297,"Metformin","6809",0,0,0,365
783,"generic_comparator_drug_cohort","All drugs (matched to Metformin) (TAR=30)","All drugs (matched to Metformin) (TAR=30)",0,0,0,"0","0",132,0,0,30
1000,"generic_comparator_drug_cohort","All drugs (matched to Metformin) (TAR=90)","All drugs (matched to Metformin) (TAR=90)",0,0,0,"0","0",349,0,0,90
1217,"generic_comparator_drug_cohort","All drugs (matched to Metformin) (TAR=365)","All drugs (matched to Metformin) (TAR=365)",0,0,0,"0","0",566,0,0,365
1303,"340","Acute Myocardial Infarction","Acute Myocardial Infarction",340,0,0,"0","0",0,0,0,0
1748,"generic_intersection_drug_event","Metformin + Acute Myocardial Infarction (anch. drug start) (TAR=30)","Metformin + Acute Myocardial Infarction (anch. drug start) (TAR=30)",0,0,0,"0","0",0,132,1303,30
2483,"generic_intersection_drug_event","Metformin + Acute Myocardial Infarction (anch. drug start) (TAR=90)","Metformin + Acute Myocardial Infarction (anch. drug start) (TAR=90)",0,0,0,"0","0",0,349,1303,90
3218,"generic_intersection_drug_event","Metformin + Acute Myocardial Infarction (anch. drug start) (TAR=365)","Metformin + Acute Myocardial Infarction (anch. drug start) (TAR=365)",0,0,0,"0","0",0,566,1303,365
3953,"generic_intersection_drug_event2","Metformin + Acute Myocardial Infarction (anch. event start) (TAR=30)","Metformin + Acute Myocardial Infarction (anch. event start) (TAR=30)",0,0,0,"0","0",0,132,1303,30
4688,"generic_intersection_drug_event2","Metformin + Acute Myocardial Infarction (anch. event start) (TAR=90)","Metformin + Acute Myocardial Infarction (anch. event start) (TAR=90)",0,0,0,"0","0",0,349,1303,90
5423,"generic_intersection_drug_event2","Metformin + Acute Myocardial Infarction (anch. event start) (TAR=365)","Metformin + Acute Myocardial Infarction (anch. event start) (TAR=365)",0,0,0,"0","0",0,566,1303,365
