"cohortId","name","cohortName","logicDescription","phenotypeId","atlasId","concept_id","concept_name","concept_code","matching_drug_cohort_id","intersection_drug","intersection_event","fixed_TAR"
135,"generic_target_drug_cohort","Methylprednisolone (TAR=30)","Methylprednisolone (TAR=30)",0,0,1506270,"Methylprednisolone","6902",0,0,0,30
352,"generic_target_drug_cohort","Methylprednisolone (TAR=90)","Methylprednisolone (TAR=90)",0,0,1506270,"Methylprednisolone","6902",0,0,0,90
569,"generic_target_drug_cohort","Methylprednisolone (TAR=365)","Methylprednisolone (TAR=365)",0,0,1506270,"Methylprednisolone","6902",0,0,0,365
786,"generic_comparator_drug_cohort","All drugs (matched to Methylprednisolone) (TAR=30)","All drugs (matched to Methylprednisolone) (TAR=30)",0,0,0,"0","0",135,0,0,30
1003,"generic_comparator_drug_cohort","All drugs (matched to Methylprednisolone) (TAR=90)","All drugs (matched to Methylprednisolone) (TAR=90)",0,0,0,"0","0",352,0,0,90
1220,"generic_comparator_drug_cohort","All drugs (matched to Methylprednisolone) (TAR=365)","All drugs (matched to Methylprednisolone) (TAR=365)",0,0,0,"0","0",569,0,0,365
1308,"385","Disseminated Intravascular Coagulation","Disseminated Intravascular Coagulation",385,0,0,"0","0",0,0,0,0
1768,"generic_intersection_drug_event","Methylprednisolone + Disseminated Intravascular Coagulation (anch. drug start) (TAR=30)","Methylprednisolone + Disseminated Intravascular Coagulation (anch. drug start) (TAR=30)",0,0,0,"0","0",0,135,1308,30
2503,"generic_intersection_drug_event","Methylprednisolone + Disseminated Intravascular Coagulation (anch. drug start) (TAR=90)","Methylprednisolone + Disseminated Intravascular Coagulation (anch. drug start) (TAR=90)",0,0,0,"0","0",0,352,1308,90
3238,"generic_intersection_drug_event","Methylprednisolone + Disseminated Intravascular Coagulation (anch. drug start) (TAR=365)","Methylprednisolone + Disseminated Intravascular Coagulation (anch. drug start) (TAR=365)",0,0,0,"0","0",0,569,1308,365
3973,"generic_intersection_drug_event2","Methylprednisolone + Disseminated Intravascular Coagulation (anch. event start) (TAR=30)","Methylprednisolone + Disseminated Intravascular Coagulation (anch. event start) (TAR=30)",0,0,0,"0","0",0,135,1308,30
4708,"generic_intersection_drug_event2","Methylprednisolone + Disseminated Intravascular Coagulation (anch. event start) (TAR=90)","Methylprednisolone + Disseminated Intravascular Coagulation (anch. event start) (TAR=90)",0,0,0,"0","0",0,352,1308,90
5443,"generic_intersection_drug_event2","Methylprednisolone + Disseminated Intravascular Coagulation (anch. event start) (TAR=365)","Methylprednisolone + Disseminated Intravascular Coagulation (anch. event start) (TAR=365)",0,0,0,"0","0",0,569,1308,365
