"cohortId","name","cohortName","logicDescription","phenotypeId","atlasId","concept_id","concept_name","concept_code","matching_drug_cohort_id","intersection_drug","intersection_event","fixed_TAR"
101,"generic_target_drug_cohort","Hydroxychloroquine (TAR=30)","Hydroxychloroquine (TAR=30)",0,0,1777087,"Hydroxychloroquine","5521",0,0,0,30
318,"generic_target_drug_cohort","Hydroxychloroquine (TAR=90)","Hydroxychloroquine (TAR=90)",0,0,1777087,"Hydroxychloroquine","5521",0,0,0,90
535,"generic_target_drug_cohort","Hydroxychloroquine (TAR=365)","Hydroxychloroquine (TAR=365)",0,0,1777087,"Hydroxychloroquine","5521",0,0,0,365
752,"generic_comparator_drug_cohort","All drugs (matched to Hydroxychloroquine) (TAR=30)","All drugs (matched to Hydroxychloroquine) (TAR=30)",0,0,0,"0","0",101,0,0,30
969,"generic_comparator_drug_cohort","All drugs (matched to Hydroxychloroquine) (TAR=90)","All drugs (matched to Hydroxychloroquine) (TAR=90)",0,0,0,"0","0",318,0,0,90
1186,"generic_comparator_drug_cohort","All drugs (matched to Hydroxychloroquine) (TAR=365)","All drugs (matched to Hydroxychloroquine) (TAR=365)",0,0,0,"0","0",535,0,0,365
1313,"339","Myocarditis Pericarditis","Myocarditis Pericarditis",339,0,0,"0","0",0,0,0,0
1653,"generic_intersection_drug_event","Hydroxychloroquine + Myocarditis Pericarditis (anch. drug start) (TAR=30)","Hydroxychloroquine + Myocarditis Pericarditis (anch. drug start) (TAR=30)",0,0,0,"0","0",0,101,1313,30
2388,"generic_intersection_drug_event","Hydroxychloroquine + Myocarditis Pericarditis (anch. drug start) (TAR=90)","Hydroxychloroquine + Myocarditis Pericarditis (anch. drug start) (TAR=90)",0,0,0,"0","0",0,318,1313,90
3123,"generic_intersection_drug_event","Hydroxychloroquine + Myocarditis Pericarditis (anch. drug start) (TAR=365)","Hydroxychloroquine + Myocarditis Pericarditis (anch. drug start) (TAR=365)",0,0,0,"0","0",0,535,1313,365
3858,"generic_intersection_drug_event2","Hydroxychloroquine + Myocarditis Pericarditis (anch. event start) (TAR=30)","Hydroxychloroquine + Myocarditis Pericarditis (anch. event start) (TAR=30)",0,0,0,"0","0",0,101,1313,30
4593,"generic_intersection_drug_event2","Hydroxychloroquine + Myocarditis Pericarditis (anch. event start) (TAR=90)","Hydroxychloroquine + Myocarditis Pericarditis (anch. event start) (TAR=90)",0,0,0,"0","0",0,318,1313,90
5328,"generic_intersection_drug_event2","Hydroxychloroquine + Myocarditis Pericarditis (anch. event start) (TAR=365)","Hydroxychloroquine + Myocarditis Pericarditis (anch. event start) (TAR=365)",0,0,0,"0","0",0,535,1313,365
