"cohortId","name","cohortName","logicDescription","phenotypeId","atlasId","concept_id","concept_name","concept_code","matching_drug_cohort_id","intersection_drug","intersection_event","fixed_TAR"
64,"generic_target_drug_cohort","Diphenhydramine (TAR=30)","Diphenhydramine (TAR=30)",0,0,1129625,"Diphenhydramine","3498",0,0,0,30
281,"generic_target_drug_cohort","Diphenhydramine (TAR=90)","Diphenhydramine (TAR=90)",0,0,1129625,"Diphenhydramine","3498",0,0,0,90
498,"generic_target_drug_cohort","Diphenhydramine (TAR=365)","Diphenhydramine (TAR=365)",0,0,1129625,"Diphenhydramine","3498",0,0,0,365
715,"generic_comparator_drug_cohort","All drugs (matched to Diphenhydramine) (TAR=30)","All drugs (matched to Diphenhydramine) (TAR=30)",0,0,0,"0","0",64,0,0,30
932,"generic_comparator_drug_cohort","All drugs (matched to Diphenhydramine) (TAR=90)","All drugs (matched to Diphenhydramine) (TAR=90)",0,0,0,"0","0",281,0,0,90
1149,"generic_comparator_drug_cohort","All drugs (matched to Diphenhydramine) (TAR=365)","All drugs (matched to Diphenhydramine) (TAR=365)",0,0,0,"0","0",498,0,0,365
1304,"349","Anaphylaxis","Anaphylaxis",349,0,0,"0","0",0,0,0,0
1532,"generic_intersection_drug_event","Diphenhydramine + Anaphylaxis (anch. drug start) (TAR=30)","Diphenhydramine + Anaphylaxis (anch. drug start) (TAR=30)",0,0,0,"0","0",0,64,1304,30
2267,"generic_intersection_drug_event","Diphenhydramine + Anaphylaxis (anch. drug start) (TAR=90)","Diphenhydramine + Anaphylaxis (anch. drug start) (TAR=90)",0,0,0,"0","0",0,281,1304,90
3002,"generic_intersection_drug_event","Diphenhydramine + Anaphylaxis (anch. drug start) (TAR=365)","Diphenhydramine + Anaphylaxis (anch. drug start) (TAR=365)",0,0,0,"0","0",0,498,1304,365
3737,"generic_intersection_drug_event2","Diphenhydramine + Anaphylaxis (anch. event start) (TAR=30)","Diphenhydramine + Anaphylaxis (anch. event start) (TAR=30)",0,0,0,"0","0",0,64,1304,30
4472,"generic_intersection_drug_event2","Diphenhydramine + Anaphylaxis (anch. event start) (TAR=90)","Diphenhydramine + Anaphylaxis (anch. event start) (TAR=90)",0,0,0,"0","0",0,281,1304,90
5207,"generic_intersection_drug_event2","Diphenhydramine + Anaphylaxis (anch. event start) (TAR=365)","Diphenhydramine + Anaphylaxis (anch. event start) (TAR=365)",0,0,0,"0","0",0,498,1304,365
