"cohortId","name","cohortName","logicDescription","phenotypeId","atlasId","concept_id","concept_name","concept_code","matching_drug_cohort_id","intersection_drug","intersection_event","fixed_TAR"
198,"generic_target_drug_cohort","Sunitinib (TAR=30)","Sunitinib (TAR=30)",0,0,1336539,"sunitinib","357977",0,0,0,30
415,"generic_target_drug_cohort","Sunitinib (TAR=90)","Sunitinib (TAR=90)",0,0,1336539,"sunitinib","357977",0,0,0,90
632,"generic_target_drug_cohort","Sunitinib (TAR=365)","Sunitinib (TAR=365)",0,0,1336539,"sunitinib","357977",0,0,0,365
849,"generic_comparator_drug_cohort","All drugs (matched to Sunitinib) (TAR=30)","All drugs (matched to Sunitinib) (TAR=30)",0,0,0,"0","0",198,0,0,30
1066,"generic_comparator_drug_cohort","All drugs (matched to Sunitinib) (TAR=90)","All drugs (matched to Sunitinib) (TAR=90)",0,0,0,"0","0",415,0,0,90
1283,"generic_comparator_drug_cohort","All drugs (matched to Sunitinib) (TAR=365)","All drugs (matched to Sunitinib) (TAR=365)",0,0,0,"0","0",632,0,0,365
1316,"411","Pulmonary Embolism","Pulmonary Embolism",411,0,0,"0","0",0,0,0,0
1980,"generic_intersection_drug_event","Sunitinib + Pulmonary Embolism (anch. drug start) (TAR=30)","Sunitinib + Pulmonary Embolism (anch. drug start) (TAR=30)",0,0,0,"0","0",0,198,1316,30
2715,"generic_intersection_drug_event","Sunitinib + Pulmonary Embolism (anch. drug start) (TAR=90)","Sunitinib + Pulmonary Embolism (anch. drug start) (TAR=90)",0,0,0,"0","0",0,415,1316,90
3450,"generic_intersection_drug_event","Sunitinib + Pulmonary Embolism (anch. drug start) (TAR=365)","Sunitinib + Pulmonary Embolism (anch. drug start) (TAR=365)",0,0,0,"0","0",0,632,1316,365
4185,"generic_intersection_drug_event2","Sunitinib + Pulmonary Embolism (anch. event start) (TAR=30)","Sunitinib + Pulmonary Embolism (anch. event start) (TAR=30)",0,0,0,"0","0",0,198,1316,30
4920,"generic_intersection_drug_event2","Sunitinib + Pulmonary Embolism (anch. event start) (TAR=90)","Sunitinib + Pulmonary Embolism (anch. event start) (TAR=90)",0,0,0,"0","0",0,415,1316,90
5655,"generic_intersection_drug_event2","Sunitinib + Pulmonary Embolism (anch. event start) (TAR=365)","Sunitinib + Pulmonary Embolism (anch. event start) (TAR=365)",0,0,0,"0","0",0,632,1316,365
