"cohortId","name","cohortName","logicDescription","phenotypeId","atlasId","concept_id","concept_name","concept_code","matching_drug_cohort_id","intersection_drug","intersection_event","fixed_TAR"
28,"generic_target_drug_cohort","Carfilzomib (TAR=30)","Carfilzomib (TAR=30)",0,0,42873638,"carfilzomib","1302966",0,0,0,30
245,"generic_target_drug_cohort","Carfilzomib (TAR=90)","Carfilzomib (TAR=90)",0,0,42873638,"carfilzomib","1302966",0,0,0,90
462,"generic_target_drug_cohort","Carfilzomib (TAR=365)","Carfilzomib (TAR=365)",0,0,42873638,"carfilzomib","1302966",0,0,0,365
679,"generic_comparator_drug_cohort","All drugs (matched to Carfilzomib) (TAR=30)","All drugs (matched to Carfilzomib) (TAR=30)",0,0,0,"0","0",28,0,0,30
896,"generic_comparator_drug_cohort","All drugs (matched to Carfilzomib) (TAR=90)","All drugs (matched to Carfilzomib) (TAR=90)",0,0,0,"0","0",245,0,0,90
1113,"generic_comparator_drug_cohort","All drugs (matched to Carfilzomib) (TAR=365)","All drugs (matched to Carfilzomib) (TAR=365)",0,0,0,"0","0",462,0,0,365
1317,"547","Thrombosis with Thrombocytopenia (TWT)","Thrombosis with Thrombocytopenia (TWT)",547,0,0,"0","0",0,0,0,0
1407,"generic_intersection_drug_event","Carfilzomib + Thrombosis with Thrombocytopenia (TWT) (anch. drug start) (TAR=30)","Carfilzomib + Thrombosis with Thrombocytopenia (TWT) (anch. drug start) (TAR=30)",0,0,0,"0","0",0,28,1317,30
2142,"generic_intersection_drug_event","Carfilzomib + Thrombosis with Thrombocytopenia (TWT) (anch. drug start) (TAR=90)","Carfilzomib + Thrombosis with Thrombocytopenia (TWT) (anch. drug start) (TAR=90)",0,0,0,"0","0",0,245,1317,90
2877,"generic_intersection_drug_event","Carfilzomib + Thrombosis with Thrombocytopenia (TWT) (anch. drug start) (TAR=365)","Carfilzomib + Thrombosis with Thrombocytopenia (TWT) (anch. drug start) (TAR=365)",0,0,0,"0","0",0,462,1317,365
3612,"generic_intersection_drug_event2","Carfilzomib + Thrombosis with Thrombocytopenia (TWT) (anch. event start) (TAR=30)","Carfilzomib + Thrombosis with Thrombocytopenia (TWT) (anch. event start) (TAR=30)",0,0,0,"0","0",0,28,1317,30
4347,"generic_intersection_drug_event2","Carfilzomib + Thrombosis with Thrombocytopenia (TWT) (anch. event start) (TAR=90)","Carfilzomib + Thrombosis with Thrombocytopenia (TWT) (anch. event start) (TAR=90)",0,0,0,"0","0",0,245,1317,90
5082,"generic_intersection_drug_event2","Carfilzomib + Thrombosis with Thrombocytopenia (TWT) (anch. event start) (TAR=365)","Carfilzomib + Thrombosis with Thrombocytopenia (TWT) (anch. event start) (TAR=365)",0,0,0,"0","0",0,462,1317,365
