"cohortId","name","cohortName","logicDescription","phenotypeId","atlasId","concept_id","concept_name","concept_code","matching_drug_cohort_id","intersection_drug","intersection_event","fixed_TAR"
13,"generic_target_drug_cohort","Apixaban (TAR=30)","Apixaban (TAR=30)",0,0,43013024,"apixaban","1364430",0,0,0,30
230,"generic_target_drug_cohort","Apixaban (TAR=90)","Apixaban (TAR=90)",0,0,43013024,"apixaban","1364430",0,0,0,90
447,"generic_target_drug_cohort","Apixaban (TAR=365)","Apixaban (TAR=365)",0,0,43013024,"apixaban","1364430",0,0,0,365
664,"generic_comparator_drug_cohort","All drugs (matched to Apixaban) (TAR=30)","All drugs (matched to Apixaban) (TAR=30)",0,0,0,"0","0",13,0,0,30
881,"generic_comparator_drug_cohort","All drugs (matched to Apixaban) (TAR=90)","All drugs (matched to Apixaban) (TAR=90)",0,0,0,"0","0",230,0,0,90
1098,"generic_comparator_drug_cohort","All drugs (matched to Apixaban) (TAR=365)","All drugs (matched to Apixaban) (TAR=365)",0,0,0,"0","0",447,0,0,365
1312,"335","Immune Thrombocytopenia (ITP)","Immune Thrombocytopenia (ITP)",335,0,0,"0","0",0,0,0,0
1355,"generic_intersection_drug_event","Apixaban + Immune Thrombocytopenia (ITP) (anch. drug start) (TAR=30)","Apixaban + Immune Thrombocytopenia (ITP) (anch. drug start) (TAR=30)",0,0,0,"0","0",0,13,1312,30
2090,"generic_intersection_drug_event","Apixaban + Immune Thrombocytopenia (ITP) (anch. drug start) (TAR=90)","Apixaban + Immune Thrombocytopenia (ITP) (anch. drug start) (TAR=90)",0,0,0,"0","0",0,230,1312,90
2825,"generic_intersection_drug_event","Apixaban + Immune Thrombocytopenia (ITP) (anch. drug start) (TAR=365)","Apixaban + Immune Thrombocytopenia (ITP) (anch. drug start) (TAR=365)",0,0,0,"0","0",0,447,1312,365
3560,"generic_intersection_drug_event2","Apixaban + Immune Thrombocytopenia (ITP) (anch. event start) (TAR=30)","Apixaban + Immune Thrombocytopenia (ITP) (anch. event start) (TAR=30)",0,0,0,"0","0",0,13,1312,30
4295,"generic_intersection_drug_event2","Apixaban + Immune Thrombocytopenia (ITP) (anch. event start) (TAR=90)","Apixaban + Immune Thrombocytopenia (ITP) (anch. event start) (TAR=90)",0,0,0,"0","0",0,230,1312,90
5030,"generic_intersection_drug_event2","Apixaban + Immune Thrombocytopenia (ITP) (anch. event start) (TAR=365)","Apixaban + Immune Thrombocytopenia (ITP) (anch. event start) (TAR=365)",0,0,0,"0","0",0,447,1312,365
