"cohortId","name","cohortName","logicDescription","phenotypeId","atlasId","concept_id","concept_name","concept_code","matching_drug_cohort_id","intersection_drug","intersection_event","fixed_TAR"
103,"generic_target_drug_cohort","Ibuprofen (TAR=30)","Ibuprofen (TAR=30)",0,0,1177480,"Ibuprofen","5640",0,0,0,30
320,"generic_target_drug_cohort","Ibuprofen (TAR=90)","Ibuprofen (TAR=90)",0,0,1177480,"Ibuprofen","5640",0,0,0,90
537,"generic_target_drug_cohort","Ibuprofen (TAR=365)","Ibuprofen (TAR=365)",0,0,1177480,"Ibuprofen","5640",0,0,0,365
754,"generic_comparator_drug_cohort","All drugs (matched to Ibuprofen) (TAR=30)","All drugs (matched to Ibuprofen) (TAR=30)",0,0,0,"0","0",103,0,0,30
971,"generic_comparator_drug_cohort","All drugs (matched to Ibuprofen) (TAR=90)","All drugs (matched to Ibuprofen) (TAR=90)",0,0,0,"0","0",320,0,0,90
1188,"generic_comparator_drug_cohort","All drugs (matched to Ibuprofen) (TAR=365)","All drugs (matched to Ibuprofen) (TAR=365)",0,0,0,"0","0",537,0,0,365
1312,"335","Immune Thrombocytopenia (ITP)","Immune Thrombocytopenia (ITP)",335,0,0,"0","0",0,0,0,0
1664,"generic_intersection_drug_event","Ibuprofen + Immune Thrombocytopenia (ITP) (anch. drug start) (TAR=30)","Ibuprofen + Immune Thrombocytopenia (ITP) (anch. drug start) (TAR=30)",0,0,0,"0","0",0,103,1312,30
2399,"generic_intersection_drug_event","Ibuprofen + Immune Thrombocytopenia (ITP) (anch. drug start) (TAR=90)","Ibuprofen + Immune Thrombocytopenia (ITP) (anch. drug start) (TAR=90)",0,0,0,"0","0",0,320,1312,90
3134,"generic_intersection_drug_event","Ibuprofen + Immune Thrombocytopenia (ITP) (anch. drug start) (TAR=365)","Ibuprofen + Immune Thrombocytopenia (ITP) (anch. drug start) (TAR=365)",0,0,0,"0","0",0,537,1312,365
3869,"generic_intersection_drug_event2","Ibuprofen + Immune Thrombocytopenia (ITP) (anch. event start) (TAR=30)","Ibuprofen + Immune Thrombocytopenia (ITP) (anch. event start) (TAR=30)",0,0,0,"0","0",0,103,1312,30
4604,"generic_intersection_drug_event2","Ibuprofen + Immune Thrombocytopenia (ITP) (anch. event start) (TAR=90)","Ibuprofen + Immune Thrombocytopenia (ITP) (anch. event start) (TAR=90)",0,0,0,"0","0",0,320,1312,90
5339,"generic_intersection_drug_event2","Ibuprofen + Immune Thrombocytopenia (ITP) (anch. event start) (TAR=365)","Ibuprofen + Immune Thrombocytopenia (ITP) (anch. event start) (TAR=365)",0,0,0,"0","0",0,537,1312,365
