"cohortId","name","cohortName","logicDescription","phenotypeId","atlasId","concept_id","concept_name","concept_code","matching_drug_cohort_id","intersection_drug","intersection_event","fixed_TAR"
175,"generic_target_drug_cohort","Progesterone (TAR=30)","Progesterone (TAR=30)",0,0,1552310,"Progesterone","8727",0,0,0,30
392,"generic_target_drug_cohort","Progesterone (TAR=90)","Progesterone (TAR=90)",0,0,1552310,"Progesterone","8727",0,0,0,90
609,"generic_target_drug_cohort","Progesterone (TAR=365)","Progesterone (TAR=365)",0,0,1552310,"Progesterone","8727",0,0,0,365
826,"generic_comparator_drug_cohort","All drugs (matched to Progesterone) (TAR=30)","All drugs (matched to Progesterone) (TAR=30)",0,0,0,"0","0",175,0,0,30
1043,"generic_comparator_drug_cohort","All drugs (matched to Progesterone) (TAR=90)","All drugs (matched to Progesterone) (TAR=90)",0,0,0,"0","0",392,0,0,90
1260,"generic_comparator_drug_cohort","All drugs (matched to Progesterone) (TAR=365)","All drugs (matched to Progesterone) (TAR=365)",0,0,0,"0","0",609,0,0,365
1314,"345","Narcolepsy","Narcolepsy",345,0,0,"0","0",0,0,0,0
1905,"generic_intersection_drug_event","Progesterone + Narcolepsy (anch. drug start) (TAR=30)","Progesterone + Narcolepsy (anch. drug start) (TAR=30)",0,0,0,"0","0",0,175,1314,30
2640,"generic_intersection_drug_event","Progesterone + Narcolepsy (anch. drug start) (TAR=90)","Progesterone + Narcolepsy (anch. drug start) (TAR=90)",0,0,0,"0","0",0,392,1314,90
3375,"generic_intersection_drug_event","Progesterone + Narcolepsy (anch. drug start) (TAR=365)","Progesterone + Narcolepsy (anch. drug start) (TAR=365)",0,0,0,"0","0",0,609,1314,365
4110,"generic_intersection_drug_event2","Progesterone + Narcolepsy (anch. event start) (TAR=30)","Progesterone + Narcolepsy (anch. event start) (TAR=30)",0,0,0,"0","0",0,175,1314,30
4845,"generic_intersection_drug_event2","Progesterone + Narcolepsy (anch. event start) (TAR=90)","Progesterone + Narcolepsy (anch. event start) (TAR=90)",0,0,0,"0","0",0,392,1314,90
5580,"generic_intersection_drug_event2","Progesterone + Narcolepsy (anch. event start) (TAR=365)","Progesterone + Narcolepsy (anch. event start) (TAR=365)",0,0,0,"0","0",0,609,1314,365
