"cohortId","name","cohortName","logicDescription","phenotypeId","atlasId","concept_id","concept_name","concept_code","matching_drug_cohort_id","intersection_drug","intersection_event","fixed_TAR"
91,"generic_target_drug_cohort","Folic acid (TAR=30)","Folic acid (TAR=30)",0,0,19111620,"Folic Acid","4511",0,0,0,30
308,"generic_target_drug_cohort","Folic acid (TAR=90)","Folic acid (TAR=90)",0,0,19111620,"Folic Acid","4511",0,0,0,90
525,"generic_target_drug_cohort","Folic acid (TAR=365)","Folic acid (TAR=365)",0,0,19111620,"Folic Acid","4511",0,0,0,365
742,"generic_comparator_drug_cohort","All drugs (matched to Folic acid) (TAR=30)","All drugs (matched to Folic acid) (TAR=30)",0,0,0,"0","0",91,0,0,30
959,"generic_comparator_drug_cohort","All drugs (matched to Folic acid) (TAR=90)","All drugs (matched to Folic acid) (TAR=90)",0,0,0,"0","0",308,0,0,90
1176,"generic_comparator_drug_cohort","All drugs (matched to Folic acid) (TAR=365)","All drugs (matched to Folic acid) (TAR=365)",0,0,0,"0","0",525,0,0,365
1312,"335","Immune Thrombocytopenia (ITP)","Immune Thrombocytopenia (ITP)",335,0,0,"0","0",0,0,0,0
1617,"generic_intersection_drug_event","Folic acid + Immune Thrombocytopenia (ITP) (anch. drug start) (TAR=30)","Folic acid + Immune Thrombocytopenia (ITP) (anch. drug start) (TAR=30)",0,0,0,"0","0",0,91,1312,30
2352,"generic_intersection_drug_event","Folic acid + Immune Thrombocytopenia (ITP) (anch. drug start) (TAR=90)","Folic acid + Immune Thrombocytopenia (ITP) (anch. drug start) (TAR=90)",0,0,0,"0","0",0,308,1312,90
3087,"generic_intersection_drug_event","Folic acid + Immune Thrombocytopenia (ITP) (anch. drug start) (TAR=365)","Folic acid + Immune Thrombocytopenia (ITP) (anch. drug start) (TAR=365)",0,0,0,"0","0",0,525,1312,365
3822,"generic_intersection_drug_event2","Folic acid + Immune Thrombocytopenia (ITP) (anch. event start) (TAR=30)","Folic acid + Immune Thrombocytopenia (ITP) (anch. event start) (TAR=30)",0,0,0,"0","0",0,91,1312,30
4557,"generic_intersection_drug_event2","Folic acid + Immune Thrombocytopenia (ITP) (anch. event start) (TAR=90)","Folic acid + Immune Thrombocytopenia (ITP) (anch. event start) (TAR=90)",0,0,0,"0","0",0,308,1312,90
5292,"generic_intersection_drug_event2","Folic acid + Immune Thrombocytopenia (ITP) (anch. event start) (TAR=365)","Folic acid + Immune Thrombocytopenia (ITP) (anch. event start) (TAR=365)",0,0,0,"0","0",0,525,1312,365
