"cohortId","name","cohortName","logicDescription","phenotypeId","atlasId","concept_id","concept_name","concept_code","matching_drug_cohort_id","intersection_drug","intersection_event","fixed_TAR"
98,"generic_target_drug_cohort","Haloperidol (TAR=30)","Haloperidol (TAR=30)",0,0,766529,"Haloperidol","5093",0,0,0,30
315,"generic_target_drug_cohort","Haloperidol (TAR=90)","Haloperidol (TAR=90)",0,0,766529,"Haloperidol","5093",0,0,0,90
532,"generic_target_drug_cohort","Haloperidol (TAR=365)","Haloperidol (TAR=365)",0,0,766529,"Haloperidol","5093",0,0,0,365
749,"generic_comparator_drug_cohort","All drugs (matched to Haloperidol) (TAR=30)","All drugs (matched to Haloperidol) (TAR=30)",0,0,0,"0","0",98,0,0,30
966,"generic_comparator_drug_cohort","All drugs (matched to Haloperidol) (TAR=90)","All drugs (matched to Haloperidol) (TAR=90)",0,0,0,"0","0",315,0,0,90
1183,"generic_comparator_drug_cohort","All drugs (matched to Haloperidol) (TAR=365)","All drugs (matched to Haloperidol) (TAR=365)",0,0,0,"0","0",532,0,0,365
1314,"345","Narcolepsy","Narcolepsy",345,0,0,"0","0",0,0,0,0
1640,"generic_intersection_drug_event","Haloperidol + Narcolepsy (anch. drug start) (TAR=30)","Haloperidol + Narcolepsy (anch. drug start) (TAR=30)",0,0,0,"0","0",0,98,1314,30
2375,"generic_intersection_drug_event","Haloperidol + Narcolepsy (anch. drug start) (TAR=90)","Haloperidol + Narcolepsy (anch. drug start) (TAR=90)",0,0,0,"0","0",0,315,1314,90
3110,"generic_intersection_drug_event","Haloperidol + Narcolepsy (anch. drug start) (TAR=365)","Haloperidol + Narcolepsy (anch. drug start) (TAR=365)",0,0,0,"0","0",0,532,1314,365
3845,"generic_intersection_drug_event2","Haloperidol + Narcolepsy (anch. event start) (TAR=30)","Haloperidol + Narcolepsy (anch. event start) (TAR=30)",0,0,0,"0","0",0,98,1314,30
4580,"generic_intersection_drug_event2","Haloperidol + Narcolepsy (anch. event start) (TAR=90)","Haloperidol + Narcolepsy (anch. event start) (TAR=90)",0,0,0,"0","0",0,315,1314,90
5315,"generic_intersection_drug_event2","Haloperidol + Narcolepsy (anch. event start) (TAR=365)","Haloperidol + Narcolepsy (anch. event start) (TAR=365)",0,0,0,"0","0",0,532,1314,365
