"cohortId","name","cohortName","logicDescription","phenotypeId","atlasId","concept_id","concept_name","concept_code","matching_drug_cohort_id","intersection_drug","intersection_event","fixed_TAR"
99,"generic_target_drug_cohort","Heparin (TAR=30)","Heparin (TAR=30)",0,0,1367571,"heparin","5224",0,0,0,30
316,"generic_target_drug_cohort","Heparin (TAR=90)","Heparin (TAR=90)",0,0,1367571,"heparin","5224",0,0,0,90
533,"generic_target_drug_cohort","Heparin (TAR=365)","Heparin (TAR=365)",0,0,1367571,"heparin","5224",0,0,0,365
750,"generic_comparator_drug_cohort","All drugs (matched to Heparin) (TAR=30)","All drugs (matched to Heparin) (TAR=30)",0,0,0,"0","0",99,0,0,30
967,"generic_comparator_drug_cohort","All drugs (matched to Heparin) (TAR=90)","All drugs (matched to Heparin) (TAR=90)",0,0,0,"0","0",316,0,0,90
1184,"generic_comparator_drug_cohort","All drugs (matched to Heparin) (TAR=365)","All drugs (matched to Heparin) (TAR=365)",0,0,0,"0","0",533,0,0,365
1307,"402","Deep Vein Thrombosis (DVT)","Deep Vein Thrombosis (DVT)",402,0,0,"0","0",0,0,0,0
1644,"generic_intersection_drug_event","Heparin + Deep Vein Thrombosis (DVT) (anch. drug start) (TAR=30)","Heparin + Deep Vein Thrombosis (DVT) (anch. drug start) (TAR=30)",0,0,0,"0","0",0,99,1307,30
2379,"generic_intersection_drug_event","Heparin + Deep Vein Thrombosis (DVT) (anch. drug start) (TAR=90)","Heparin + Deep Vein Thrombosis (DVT) (anch. drug start) (TAR=90)",0,0,0,"0","0",0,316,1307,90
3114,"generic_intersection_drug_event","Heparin + Deep Vein Thrombosis (DVT) (anch. drug start) (TAR=365)","Heparin + Deep Vein Thrombosis (DVT) (anch. drug start) (TAR=365)",0,0,0,"0","0",0,533,1307,365
3849,"generic_intersection_drug_event2","Heparin + Deep Vein Thrombosis (DVT) (anch. event start) (TAR=30)","Heparin + Deep Vein Thrombosis (DVT) (anch. event start) (TAR=30)",0,0,0,"0","0",0,99,1307,30
4584,"generic_intersection_drug_event2","Heparin + Deep Vein Thrombosis (DVT) (anch. event start) (TAR=90)","Heparin + Deep Vein Thrombosis (DVT) (anch. event start) (TAR=90)",0,0,0,"0","0",0,316,1307,90
5319,"generic_intersection_drug_event2","Heparin + Deep Vein Thrombosis (DVT) (anch. event start) (TAR=365)","Heparin + Deep Vein Thrombosis (DVT) (anch. event start) (TAR=365)",0,0,0,"0","0",0,533,1307,365
