"cohortId","name","cohortName","logicDescription","phenotypeId","atlasId","concept_id","concept_name","concept_code","matching_drug_cohort_id","intersection_drug","intersection_event","fixed_TAR"
185,"generic_target_drug_cohort","Rivaroxaban (TAR=30)","Rivaroxaban (TAR=30)",0,0,40241331,"rivaroxaban","1114195",0,0,0,30
402,"generic_target_drug_cohort","Rivaroxaban (TAR=90)","Rivaroxaban (TAR=90)",0,0,40241331,"rivaroxaban","1114195",0,0,0,90
619,"generic_target_drug_cohort","Rivaroxaban (TAR=365)","Rivaroxaban (TAR=365)",0,0,40241331,"rivaroxaban","1114195",0,0,0,365
836,"generic_comparator_drug_cohort","All drugs (matched to Rivaroxaban) (TAR=30)","All drugs (matched to Rivaroxaban) (TAR=30)",0,0,0,"0","0",185,0,0,30
1053,"generic_comparator_drug_cohort","All drugs (matched to Rivaroxaban) (TAR=90)","All drugs (matched to Rivaroxaban) (TAR=90)",0,0,0,"0","0",402,0,0,90
1270,"generic_comparator_drug_cohort","All drugs (matched to Rivaroxaban) (TAR=365)","All drugs (matched to Rivaroxaban) (TAR=365)",0,0,0,"0","0",619,0,0,365
1315,"406","Non-hemorrhagic Stroke","Non-hemorrhagic Stroke",406,0,0,"0","0",0,0,0,0
1941,"generic_intersection_drug_event","Rivaroxaban + Non-hemorrhagic Stroke (anch. drug start) (TAR=30)","Rivaroxaban + Non-hemorrhagic Stroke (anch. drug start) (TAR=30)",0,0,0,"0","0",0,185,1315,30
2676,"generic_intersection_drug_event","Rivaroxaban + Non-hemorrhagic Stroke (anch. drug start) (TAR=90)","Rivaroxaban + Non-hemorrhagic Stroke (anch. drug start) (TAR=90)",0,0,0,"0","0",0,402,1315,90
3411,"generic_intersection_drug_event","Rivaroxaban + Non-hemorrhagic Stroke (anch. drug start) (TAR=365)","Rivaroxaban + Non-hemorrhagic Stroke (anch. drug start) (TAR=365)",0,0,0,"0","0",0,619,1315,365
4146,"generic_intersection_drug_event2","Rivaroxaban + Non-hemorrhagic Stroke (anch. event start) (TAR=30)","Rivaroxaban + Non-hemorrhagic Stroke (anch. event start) (TAR=30)",0,0,0,"0","0",0,185,1315,30
4881,"generic_intersection_drug_event2","Rivaroxaban + Non-hemorrhagic Stroke (anch. event start) (TAR=90)","Rivaroxaban + Non-hemorrhagic Stroke (anch. event start) (TAR=90)",0,0,0,"0","0",0,402,1315,90
5616,"generic_intersection_drug_event2","Rivaroxaban + Non-hemorrhagic Stroke (anch. event start) (TAR=365)","Rivaroxaban + Non-hemorrhagic Stroke (anch. event start) (TAR=365)",0,0,0,"0","0",0,619,1315,365
