"cohortId","name","cohortName","logicDescription","phenotypeId","atlasId","concept_id","concept_name","concept_code","matching_drug_cohort_id","intersection_drug","intersection_event","fixed_TAR"
1,"generic_target_drug_cohort","Abiraterone (TAR=30)","Abiraterone (TAR=30)",0,0,40239056,"abiraterone","1100072",0,0,0,30
218,"generic_target_drug_cohort","Abiraterone (TAR=90)","Abiraterone (TAR=90)",0,0,40239056,"abiraterone","1100072",0,0,0,90
435,"generic_target_drug_cohort","Abiraterone (TAR=365)","Abiraterone (TAR=365)",0,0,40239056,"abiraterone","1100072",0,0,0,365
652,"generic_comparator_drug_cohort","All drugs (matched to Abiraterone) (TAR=30)","All drugs (matched to Abiraterone) (TAR=30)",0,0,0,"0","0",1,0,0,30
869,"generic_comparator_drug_cohort","All drugs (matched to Abiraterone) (TAR=90)","All drugs (matched to Abiraterone) (TAR=90)",0,0,0,"0","0",218,0,0,90
1086,"generic_comparator_drug_cohort","All drugs (matched to Abiraterone) (TAR=365)","All drugs (matched to Abiraterone) (TAR=365)",0,0,0,"0","0",435,0,0,365
1303,"340","Acute Myocardial Infarction","Acute Myocardial Infarction",340,0,0,"0","0",0,0,0,0
1319,"generic_intersection_drug_event","Abiraterone + Acute Myocardial Infarction (anch. drug start) (TAR=30)","Abiraterone + Acute Myocardial Infarction (anch. drug start) (TAR=30)",0,0,0,"0","0",0,1,1303,30
2054,"generic_intersection_drug_event","Abiraterone + Acute Myocardial Infarction (anch. drug start) (TAR=90)","Abiraterone + Acute Myocardial Infarction (anch. drug start) (TAR=90)",0,0,0,"0","0",0,218,1303,90
2789,"generic_intersection_drug_event","Abiraterone + Acute Myocardial Infarction (anch. drug start) (TAR=365)","Abiraterone + Acute Myocardial Infarction (anch. drug start) (TAR=365)",0,0,0,"0","0",0,435,1303,365
3524,"generic_intersection_drug_event2","Abiraterone + Acute Myocardial Infarction (anch. event start) (TAR=30)","Abiraterone + Acute Myocardial Infarction (anch. event start) (TAR=30)",0,0,0,"0","0",0,1,1303,30
4259,"generic_intersection_drug_event2","Abiraterone + Acute Myocardial Infarction (anch. event start) (TAR=90)","Abiraterone + Acute Myocardial Infarction (anch. event start) (TAR=90)",0,0,0,"0","0",0,218,1303,90
4994,"generic_intersection_drug_event2","Abiraterone + Acute Myocardial Infarction (anch. event start) (TAR=365)","Abiraterone + Acute Myocardial Infarction (anch. event start) (TAR=365)",0,0,0,"0","0",0,435,1303,365
