"cohortId","name","cohortName","logicDescription","phenotypeId","atlasId","concept_id","concept_name","concept_code","matching_drug_cohort_id","intersection_drug","intersection_event","fixed_TAR"
205,"generic_target_drug_cohort","Ticagrelor (TAR=30)","Ticagrelor (TAR=30)",0,0,40241186,"Ticagrelor","1116632",0,0,0,30
422,"generic_target_drug_cohort","Ticagrelor (TAR=90)","Ticagrelor (TAR=90)",0,0,40241186,"Ticagrelor","1116632",0,0,0,90
639,"generic_target_drug_cohort","Ticagrelor (TAR=365)","Ticagrelor (TAR=365)",0,0,40241186,"Ticagrelor","1116632",0,0,0,365
856,"generic_comparator_drug_cohort","All drugs (matched to Ticagrelor) (TAR=30)","All drugs (matched to Ticagrelor) (TAR=30)",0,0,0,"0","0",205,0,0,30
1073,"generic_comparator_drug_cohort","All drugs (matched to Ticagrelor) (TAR=90)","All drugs (matched to Ticagrelor) (TAR=90)",0,0,0,"0","0",422,0,0,90
1290,"generic_comparator_drug_cohort","All drugs (matched to Ticagrelor) (TAR=365)","All drugs (matched to Ticagrelor) (TAR=365)",0,0,0,"0","0",639,0,0,365
1313,"339","Myocarditis Pericarditis","Myocarditis Pericarditis",339,0,0,"0","0",0,0,0,0
2013,"generic_intersection_drug_event","Ticagrelor + Myocarditis Pericarditis (anch. drug start) (TAR=30)","Ticagrelor + Myocarditis Pericarditis (anch. drug start) (TAR=30)",0,0,0,"0","0",0,205,1313,30
2748,"generic_intersection_drug_event","Ticagrelor + Myocarditis Pericarditis (anch. drug start) (TAR=90)","Ticagrelor + Myocarditis Pericarditis (anch. drug start) (TAR=90)",0,0,0,"0","0",0,422,1313,90
3483,"generic_intersection_drug_event","Ticagrelor + Myocarditis Pericarditis (anch. drug start) (TAR=365)","Ticagrelor + Myocarditis Pericarditis (anch. drug start) (TAR=365)",0,0,0,"0","0",0,639,1313,365
4218,"generic_intersection_drug_event2","Ticagrelor + Myocarditis Pericarditis (anch. event start) (TAR=30)","Ticagrelor + Myocarditis Pericarditis (anch. event start) (TAR=30)",0,0,0,"0","0",0,205,1313,30
4953,"generic_intersection_drug_event2","Ticagrelor + Myocarditis Pericarditis (anch. event start) (TAR=90)","Ticagrelor + Myocarditis Pericarditis (anch. event start) (TAR=90)",0,0,0,"0","0",0,422,1313,90
5688,"generic_intersection_drug_event2","Ticagrelor + Myocarditis Pericarditis (anch. event start) (TAR=365)","Ticagrelor + Myocarditis Pericarditis (anch. event start) (TAR=365)",0,0,0,"0","0",0,639,1313,365
