"cohortId","name","cohortName","logicDescription","phenotypeId","atlasId","concept_id","concept_name","concept_code","matching_drug_cohort_id","intersection_drug","intersection_event","fixed_TAR"
117,"generic_target_drug_cohort","Lenalidomide (TAR=30)","Lenalidomide (TAR=30)",0,0,19026972,"lenalidomide","342369",0,0,0,30
334,"generic_target_drug_cohort","Lenalidomide (TAR=90)","Lenalidomide (TAR=90)",0,0,19026972,"lenalidomide","342369",0,0,0,90
551,"generic_target_drug_cohort","Lenalidomide (TAR=365)","Lenalidomide (TAR=365)",0,0,19026972,"lenalidomide","342369",0,0,0,365
768,"generic_comparator_drug_cohort","All drugs (matched to Lenalidomide) (TAR=30)","All drugs (matched to Lenalidomide) (TAR=30)",0,0,0,"0","0",117,0,0,30
985,"generic_comparator_drug_cohort","All drugs (matched to Lenalidomide) (TAR=90)","All drugs (matched to Lenalidomide) (TAR=90)",0,0,0,"0","0",334,0,0,90
1202,"generic_comparator_drug_cohort","All drugs (matched to Lenalidomide) (TAR=365)","All drugs (matched to Lenalidomide) (TAR=365)",0,0,0,"0","0",551,0,0,365
1315,"406","Non-hemorrhagic Stroke","Non-hemorrhagic Stroke",406,0,0,"0","0",0,0,0,0
1704,"generic_intersection_drug_event","Lenalidomide + Non-hemorrhagic Stroke (anch. drug start) (TAR=30)","Lenalidomide + Non-hemorrhagic Stroke (anch. drug start) (TAR=30)",0,0,0,"0","0",0,117,1315,30
2439,"generic_intersection_drug_event","Lenalidomide + Non-hemorrhagic Stroke (anch. drug start) (TAR=90)","Lenalidomide + Non-hemorrhagic Stroke (anch. drug start) (TAR=90)",0,0,0,"0","0",0,334,1315,90
3174,"generic_intersection_drug_event","Lenalidomide + Non-hemorrhagic Stroke (anch. drug start) (TAR=365)","Lenalidomide + Non-hemorrhagic Stroke (anch. drug start) (TAR=365)",0,0,0,"0","0",0,551,1315,365
3909,"generic_intersection_drug_event2","Lenalidomide + Non-hemorrhagic Stroke (anch. event start) (TAR=30)","Lenalidomide + Non-hemorrhagic Stroke (anch. event start) (TAR=30)",0,0,0,"0","0",0,117,1315,30
4644,"generic_intersection_drug_event2","Lenalidomide + Non-hemorrhagic Stroke (anch. event start) (TAR=90)","Lenalidomide + Non-hemorrhagic Stroke (anch. event start) (TAR=90)",0,0,0,"0","0",0,334,1315,90
5379,"generic_intersection_drug_event2","Lenalidomide + Non-hemorrhagic Stroke (anch. event start) (TAR=365)","Lenalidomide + Non-hemorrhagic Stroke (anch. event start) (TAR=365)",0,0,0,"0","0",0,551,1315,365
