"cohortId","name","cohortName","logicDescription","phenotypeId","atlasId","concept_id","concept_name","concept_code","matching_drug_cohort_id","intersection_drug","intersection_event","fixed_TAR"
195,"generic_target_drug_cohort","Sodium chloride (TAR=30)","Sodium chloride (TAR=30)",0,0,967823,"Sodium Chloride","9863",0,0,0,30
412,"generic_target_drug_cohort","Sodium chloride (TAR=90)","Sodium chloride (TAR=90)",0,0,967823,"Sodium Chloride","9863",0,0,0,90
629,"generic_target_drug_cohort","Sodium chloride (TAR=365)","Sodium chloride (TAR=365)",0,0,967823,"Sodium Chloride","9863",0,0,0,365
846,"generic_comparator_drug_cohort","All drugs (matched to Sodium chloride) (TAR=30)","All drugs (matched to Sodium chloride) (TAR=30)",0,0,0,"0","0",195,0,0,30
1063,"generic_comparator_drug_cohort","All drugs (matched to Sodium chloride) (TAR=90)","All drugs (matched to Sodium chloride) (TAR=90)",0,0,0,"0","0",412,0,0,90
1280,"generic_comparator_drug_cohort","All drugs (matched to Sodium chloride) (TAR=365)","All drugs (matched to Sodium chloride) (TAR=365)",0,0,0,"0","0",629,0,0,365
1304,"349","Anaphylaxis","Anaphylaxis",349,0,0,"0","0",0,0,0,0
1963,"generic_intersection_drug_event","Sodium chloride + Anaphylaxis (anch. drug start) (TAR=30)","Sodium chloride + Anaphylaxis (anch. drug start) (TAR=30)",0,0,0,"0","0",0,195,1304,30
2698,"generic_intersection_drug_event","Sodium chloride + Anaphylaxis (anch. drug start) (TAR=90)","Sodium chloride + Anaphylaxis (anch. drug start) (TAR=90)",0,0,0,"0","0",0,412,1304,90
3433,"generic_intersection_drug_event","Sodium chloride + Anaphylaxis (anch. drug start) (TAR=365)","Sodium chloride + Anaphylaxis (anch. drug start) (TAR=365)",0,0,0,"0","0",0,629,1304,365
4168,"generic_intersection_drug_event2","Sodium chloride + Anaphylaxis (anch. event start) (TAR=30)","Sodium chloride + Anaphylaxis (anch. event start) (TAR=30)",0,0,0,"0","0",0,195,1304,30
4903,"generic_intersection_drug_event2","Sodium chloride + Anaphylaxis (anch. event start) (TAR=90)","Sodium chloride + Anaphylaxis (anch. event start) (TAR=90)",0,0,0,"0","0",0,412,1304,90
5638,"generic_intersection_drug_event2","Sodium chloride + Anaphylaxis (anch. event start) (TAR=365)","Sodium chloride + Anaphylaxis (anch. event start) (TAR=365)",0,0,0,"0","0",0,629,1304,365
