"cohortId","name","cohortName","logicDescription","phenotypeId","atlasId","concept_id","concept_name","concept_code","matching_drug_cohort_id","intersection_drug","intersection_event","fixed_TAR"
28,"generic_target_drug_cohort","Carfilzomib (TAR=30)","Carfilzomib (TAR=30)",0,0,42873638,"carfilzomib","1302966",0,0,0,30
245,"generic_target_drug_cohort","Carfilzomib (TAR=90)","Carfilzomib (TAR=90)",0,0,42873638,"carfilzomib","1302966",0,0,0,90
462,"generic_target_drug_cohort","Carfilzomib (TAR=365)","Carfilzomib (TAR=365)",0,0,42873638,"carfilzomib","1302966",0,0,0,365
679,"generic_comparator_drug_cohort","All drugs (matched to Carfilzomib) (TAR=30)","All drugs (matched to Carfilzomib) (TAR=30)",0,0,0,"0","0",28,0,0,30
896,"generic_comparator_drug_cohort","All drugs (matched to Carfilzomib) (TAR=90)","All drugs (matched to Carfilzomib) (TAR=90)",0,0,0,"0","0",245,0,0,90
1113,"generic_comparator_drug_cohort","All drugs (matched to Carfilzomib) (TAR=365)","All drugs (matched to Carfilzomib) (TAR=365)",0,0,0,"0","0",462,0,0,365
1312,"335","Immune Thrombocytopenia (ITP)","Immune Thrombocytopenia (ITP)",335,0,0,"0","0",0,0,0,0
1405,"generic_intersection_drug_event","Carfilzomib + Immune Thrombocytopenia (ITP) (anch. drug start) (TAR=30)","Carfilzomib + Immune Thrombocytopenia (ITP) (anch. drug start) (TAR=30)",0,0,0,"0","0",0,28,1312,30
2140,"generic_intersection_drug_event","Carfilzomib + Immune Thrombocytopenia (ITP) (anch. drug start) (TAR=90)","Carfilzomib + Immune Thrombocytopenia (ITP) (anch. drug start) (TAR=90)",0,0,0,"0","0",0,245,1312,90
2875,"generic_intersection_drug_event","Carfilzomib + Immune Thrombocytopenia (ITP) (anch. drug start) (TAR=365)","Carfilzomib + Immune Thrombocytopenia (ITP) (anch. drug start) (TAR=365)",0,0,0,"0","0",0,462,1312,365
3610,"generic_intersection_drug_event2","Carfilzomib + Immune Thrombocytopenia (ITP) (anch. event start) (TAR=30)","Carfilzomib + Immune Thrombocytopenia (ITP) (anch. event start) (TAR=30)",0,0,0,"0","0",0,28,1312,30
4345,"generic_intersection_drug_event2","Carfilzomib + Immune Thrombocytopenia (ITP) (anch. event start) (TAR=90)","Carfilzomib + Immune Thrombocytopenia (ITP) (anch. event start) (TAR=90)",0,0,0,"0","0",0,245,1312,90
5080,"generic_intersection_drug_event2","Carfilzomib + Immune Thrombocytopenia (ITP) (anch. event start) (TAR=365)","Carfilzomib + Immune Thrombocytopenia (ITP) (anch. event start) (TAR=365)",0,0,0,"0","0",0,462,1312,365
