"cohortId","name","cohortName","logicDescription","phenotypeId","atlasId","concept_id","concept_name","concept_code","matching_drug_cohort_id","intersection_drug","intersection_event","fixed_TAR"
49,"generic_target_drug_cohort","Cyclophosphamide (TAR=30)","Cyclophosphamide (TAR=30)",0,0,1310317,"Cyclophosphamide","3002",0,0,0,30
266,"generic_target_drug_cohort","Cyclophosphamide (TAR=90)","Cyclophosphamide (TAR=90)",0,0,1310317,"Cyclophosphamide","3002",0,0,0,90
483,"generic_target_drug_cohort","Cyclophosphamide (TAR=365)","Cyclophosphamide (TAR=365)",0,0,1310317,"Cyclophosphamide","3002",0,0,0,365
700,"generic_comparator_drug_cohort","All drugs (matched to Cyclophosphamide) (TAR=30)","All drugs (matched to Cyclophosphamide) (TAR=30)",0,0,0,"0","0",49,0,0,30
917,"generic_comparator_drug_cohort","All drugs (matched to Cyclophosphamide) (TAR=90)","All drugs (matched to Cyclophosphamide) (TAR=90)",0,0,0,"0","0",266,0,0,90
1134,"generic_comparator_drug_cohort","All drugs (matched to Cyclophosphamide) (TAR=365)","All drugs (matched to Cyclophosphamide) (TAR=365)",0,0,0,"0","0",483,0,0,365
1310,"343","Guillain Barre Syndrome","Guillain Barre Syndrome",343,0,0,"0","0",0,0,0,0
1478,"generic_intersection_drug_event","Cyclophosphamide + Guillain Barre Syndrome (anch. drug start) (TAR=30)","Cyclophosphamide + Guillain Barre Syndrome (anch. drug start) (TAR=30)",0,0,0,"0","0",0,49,1310,30
2213,"generic_intersection_drug_event","Cyclophosphamide + Guillain Barre Syndrome (anch. drug start) (TAR=90)","Cyclophosphamide + Guillain Barre Syndrome (anch. drug start) (TAR=90)",0,0,0,"0","0",0,266,1310,90
2948,"generic_intersection_drug_event","Cyclophosphamide + Guillain Barre Syndrome (anch. drug start) (TAR=365)","Cyclophosphamide + Guillain Barre Syndrome (anch. drug start) (TAR=365)",0,0,0,"0","0",0,483,1310,365
3683,"generic_intersection_drug_event2","Cyclophosphamide + Guillain Barre Syndrome (anch. event start) (TAR=30)","Cyclophosphamide + Guillain Barre Syndrome (anch. event start) (TAR=30)",0,0,0,"0","0",0,49,1310,30
4418,"generic_intersection_drug_event2","Cyclophosphamide + Guillain Barre Syndrome (anch. event start) (TAR=90)","Cyclophosphamide + Guillain Barre Syndrome (anch. event start) (TAR=90)",0,0,0,"0","0",0,266,1310,90
5153,"generic_intersection_drug_event2","Cyclophosphamide + Guillain Barre Syndrome (anch. event start) (TAR=365)","Cyclophosphamide + Guillain Barre Syndrome (anch. event start) (TAR=365)",0,0,0,"0","0",0,483,1310,365
