"cohortId","name","cohortName","logicDescription","phenotypeId","atlasId","concept_id","concept_name","concept_code","matching_drug_cohort_id","intersection_drug","intersection_event","fixed_TAR"
160,"generic_target_drug_cohort","Oxytocin (TAR=30)","Oxytocin (TAR=30)",0,0,1326115,"Oxytocin","7824",0,0,0,30
377,"generic_target_drug_cohort","Oxytocin (TAR=90)","Oxytocin (TAR=90)",0,0,1326115,"Oxytocin","7824",0,0,0,90
594,"generic_target_drug_cohort","Oxytocin (TAR=365)","Oxytocin (TAR=365)",0,0,1326115,"Oxytocin","7824",0,0,0,365
811,"generic_comparator_drug_cohort","All drugs (matched to Oxytocin) (TAR=30)","All drugs (matched to Oxytocin) (TAR=30)",0,0,0,"0","0",160,0,0,30
1028,"generic_comparator_drug_cohort","All drugs (matched to Oxytocin) (TAR=90)","All drugs (matched to Oxytocin) (TAR=90)",0,0,0,"0","0",377,0,0,90
1245,"generic_comparator_drug_cohort","All drugs (matched to Oxytocin) (TAR=365)","All drugs (matched to Oxytocin) (TAR=365)",0,0,0,"0","0",594,0,0,365
1304,"349","Anaphylaxis","Anaphylaxis",349,0,0,"0","0",0,0,0,0
1846,"generic_intersection_drug_event","Oxytocin + Anaphylaxis (anch. drug start) (TAR=30)","Oxytocin + Anaphylaxis (anch. drug start) (TAR=30)",0,0,0,"0","0",0,160,1304,30
2581,"generic_intersection_drug_event","Oxytocin + Anaphylaxis (anch. drug start) (TAR=90)","Oxytocin + Anaphylaxis (anch. drug start) (TAR=90)",0,0,0,"0","0",0,377,1304,90
3316,"generic_intersection_drug_event","Oxytocin + Anaphylaxis (anch. drug start) (TAR=365)","Oxytocin + Anaphylaxis (anch. drug start) (TAR=365)",0,0,0,"0","0",0,594,1304,365
4051,"generic_intersection_drug_event2","Oxytocin + Anaphylaxis (anch. event start) (TAR=30)","Oxytocin + Anaphylaxis (anch. event start) (TAR=30)",0,0,0,"0","0",0,160,1304,30
4786,"generic_intersection_drug_event2","Oxytocin + Anaphylaxis (anch. event start) (TAR=90)","Oxytocin + Anaphylaxis (anch. event start) (TAR=90)",0,0,0,"0","0",0,377,1304,90
5521,"generic_intersection_drug_event2","Oxytocin + Anaphylaxis (anch. event start) (TAR=365)","Oxytocin + Anaphylaxis (anch. event start) (TAR=365)",0,0,0,"0","0",0,594,1304,365
