"cohortId","name","cohortName","logicDescription","phenotypeId","atlasId","concept_id","concept_name","concept_code","matching_drug_cohort_id","intersection_drug","intersection_event","fixed_TAR"
134,"generic_target_drug_cohort","Methylphenidate (TAR=30)","Methylphenidate (TAR=30)",0,0,705944,"Methylphenidate","6901",0,0,0,30
351,"generic_target_drug_cohort","Methylphenidate (TAR=90)","Methylphenidate (TAR=90)",0,0,705944,"Methylphenidate","6901",0,0,0,90
568,"generic_target_drug_cohort","Methylphenidate (TAR=365)","Methylphenidate (TAR=365)",0,0,705944,"Methylphenidate","6901",0,0,0,365
785,"generic_comparator_drug_cohort","All drugs (matched to Methylphenidate) (TAR=30)","All drugs (matched to Methylphenidate) (TAR=30)",0,0,0,"0","0",134,0,0,30
1002,"generic_comparator_drug_cohort","All drugs (matched to Methylphenidate) (TAR=90)","All drugs (matched to Methylphenidate) (TAR=90)",0,0,0,"0","0",351,0,0,90
1219,"generic_comparator_drug_cohort","All drugs (matched to Methylphenidate) (TAR=365)","All drugs (matched to Methylphenidate) (TAR=365)",0,0,0,"0","0",568,0,0,365
1303,"340","Acute Myocardial Infarction","Acute Myocardial Infarction",340,0,0,"0","0",0,0,0,0
1763,"generic_intersection_drug_event","Methylphenidate + Acute Myocardial Infarction (anch. drug start) (TAR=30)","Methylphenidate + Acute Myocardial Infarction (anch. drug start) (TAR=30)",0,0,0,"0","0",0,134,1303,30
2498,"generic_intersection_drug_event","Methylphenidate + Acute Myocardial Infarction (anch. drug start) (TAR=90)","Methylphenidate + Acute Myocardial Infarction (anch. drug start) (TAR=90)",0,0,0,"0","0",0,351,1303,90
3233,"generic_intersection_drug_event","Methylphenidate + Acute Myocardial Infarction (anch. drug start) (TAR=365)","Methylphenidate + Acute Myocardial Infarction (anch. drug start) (TAR=365)",0,0,0,"0","0",0,568,1303,365
3968,"generic_intersection_drug_event2","Methylphenidate + Acute Myocardial Infarction (anch. event start) (TAR=30)","Methylphenidate + Acute Myocardial Infarction (anch. event start) (TAR=30)",0,0,0,"0","0",0,134,1303,30
4703,"generic_intersection_drug_event2","Methylphenidate + Acute Myocardial Infarction (anch. event start) (TAR=90)","Methylphenidate + Acute Myocardial Infarction (anch. event start) (TAR=90)",0,0,0,"0","0",0,351,1303,90
5438,"generic_intersection_drug_event2","Methylphenidate + Acute Myocardial Infarction (anch. event start) (TAR=365)","Methylphenidate + Acute Myocardial Infarction (anch. event start) (TAR=365)",0,0,0,"0","0",0,568,1303,365
