"cohortId","name","cohortName","logicDescription","phenotypeId","atlasId","concept_id","concept_name","concept_code","matching_drug_cohort_id","intersection_drug","intersection_event","fixed_TAR"
132,"generic_target_drug_cohort","Metformin (TAR=30)","Metformin (TAR=30)",0,0,1503297,"Metformin","6809",0,0,0,30
349,"generic_target_drug_cohort","Metformin (TAR=90)","Metformin (TAR=90)",0,0,1503297,"Metformin","6809",0,0,0,90
566,"generic_target_drug_cohort","Metformin (TAR=365)","Metformin (TAR=365)",0,0,1503297,"Metformin","6809",0,0,0,365
783,"generic_comparator_drug_cohort","All drugs (matched to Metformin) (TAR=30)","All drugs (matched to Metformin) (TAR=30)",0,0,0,"0","0",132,0,0,30
1000,"generic_comparator_drug_cohort","All drugs (matched to Metformin) (TAR=90)","All drugs (matched to Metformin) (TAR=90)",0,0,0,"0","0",349,0,0,90
1217,"generic_comparator_drug_cohort","All drugs (matched to Metformin) (TAR=365)","All drugs (matched to Metformin) (TAR=365)",0,0,0,"0","0",566,0,0,365
1304,"349","Anaphylaxis","Anaphylaxis",349,0,0,"0","0",0,0,0,0
1749,"generic_intersection_drug_event","Metformin + Anaphylaxis (anch. drug start) (TAR=30)","Metformin + Anaphylaxis (anch. drug start) (TAR=30)",0,0,0,"0","0",0,132,1304,30
2484,"generic_intersection_drug_event","Metformin + Anaphylaxis (anch. drug start) (TAR=90)","Metformin + Anaphylaxis (anch. drug start) (TAR=90)",0,0,0,"0","0",0,349,1304,90
3219,"generic_intersection_drug_event","Metformin + Anaphylaxis (anch. drug start) (TAR=365)","Metformin + Anaphylaxis (anch. drug start) (TAR=365)",0,0,0,"0","0",0,566,1304,365
3954,"generic_intersection_drug_event2","Metformin + Anaphylaxis (anch. event start) (TAR=30)","Metformin + Anaphylaxis (anch. event start) (TAR=30)",0,0,0,"0","0",0,132,1304,30
4689,"generic_intersection_drug_event2","Metformin + Anaphylaxis (anch. event start) (TAR=90)","Metformin + Anaphylaxis (anch. event start) (TAR=90)",0,0,0,"0","0",0,349,1304,90
5424,"generic_intersection_drug_event2","Metformin + Anaphylaxis (anch. event start) (TAR=365)","Metformin + Anaphylaxis (anch. event start) (TAR=365)",0,0,0,"0","0",0,566,1304,365
