"cohortId","name","cohortName","logicDescription","phenotypeId","atlasId","concept_id","concept_name","concept_code","matching_drug_cohort_id","intersection_drug","intersection_event","fixed_TAR"
142,"generic_target_drug_cohort","Morphine (TAR=30)","Morphine (TAR=30)",0,0,1110410,"Morphine","7052",0,0,0,30
359,"generic_target_drug_cohort","Morphine (TAR=90)","Morphine (TAR=90)",0,0,1110410,"Morphine","7052",0,0,0,90
576,"generic_target_drug_cohort","Morphine (TAR=365)","Morphine (TAR=365)",0,0,1110410,"Morphine","7052",0,0,0,365
793,"generic_comparator_drug_cohort","All drugs (matched to Morphine) (TAR=30)","All drugs (matched to Morphine) (TAR=30)",0,0,0,"0","0",142,0,0,30
1010,"generic_comparator_drug_cohort","All drugs (matched to Morphine) (TAR=90)","All drugs (matched to Morphine) (TAR=90)",0,0,0,"0","0",359,0,0,90
1227,"generic_comparator_drug_cohort","All drugs (matched to Morphine) (TAR=365)","All drugs (matched to Morphine) (TAR=365)",0,0,0,"0","0",576,0,0,365
1307,"402","Deep Vein Thrombosis (DVT)","Deep Vein Thrombosis (DVT)",402,0,0,"0","0",0,0,0,0
1790,"generic_intersection_drug_event","Morphine + Deep Vein Thrombosis (DVT) (anch. drug start) (TAR=30)","Morphine + Deep Vein Thrombosis (DVT) (anch. drug start) (TAR=30)",0,0,0,"0","0",0,142,1307,30
2525,"generic_intersection_drug_event","Morphine + Deep Vein Thrombosis (DVT) (anch. drug start) (TAR=90)","Morphine + Deep Vein Thrombosis (DVT) (anch. drug start) (TAR=90)",0,0,0,"0","0",0,359,1307,90
3260,"generic_intersection_drug_event","Morphine + Deep Vein Thrombosis (DVT) (anch. drug start) (TAR=365)","Morphine + Deep Vein Thrombosis (DVT) (anch. drug start) (TAR=365)",0,0,0,"0","0",0,576,1307,365
3995,"generic_intersection_drug_event2","Morphine + Deep Vein Thrombosis (DVT) (anch. event start) (TAR=30)","Morphine + Deep Vein Thrombosis (DVT) (anch. event start) (TAR=30)",0,0,0,"0","0",0,142,1307,30
4730,"generic_intersection_drug_event2","Morphine + Deep Vein Thrombosis (DVT) (anch. event start) (TAR=90)","Morphine + Deep Vein Thrombosis (DVT) (anch. event start) (TAR=90)",0,0,0,"0","0",0,359,1307,90
5465,"generic_intersection_drug_event2","Morphine + Deep Vein Thrombosis (DVT) (anch. event start) (TAR=365)","Morphine + Deep Vein Thrombosis (DVT) (anch. event start) (TAR=365)",0,0,0,"0","0",0,576,1307,365
