"cohortId","name","cohortName","logicDescription","phenotypeId","atlasId","concept_id","concept_name","concept_code","matching_drug_cohort_id","intersection_drug","intersection_event","fixed_TAR"
23,"generic_target_drug_cohort","Cabazitaxel (TAR=30)","Cabazitaxel (TAR=30)",0,0,40222431,"cabazitaxel","996051",0,0,0,30
240,"generic_target_drug_cohort","Cabazitaxel (TAR=90)","Cabazitaxel (TAR=90)",0,0,40222431,"cabazitaxel","996051",0,0,0,90
457,"generic_target_drug_cohort","Cabazitaxel (TAR=365)","Cabazitaxel (TAR=365)",0,0,40222431,"cabazitaxel","996051",0,0,0,365
674,"generic_comparator_drug_cohort","All drugs (matched to Cabazitaxel) (TAR=30)","All drugs (matched to Cabazitaxel) (TAR=30)",0,0,0,"0","0",23,0,0,30
891,"generic_comparator_drug_cohort","All drugs (matched to Cabazitaxel) (TAR=90)","All drugs (matched to Cabazitaxel) (TAR=90)",0,0,0,"0","0",240,0,0,90
1108,"generic_comparator_drug_cohort","All drugs (matched to Cabazitaxel) (TAR=365)","All drugs (matched to Cabazitaxel) (TAR=365)",0,0,0,"0","0",457,0,0,365
1312,"335","Immune Thrombocytopenia (ITP)","Immune Thrombocytopenia (ITP)",335,0,0,"0","0",0,0,0,0
1381,"generic_intersection_drug_event","Cabazitaxel + Immune Thrombocytopenia (ITP) (anch. drug start) (TAR=30)","Cabazitaxel + Immune Thrombocytopenia (ITP) (anch. drug start) (TAR=30)",0,0,0,"0","0",0,23,1312,30
2116,"generic_intersection_drug_event","Cabazitaxel + Immune Thrombocytopenia (ITP) (anch. drug start) (TAR=90)","Cabazitaxel + Immune Thrombocytopenia (ITP) (anch. drug start) (TAR=90)",0,0,0,"0","0",0,240,1312,90
2851,"generic_intersection_drug_event","Cabazitaxel + Immune Thrombocytopenia (ITP) (anch. drug start) (TAR=365)","Cabazitaxel + Immune Thrombocytopenia (ITP) (anch. drug start) (TAR=365)",0,0,0,"0","0",0,457,1312,365
3586,"generic_intersection_drug_event2","Cabazitaxel + Immune Thrombocytopenia (ITP) (anch. event start) (TAR=30)","Cabazitaxel + Immune Thrombocytopenia (ITP) (anch. event start) (TAR=30)",0,0,0,"0","0",0,23,1312,30
4321,"generic_intersection_drug_event2","Cabazitaxel + Immune Thrombocytopenia (ITP) (anch. event start) (TAR=90)","Cabazitaxel + Immune Thrombocytopenia (ITP) (anch. event start) (TAR=90)",0,0,0,"0","0",0,240,1312,90
5056,"generic_intersection_drug_event2","Cabazitaxel + Immune Thrombocytopenia (ITP) (anch. event start) (TAR=365)","Cabazitaxel + Immune Thrombocytopenia (ITP) (anch. event start) (TAR=365)",0,0,0,"0","0",0,457,1312,365
