"cohortId","name","cohortName","logicDescription","phenotypeId","atlasId","concept_id","concept_name","concept_code","matching_drug_cohort_id","intersection_drug","intersection_event","fixed_TAR"
167,"generic_target_drug_cohort","Pirfenidone (TAR=30)","Pirfenidone (TAR=30)",0,0,45775206,"pirfenidone","1592254",0,0,0,30
384,"generic_target_drug_cohort","Pirfenidone (TAR=90)","Pirfenidone (TAR=90)",0,0,45775206,"pirfenidone","1592254",0,0,0,90
601,"generic_target_drug_cohort","Pirfenidone (TAR=365)","Pirfenidone (TAR=365)",0,0,45775206,"pirfenidone","1592254",0,0,0,365
818,"generic_comparator_drug_cohort","All drugs (matched to Pirfenidone) (TAR=30)","All drugs (matched to Pirfenidone) (TAR=30)",0,0,0,"0","0",167,0,0,30
1035,"generic_comparator_drug_cohort","All drugs (matched to Pirfenidone) (TAR=90)","All drugs (matched to Pirfenidone) (TAR=90)",0,0,0,"0","0",384,0,0,90
1252,"generic_comparator_drug_cohort","All drugs (matched to Pirfenidone) (TAR=365)","All drugs (matched to Pirfenidone) (TAR=365)",0,0,0,"0","0",601,0,0,365
1303,"340","Acute Myocardial Infarction","Acute Myocardial Infarction",340,0,0,"0","0",0,0,0,0
1867,"generic_intersection_drug_event","Pirfenidone + Acute Myocardial Infarction (anch. drug start) (TAR=30)","Pirfenidone + Acute Myocardial Infarction (anch. drug start) (TAR=30)",0,0,0,"0","0",0,167,1303,30
2602,"generic_intersection_drug_event","Pirfenidone + Acute Myocardial Infarction (anch. drug start) (TAR=90)","Pirfenidone + Acute Myocardial Infarction (anch. drug start) (TAR=90)",0,0,0,"0","0",0,384,1303,90
3337,"generic_intersection_drug_event","Pirfenidone + Acute Myocardial Infarction (anch. drug start) (TAR=365)","Pirfenidone + Acute Myocardial Infarction (anch. drug start) (TAR=365)",0,0,0,"0","0",0,601,1303,365
4072,"generic_intersection_drug_event2","Pirfenidone + Acute Myocardial Infarction (anch. event start) (TAR=30)","Pirfenidone + Acute Myocardial Infarction (anch. event start) (TAR=30)",0,0,0,"0","0",0,167,1303,30
4807,"generic_intersection_drug_event2","Pirfenidone + Acute Myocardial Infarction (anch. event start) (TAR=90)","Pirfenidone + Acute Myocardial Infarction (anch. event start) (TAR=90)",0,0,0,"0","0",0,384,1303,90
5542,"generic_intersection_drug_event2","Pirfenidone + Acute Myocardial Infarction (anch. event start) (TAR=365)","Pirfenidone + Acute Myocardial Infarction (anch. event start) (TAR=365)",0,0,0,"0","0",0,601,1303,365
