"cohortId","name","cohortName","logicDescription","phenotypeId","atlasId","concept_id","concept_name","concept_code","matching_drug_cohort_id","intersection_drug","intersection_event","fixed_TAR"
205,"generic_target_drug_cohort","Ticagrelor (TAR=30)","Ticagrelor (TAR=30)",0,0,40241186,"Ticagrelor","1116632",0,0,0,30
422,"generic_target_drug_cohort","Ticagrelor (TAR=90)","Ticagrelor (TAR=90)",0,0,40241186,"Ticagrelor","1116632",0,0,0,90
639,"generic_target_drug_cohort","Ticagrelor (TAR=365)","Ticagrelor (TAR=365)",0,0,40241186,"Ticagrelor","1116632",0,0,0,365
856,"generic_comparator_drug_cohort","All drugs (matched to Ticagrelor) (TAR=30)","All drugs (matched to Ticagrelor) (TAR=30)",0,0,0,"0","0",205,0,0,30
1073,"generic_comparator_drug_cohort","All drugs (matched to Ticagrelor) (TAR=90)","All drugs (matched to Ticagrelor) (TAR=90)",0,0,0,"0","0",422,0,0,90
1290,"generic_comparator_drug_cohort","All drugs (matched to Ticagrelor) (TAR=365)","All drugs (matched to Ticagrelor) (TAR=365)",0,0,0,"0","0",639,0,0,365
1315,"406","Non-hemorrhagic Stroke","Non-hemorrhagic Stroke",406,0,0,"0","0",0,0,0,0
2014,"generic_intersection_drug_event","Ticagrelor + Non-hemorrhagic Stroke (anch. drug start) (TAR=30)","Ticagrelor + Non-hemorrhagic Stroke (anch. drug start) (TAR=30)",0,0,0,"0","0",0,205,1315,30
2749,"generic_intersection_drug_event","Ticagrelor + Non-hemorrhagic Stroke (anch. drug start) (TAR=90)","Ticagrelor + Non-hemorrhagic Stroke (anch. drug start) (TAR=90)",0,0,0,"0","0",0,422,1315,90
3484,"generic_intersection_drug_event","Ticagrelor + Non-hemorrhagic Stroke (anch. drug start) (TAR=365)","Ticagrelor + Non-hemorrhagic Stroke (anch. drug start) (TAR=365)",0,0,0,"0","0",0,639,1315,365
4219,"generic_intersection_drug_event2","Ticagrelor + Non-hemorrhagic Stroke (anch. event start) (TAR=30)","Ticagrelor + Non-hemorrhagic Stroke (anch. event start) (TAR=30)",0,0,0,"0","0",0,205,1315,30
4954,"generic_intersection_drug_event2","Ticagrelor + Non-hemorrhagic Stroke (anch. event start) (TAR=90)","Ticagrelor + Non-hemorrhagic Stroke (anch. event start) (TAR=90)",0,0,0,"0","0",0,422,1315,90
5689,"generic_intersection_drug_event2","Ticagrelor + Non-hemorrhagic Stroke (anch. event start) (TAR=365)","Ticagrelor + Non-hemorrhagic Stroke (anch. event start) (TAR=365)",0,0,0,"0","0",0,639,1315,365
