"cohortId","name","cohortName","logicDescription","phenotypeId","atlasId","concept_id","concept_name","concept_code","matching_drug_cohort_id","intersection_drug","intersection_event","fixed_TAR"
94,"generic_target_drug_cohort","Furosemide (TAR=30)","Furosemide (TAR=30)",0,0,956874,"Furosemide","4603",0,0,0,30
311,"generic_target_drug_cohort","Furosemide (TAR=90)","Furosemide (TAR=90)",0,0,956874,"Furosemide","4603",0,0,0,90
528,"generic_target_drug_cohort","Furosemide (TAR=365)","Furosemide (TAR=365)",0,0,956874,"Furosemide","4603",0,0,0,365
745,"generic_comparator_drug_cohort","All drugs (matched to Furosemide) (TAR=30)","All drugs (matched to Furosemide) (TAR=30)",0,0,0,"0","0",94,0,0,30
962,"generic_comparator_drug_cohort","All drugs (matched to Furosemide) (TAR=90)","All drugs (matched to Furosemide) (TAR=90)",0,0,0,"0","0",311,0,0,90
1179,"generic_comparator_drug_cohort","All drugs (matched to Furosemide) (TAR=365)","All drugs (matched to Furosemide) (TAR=365)",0,0,0,"0","0",528,0,0,365
1304,"349","Anaphylaxis","Anaphylaxis",349,0,0,"0","0",0,0,0,0
1622,"generic_intersection_drug_event","Furosemide + Anaphylaxis (anch. drug start) (TAR=30)","Furosemide + Anaphylaxis (anch. drug start) (TAR=30)",0,0,0,"0","0",0,94,1304,30
2357,"generic_intersection_drug_event","Furosemide + Anaphylaxis (anch. drug start) (TAR=90)","Furosemide + Anaphylaxis (anch. drug start) (TAR=90)",0,0,0,"0","0",0,311,1304,90
3092,"generic_intersection_drug_event","Furosemide + Anaphylaxis (anch. drug start) (TAR=365)","Furosemide + Anaphylaxis (anch. drug start) (TAR=365)",0,0,0,"0","0",0,528,1304,365
3827,"generic_intersection_drug_event2","Furosemide + Anaphylaxis (anch. event start) (TAR=30)","Furosemide + Anaphylaxis (anch. event start) (TAR=30)",0,0,0,"0","0",0,94,1304,30
4562,"generic_intersection_drug_event2","Furosemide + Anaphylaxis (anch. event start) (TAR=90)","Furosemide + Anaphylaxis (anch. event start) (TAR=90)",0,0,0,"0","0",0,311,1304,90
5297,"generic_intersection_drug_event2","Furosemide + Anaphylaxis (anch. event start) (TAR=365)","Furosemide + Anaphylaxis (anch. event start) (TAR=365)",0,0,0,"0","0",0,528,1304,365
