"cohortId","name","cohortName","logicDescription","phenotypeId","atlasId","concept_id","concept_name","concept_code","matching_drug_cohort_id","intersection_drug","intersection_event","fixed_TAR"
133,"generic_target_drug_cohort","Methotrexate (TAR=30)","Methotrexate (TAR=30)",0,0,1305058,"Methotrexate","6851",0,0,0,30
350,"generic_target_drug_cohort","Methotrexate (TAR=90)","Methotrexate (TAR=90)",0,0,1305058,"Methotrexate","6851",0,0,0,90
567,"generic_target_drug_cohort","Methotrexate (TAR=365)","Methotrexate (TAR=365)",0,0,1305058,"Methotrexate","6851",0,0,0,365
784,"generic_comparator_drug_cohort","All drugs (matched to Methotrexate) (TAR=30)","All drugs (matched to Methotrexate) (TAR=30)",0,0,0,"0","0",133,0,0,30
1001,"generic_comparator_drug_cohort","All drugs (matched to Methotrexate) (TAR=90)","All drugs (matched to Methotrexate) (TAR=90)",0,0,0,"0","0",350,0,0,90
1218,"generic_comparator_drug_cohort","All drugs (matched to Methotrexate) (TAR=365)","All drugs (matched to Methotrexate) (TAR=365)",0,0,0,"0","0",567,0,0,365
1305,"386","Appendicitis","Appendicitis",386,0,0,"0","0",0,0,0,0
1752,"generic_intersection_drug_event","Methotrexate + Appendicitis (anch. drug start) (TAR=30)","Methotrexate + Appendicitis (anch. drug start) (TAR=30)",0,0,0,"0","0",0,133,1305,30
2487,"generic_intersection_drug_event","Methotrexate + Appendicitis (anch. drug start) (TAR=90)","Methotrexate + Appendicitis (anch. drug start) (TAR=90)",0,0,0,"0","0",0,350,1305,90
3222,"generic_intersection_drug_event","Methotrexate + Appendicitis (anch. drug start) (TAR=365)","Methotrexate + Appendicitis (anch. drug start) (TAR=365)",0,0,0,"0","0",0,567,1305,365
3957,"generic_intersection_drug_event2","Methotrexate + Appendicitis (anch. event start) (TAR=30)","Methotrexate + Appendicitis (anch. event start) (TAR=30)",0,0,0,"0","0",0,133,1305,30
4692,"generic_intersection_drug_event2","Methotrexate + Appendicitis (anch. event start) (TAR=90)","Methotrexate + Appendicitis (anch. event start) (TAR=90)",0,0,0,"0","0",0,350,1305,90
5427,"generic_intersection_drug_event2","Methotrexate + Appendicitis (anch. event start) (TAR=365)","Methotrexate + Appendicitis (anch. event start) (TAR=365)",0,0,0,"0","0",0,567,1305,365
