"cohortId","name","cohortName","logicDescription","phenotypeId","atlasId","concept_id","concept_name","concept_code","matching_drug_cohort_id","intersection_drug","intersection_event","fixed_TAR"
124,"generic_target_drug_cohort","Lithium (TAR=30)","Lithium (TAR=30)",0,0,19124477,"Lithium","6448",0,0,0,30
341,"generic_target_drug_cohort","Lithium (TAR=90)","Lithium (TAR=90)",0,0,19124477,"Lithium","6448",0,0,0,90
558,"generic_target_drug_cohort","Lithium (TAR=365)","Lithium (TAR=365)",0,0,19124477,"Lithium","6448",0,0,0,365
775,"generic_comparator_drug_cohort","All drugs (matched to Lithium) (TAR=30)","All drugs (matched to Lithium) (TAR=30)",0,0,0,"0","0",124,0,0,30
992,"generic_comparator_drug_cohort","All drugs (matched to Lithium) (TAR=90)","All drugs (matched to Lithium) (TAR=90)",0,0,0,"0","0",341,0,0,90
1209,"generic_comparator_drug_cohort","All drugs (matched to Lithium) (TAR=365)","All drugs (matched to Lithium) (TAR=365)",0,0,0,"0","0",558,0,0,365
1310,"343","Guillain Barre Syndrome","Guillain Barre Syndrome",343,0,0,"0","0",0,0,0,0
1729,"generic_intersection_drug_event","Lithium + Guillain Barre Syndrome (anch. drug start) (TAR=30)","Lithium + Guillain Barre Syndrome (anch. drug start) (TAR=30)",0,0,0,"0","0",0,124,1310,30
2464,"generic_intersection_drug_event","Lithium + Guillain Barre Syndrome (anch. drug start) (TAR=90)","Lithium + Guillain Barre Syndrome (anch. drug start) (TAR=90)",0,0,0,"0","0",0,341,1310,90
3199,"generic_intersection_drug_event","Lithium + Guillain Barre Syndrome (anch. drug start) (TAR=365)","Lithium + Guillain Barre Syndrome (anch. drug start) (TAR=365)",0,0,0,"0","0",0,558,1310,365
3934,"generic_intersection_drug_event2","Lithium + Guillain Barre Syndrome (anch. event start) (TAR=30)","Lithium + Guillain Barre Syndrome (anch. event start) (TAR=30)",0,0,0,"0","0",0,124,1310,30
4669,"generic_intersection_drug_event2","Lithium + Guillain Barre Syndrome (anch. event start) (TAR=90)","Lithium + Guillain Barre Syndrome (anch. event start) (TAR=90)",0,0,0,"0","0",0,341,1310,90
5404,"generic_intersection_drug_event2","Lithium + Guillain Barre Syndrome (anch. event start) (TAR=365)","Lithium + Guillain Barre Syndrome (anch. event start) (TAR=365)",0,0,0,"0","0",0,558,1310,365
