"cohortId","name","cohortName","logicDescription","phenotypeId","atlasId","concept_id","concept_name","concept_code","matching_drug_cohort_id","intersection_drug","intersection_event","fixed_TAR"
102,"generic_target_drug_cohort","Ibrutinib (TAR=30)","Ibrutinib (TAR=30)",0,0,44507848,"Ibrutinib","1442981",0,0,0,30
319,"generic_target_drug_cohort","Ibrutinib (TAR=90)","Ibrutinib (TAR=90)",0,0,44507848,"Ibrutinib","1442981",0,0,0,90
536,"generic_target_drug_cohort","Ibrutinib (TAR=365)","Ibrutinib (TAR=365)",0,0,44507848,"Ibrutinib","1442981",0,0,0,365
753,"generic_comparator_drug_cohort","All drugs (matched to Ibrutinib) (TAR=30)","All drugs (matched to Ibrutinib) (TAR=30)",0,0,0,"0","0",102,0,0,30
970,"generic_comparator_drug_cohort","All drugs (matched to Ibrutinib) (TAR=90)","All drugs (matched to Ibrutinib) (TAR=90)",0,0,0,"0","0",319,0,0,90
1187,"generic_comparator_drug_cohort","All drugs (matched to Ibrutinib) (TAR=365)","All drugs (matched to Ibrutinib) (TAR=365)",0,0,0,"0","0",536,0,0,365
1303,"340","Acute Myocardial Infarction","Acute Myocardial Infarction",340,0,0,"0","0",0,0,0,0
1654,"generic_intersection_drug_event","Ibrutinib + Acute Myocardial Infarction (anch. drug start) (TAR=30)","Ibrutinib + Acute Myocardial Infarction (anch. drug start) (TAR=30)",0,0,0,"0","0",0,102,1303,30
2389,"generic_intersection_drug_event","Ibrutinib + Acute Myocardial Infarction (anch. drug start) (TAR=90)","Ibrutinib + Acute Myocardial Infarction (anch. drug start) (TAR=90)",0,0,0,"0","0",0,319,1303,90
3124,"generic_intersection_drug_event","Ibrutinib + Acute Myocardial Infarction (anch. drug start) (TAR=365)","Ibrutinib + Acute Myocardial Infarction (anch. drug start) (TAR=365)",0,0,0,"0","0",0,536,1303,365
3859,"generic_intersection_drug_event2","Ibrutinib + Acute Myocardial Infarction (anch. event start) (TAR=30)","Ibrutinib + Acute Myocardial Infarction (anch. event start) (TAR=30)",0,0,0,"0","0",0,102,1303,30
4594,"generic_intersection_drug_event2","Ibrutinib + Acute Myocardial Infarction (anch. event start) (TAR=90)","Ibrutinib + Acute Myocardial Infarction (anch. event start) (TAR=90)",0,0,0,"0","0",0,319,1303,90
5329,"generic_intersection_drug_event2","Ibrutinib + Acute Myocardial Infarction (anch. event start) (TAR=365)","Ibrutinib + Acute Myocardial Infarction (anch. event start) (TAR=365)",0,0,0,"0","0",0,536,1303,365
