"cohortId","name","cohortName","logicDescription","phenotypeId","atlasId","concept_id","concept_name","concept_code","matching_drug_cohort_id","intersection_drug","intersection_event","fixed_TAR"
59,"generic_target_drug_cohort","Desvenlafaxine (TAR=30)","Desvenlafaxine (TAR=30)",0,0,717607,"Desvenlafaxine","734064",0,0,0,30
276,"generic_target_drug_cohort","Desvenlafaxine (TAR=90)","Desvenlafaxine (TAR=90)",0,0,717607,"Desvenlafaxine","734064",0,0,0,90
493,"generic_target_drug_cohort","Desvenlafaxine (TAR=365)","Desvenlafaxine (TAR=365)",0,0,717607,"Desvenlafaxine","734064",0,0,0,365
710,"generic_comparator_drug_cohort","All drugs (matched to Desvenlafaxine) (TAR=30)","All drugs (matched to Desvenlafaxine) (TAR=30)",0,0,0,"0","0",59,0,0,30
927,"generic_comparator_drug_cohort","All drugs (matched to Desvenlafaxine) (TAR=90)","All drugs (matched to Desvenlafaxine) (TAR=90)",0,0,0,"0","0",276,0,0,90
1144,"generic_comparator_drug_cohort","All drugs (matched to Desvenlafaxine) (TAR=365)","All drugs (matched to Desvenlafaxine) (TAR=365)",0,0,0,"0","0",493,0,0,365
1314,"345","Narcolepsy","Narcolepsy",345,0,0,"0","0",0,0,0,0
1514,"generic_intersection_drug_event","Desvenlafaxine + Narcolepsy (anch. drug start) (TAR=30)","Desvenlafaxine + Narcolepsy (anch. drug start) (TAR=30)",0,0,0,"0","0",0,59,1314,30
2249,"generic_intersection_drug_event","Desvenlafaxine + Narcolepsy (anch. drug start) (TAR=90)","Desvenlafaxine + Narcolepsy (anch. drug start) (TAR=90)",0,0,0,"0","0",0,276,1314,90
2984,"generic_intersection_drug_event","Desvenlafaxine + Narcolepsy (anch. drug start) (TAR=365)","Desvenlafaxine + Narcolepsy (anch. drug start) (TAR=365)",0,0,0,"0","0",0,493,1314,365
3719,"generic_intersection_drug_event2","Desvenlafaxine + Narcolepsy (anch. event start) (TAR=30)","Desvenlafaxine + Narcolepsy (anch. event start) (TAR=30)",0,0,0,"0","0",0,59,1314,30
4454,"generic_intersection_drug_event2","Desvenlafaxine + Narcolepsy (anch. event start) (TAR=90)","Desvenlafaxine + Narcolepsy (anch. event start) (TAR=90)",0,0,0,"0","0",0,276,1314,90
5189,"generic_intersection_drug_event2","Desvenlafaxine + Narcolepsy (anch. event start) (TAR=365)","Desvenlafaxine + Narcolepsy (anch. event start) (TAR=365)",0,0,0,"0","0",0,493,1314,365
