"cohortId","name","cohortName","logicDescription","phenotypeId","atlasId","concept_id","concept_name","concept_code","matching_drug_cohort_id","intersection_drug","intersection_event","fixed_TAR"
136,"generic_target_drug_cohort","Metoclopramide (TAR=30)","Metoclopramide (TAR=30)",0,0,906780,"Metoclopramide","6915",0,0,0,30
353,"generic_target_drug_cohort","Metoclopramide (TAR=90)","Metoclopramide (TAR=90)",0,0,906780,"Metoclopramide","6915",0,0,0,90
570,"generic_target_drug_cohort","Metoclopramide (TAR=365)","Metoclopramide (TAR=365)",0,0,906780,"Metoclopramide","6915",0,0,0,365
787,"generic_comparator_drug_cohort","All drugs (matched to Metoclopramide) (TAR=30)","All drugs (matched to Metoclopramide) (TAR=30)",0,0,0,"0","0",136,0,0,30
1004,"generic_comparator_drug_cohort","All drugs (matched to Metoclopramide) (TAR=90)","All drugs (matched to Metoclopramide) (TAR=90)",0,0,0,"0","0",353,0,0,90
1221,"generic_comparator_drug_cohort","All drugs (matched to Metoclopramide) (TAR=365)","All drugs (matched to Metoclopramide) (TAR=365)",0,0,0,"0","0",570,0,0,365
1306,"347","Bells Palsy","Bells Palsy",347,0,0,"0","0",0,0,0,0
1776,"generic_intersection_drug_event","Metoclopramide + Bells Palsy (anch. drug start) (TAR=30)","Metoclopramide + Bells Palsy (anch. drug start) (TAR=30)",0,0,0,"0","0",0,136,1306,30
2511,"generic_intersection_drug_event","Metoclopramide + Bells Palsy (anch. drug start) (TAR=90)","Metoclopramide + Bells Palsy (anch. drug start) (TAR=90)",0,0,0,"0","0",0,353,1306,90
3246,"generic_intersection_drug_event","Metoclopramide + Bells Palsy (anch. drug start) (TAR=365)","Metoclopramide + Bells Palsy (anch. drug start) (TAR=365)",0,0,0,"0","0",0,570,1306,365
3981,"generic_intersection_drug_event2","Metoclopramide + Bells Palsy (anch. event start) (TAR=30)","Metoclopramide + Bells Palsy (anch. event start) (TAR=30)",0,0,0,"0","0",0,136,1306,30
4716,"generic_intersection_drug_event2","Metoclopramide + Bells Palsy (anch. event start) (TAR=90)","Metoclopramide + Bells Palsy (anch. event start) (TAR=90)",0,0,0,"0","0",0,353,1306,90
5451,"generic_intersection_drug_event2","Metoclopramide + Bells Palsy (anch. event start) (TAR=365)","Metoclopramide + Bells Palsy (anch. event start) (TAR=365)",0,0,0,"0","0",0,570,1306,365
