"cohortId","name","cohortName","logicDescription","phenotypeId","atlasId","concept_id","concept_name","concept_code","matching_drug_cohort_id","intersection_drug","intersection_event","fixed_TAR"
17,"generic_target_drug_cohort","Betamethasone (TAR=30)","Betamethasone (TAR=30)",0,0,920458,"Betamethasone","1514",0,0,0,30
234,"generic_target_drug_cohort","Betamethasone (TAR=90)","Betamethasone (TAR=90)",0,0,920458,"Betamethasone","1514",0,0,0,90
451,"generic_target_drug_cohort","Betamethasone (TAR=365)","Betamethasone (TAR=365)",0,0,920458,"Betamethasone","1514",0,0,0,365
668,"generic_comparator_drug_cohort","All drugs (matched to Betamethasone) (TAR=30)","All drugs (matched to Betamethasone) (TAR=30)",0,0,0,"0","0",17,0,0,30
885,"generic_comparator_drug_cohort","All drugs (matched to Betamethasone) (TAR=90)","All drugs (matched to Betamethasone) (TAR=90)",0,0,0,"0","0",234,0,0,90
1102,"generic_comparator_drug_cohort","All drugs (matched to Betamethasone) (TAR=365)","All drugs (matched to Betamethasone) (TAR=365)",0,0,0,"0","0",451,0,0,365
1304,"349","Anaphylaxis","Anaphylaxis",349,0,0,"0","0",0,0,0,0
1367,"generic_intersection_drug_event","Betamethasone + Anaphylaxis (anch. drug start) (TAR=30)","Betamethasone + Anaphylaxis (anch. drug start) (TAR=30)",0,0,0,"0","0",0,17,1304,30
2102,"generic_intersection_drug_event","Betamethasone + Anaphylaxis (anch. drug start) (TAR=90)","Betamethasone + Anaphylaxis (anch. drug start) (TAR=90)",0,0,0,"0","0",0,234,1304,90
2837,"generic_intersection_drug_event","Betamethasone + Anaphylaxis (anch. drug start) (TAR=365)","Betamethasone + Anaphylaxis (anch. drug start) (TAR=365)",0,0,0,"0","0",0,451,1304,365
3572,"generic_intersection_drug_event2","Betamethasone + Anaphylaxis (anch. event start) (TAR=30)","Betamethasone + Anaphylaxis (anch. event start) (TAR=30)",0,0,0,"0","0",0,17,1304,30
4307,"generic_intersection_drug_event2","Betamethasone + Anaphylaxis (anch. event start) (TAR=90)","Betamethasone + Anaphylaxis (anch. event start) (TAR=90)",0,0,0,"0","0",0,234,1304,90
5042,"generic_intersection_drug_event2","Betamethasone + Anaphylaxis (anch. event start) (TAR=365)","Betamethasone + Anaphylaxis (anch. event start) (TAR=365)",0,0,0,"0","0",0,451,1304,365
