"cohortId","name","cohortName","logicDescription","phenotypeId","atlasId","concept_id","concept_name","concept_code","matching_drug_cohort_id","intersection_drug","intersection_event","fixed_TAR"
205,"generic_target_drug_cohort","Ticagrelor (TAR=30)","Ticagrelor (TAR=30)",0,0,40241186,"Ticagrelor","1116632",0,0,0,30
422,"generic_target_drug_cohort","Ticagrelor (TAR=90)","Ticagrelor (TAR=90)",0,0,40241186,"Ticagrelor","1116632",0,0,0,90
639,"generic_target_drug_cohort","Ticagrelor (TAR=365)","Ticagrelor (TAR=365)",0,0,40241186,"Ticagrelor","1116632",0,0,0,365
856,"generic_comparator_drug_cohort","All drugs (matched to Ticagrelor) (TAR=30)","All drugs (matched to Ticagrelor) (TAR=30)",0,0,0,"0","0",205,0,0,30
1073,"generic_comparator_drug_cohort","All drugs (matched to Ticagrelor) (TAR=90)","All drugs (matched to Ticagrelor) (TAR=90)",0,0,0,"0","0",422,0,0,90
1290,"generic_comparator_drug_cohort","All drugs (matched to Ticagrelor) (TAR=365)","All drugs (matched to Ticagrelor) (TAR=365)",0,0,0,"0","0",639,0,0,365
1307,"402","Deep Vein Thrombosis (DVT)","Deep Vein Thrombosis (DVT)",402,0,0,"0","0",0,0,0,0
2010,"generic_intersection_drug_event","Ticagrelor + Deep Vein Thrombosis (DVT) (anch. drug start) (TAR=30)","Ticagrelor + Deep Vein Thrombosis (DVT) (anch. drug start) (TAR=30)",0,0,0,"0","0",0,205,1307,30
2745,"generic_intersection_drug_event","Ticagrelor + Deep Vein Thrombosis (DVT) (anch. drug start) (TAR=90)","Ticagrelor + Deep Vein Thrombosis (DVT) (anch. drug start) (TAR=90)",0,0,0,"0","0",0,422,1307,90
3480,"generic_intersection_drug_event","Ticagrelor + Deep Vein Thrombosis (DVT) (anch. drug start) (TAR=365)","Ticagrelor + Deep Vein Thrombosis (DVT) (anch. drug start) (TAR=365)",0,0,0,"0","0",0,639,1307,365
4215,"generic_intersection_drug_event2","Ticagrelor + Deep Vein Thrombosis (DVT) (anch. event start) (TAR=30)","Ticagrelor + Deep Vein Thrombosis (DVT) (anch. event start) (TAR=30)",0,0,0,"0","0",0,205,1307,30
4950,"generic_intersection_drug_event2","Ticagrelor + Deep Vein Thrombosis (DVT) (anch. event start) (TAR=90)","Ticagrelor + Deep Vein Thrombosis (DVT) (anch. event start) (TAR=90)",0,0,0,"0","0",0,422,1307,90
5685,"generic_intersection_drug_event2","Ticagrelor + Deep Vein Thrombosis (DVT) (anch. event start) (TAR=365)","Ticagrelor + Deep Vein Thrombosis (DVT) (anch. event start) (TAR=365)",0,0,0,"0","0",0,639,1307,365
