"cohortId","name","cohortName","logicDescription","phenotypeId","atlasId","concept_id","concept_name","concept_code","matching_drug_cohort_id","intersection_drug","intersection_event","fixed_TAR"
109,"generic_target_drug_cohort","Iron (TAR=30)","Iron (TAR=30)",0,0,1360067,"Iron","90176",0,0,0,30
326,"generic_target_drug_cohort","Iron (TAR=90)","Iron (TAR=90)",0,0,1360067,"Iron","90176",0,0,0,90
543,"generic_target_drug_cohort","Iron (TAR=365)","Iron (TAR=365)",0,0,1360067,"Iron","90176",0,0,0,365
760,"generic_comparator_drug_cohort","All drugs (matched to Iron) (TAR=30)","All drugs (matched to Iron) (TAR=30)",0,0,0,"0","0",109,0,0,30
977,"generic_comparator_drug_cohort","All drugs (matched to Iron) (TAR=90)","All drugs (matched to Iron) (TAR=90)",0,0,0,"0","0",326,0,0,90
1194,"generic_comparator_drug_cohort","All drugs (matched to Iron) (TAR=365)","All drugs (matched to Iron) (TAR=365)",0,0,0,"0","0",543,0,0,365
1307,"402","Deep Vein Thrombosis (DVT)","Deep Vein Thrombosis (DVT)",402,0,0,"0","0",0,0,0,0
1681,"generic_intersection_drug_event","Iron + Deep Vein Thrombosis (DVT) (anch. drug start) (TAR=30)","Iron + Deep Vein Thrombosis (DVT) (anch. drug start) (TAR=30)",0,0,0,"0","0",0,109,1307,30
2416,"generic_intersection_drug_event","Iron + Deep Vein Thrombosis (DVT) (anch. drug start) (TAR=90)","Iron + Deep Vein Thrombosis (DVT) (anch. drug start) (TAR=90)",0,0,0,"0","0",0,326,1307,90
3151,"generic_intersection_drug_event","Iron + Deep Vein Thrombosis (DVT) (anch. drug start) (TAR=365)","Iron + Deep Vein Thrombosis (DVT) (anch. drug start) (TAR=365)",0,0,0,"0","0",0,543,1307,365
3886,"generic_intersection_drug_event2","Iron + Deep Vein Thrombosis (DVT) (anch. event start) (TAR=30)","Iron + Deep Vein Thrombosis (DVT) (anch. event start) (TAR=30)",0,0,0,"0","0",0,109,1307,30
4621,"generic_intersection_drug_event2","Iron + Deep Vein Thrombosis (DVT) (anch. event start) (TAR=90)","Iron + Deep Vein Thrombosis (DVT) (anch. event start) (TAR=90)",0,0,0,"0","0",0,326,1307,90
5356,"generic_intersection_drug_event2","Iron + Deep Vein Thrombosis (DVT) (anch. event start) (TAR=365)","Iron + Deep Vein Thrombosis (DVT) (anch. event start) (TAR=365)",0,0,0,"0","0",0,543,1307,365
