"cohortId","name","cohortName","logicDescription","phenotypeId","atlasId","concept_id","concept_name","concept_code","matching_drug_cohort_id","intersection_drug","intersection_event","fixed_TAR"
13,"generic_target_drug_cohort","Apixaban (TAR=30)","Apixaban (TAR=30)",0,0,43013024,"apixaban","1364430",0,0,0,30
230,"generic_target_drug_cohort","Apixaban (TAR=90)","Apixaban (TAR=90)",0,0,43013024,"apixaban","1364430",0,0,0,90
447,"generic_target_drug_cohort","Apixaban (TAR=365)","Apixaban (TAR=365)",0,0,43013024,"apixaban","1364430",0,0,0,365
664,"generic_comparator_drug_cohort","All drugs (matched to Apixaban) (TAR=30)","All drugs (matched to Apixaban) (TAR=30)",0,0,0,"0","0",13,0,0,30
881,"generic_comparator_drug_cohort","All drugs (matched to Apixaban) (TAR=90)","All drugs (matched to Apixaban) (TAR=90)",0,0,0,"0","0",230,0,0,90
1098,"generic_comparator_drug_cohort","All drugs (matched to Apixaban) (TAR=365)","All drugs (matched to Apixaban) (TAR=365)",0,0,0,"0","0",447,0,0,365
1307,"402","Deep Vein Thrombosis (DVT)","Deep Vein Thrombosis (DVT)",402,0,0,"0","0",0,0,0,0
1353,"generic_intersection_drug_event","Apixaban + Deep Vein Thrombosis (DVT) (anch. drug start) (TAR=30)","Apixaban + Deep Vein Thrombosis (DVT) (anch. drug start) (TAR=30)",0,0,0,"0","0",0,13,1307,30
2088,"generic_intersection_drug_event","Apixaban + Deep Vein Thrombosis (DVT) (anch. drug start) (TAR=90)","Apixaban + Deep Vein Thrombosis (DVT) (anch. drug start) (TAR=90)",0,0,0,"0","0",0,230,1307,90
2823,"generic_intersection_drug_event","Apixaban + Deep Vein Thrombosis (DVT) (anch. drug start) (TAR=365)","Apixaban + Deep Vein Thrombosis (DVT) (anch. drug start) (TAR=365)",0,0,0,"0","0",0,447,1307,365
3558,"generic_intersection_drug_event2","Apixaban + Deep Vein Thrombosis (DVT) (anch. event start) (TAR=30)","Apixaban + Deep Vein Thrombosis (DVT) (anch. event start) (TAR=30)",0,0,0,"0","0",0,13,1307,30
4293,"generic_intersection_drug_event2","Apixaban + Deep Vein Thrombosis (DVT) (anch. event start) (TAR=90)","Apixaban + Deep Vein Thrombosis (DVT) (anch. event start) (TAR=90)",0,0,0,"0","0",0,230,1307,90
5028,"generic_intersection_drug_event2","Apixaban + Deep Vein Thrombosis (DVT) (anch. event start) (TAR=365)","Apixaban + Deep Vein Thrombosis (DVT) (anch. event start) (TAR=365)",0,0,0,"0","0",0,447,1307,365
