"cohortId","name","cohortName","logicDescription","phenotypeId","atlasId","concept_id","concept_name","concept_code","matching_drug_cohort_id","intersection_drug","intersection_event","fixed_TAR"
133,"generic_target_drug_cohort","Methotrexate (TAR=30)","Methotrexate (TAR=30)",0,0,1305058,"Methotrexate","6851",0,0,0,30
350,"generic_target_drug_cohort","Methotrexate (TAR=90)","Methotrexate (TAR=90)",0,0,1305058,"Methotrexate","6851",0,0,0,90
567,"generic_target_drug_cohort","Methotrexate (TAR=365)","Methotrexate (TAR=365)",0,0,1305058,"Methotrexate","6851",0,0,0,365
784,"generic_comparator_drug_cohort","All drugs (matched to Methotrexate) (TAR=30)","All drugs (matched to Methotrexate) (TAR=30)",0,0,0,"0","0",133,0,0,30
1001,"generic_comparator_drug_cohort","All drugs (matched to Methotrexate) (TAR=90)","All drugs (matched to Methotrexate) (TAR=90)",0,0,0,"0","0",350,0,0,90
1218,"generic_comparator_drug_cohort","All drugs (matched to Methotrexate) (TAR=365)","All drugs (matched to Methotrexate) (TAR=365)",0,0,0,"0","0",567,0,0,365
1303,"340","Acute Myocardial Infarction","Acute Myocardial Infarction",340,0,0,"0","0",0,0,0,0
1751,"generic_intersection_drug_event","Methotrexate + Acute Myocardial Infarction (anch. drug start) (TAR=30)","Methotrexate + Acute Myocardial Infarction (anch. drug start) (TAR=30)",0,0,0,"0","0",0,133,1303,30
2486,"generic_intersection_drug_event","Methotrexate + Acute Myocardial Infarction (anch. drug start) (TAR=90)","Methotrexate + Acute Myocardial Infarction (anch. drug start) (TAR=90)",0,0,0,"0","0",0,350,1303,90
3221,"generic_intersection_drug_event","Methotrexate + Acute Myocardial Infarction (anch. drug start) (TAR=365)","Methotrexate + Acute Myocardial Infarction (anch. drug start) (TAR=365)",0,0,0,"0","0",0,567,1303,365
3956,"generic_intersection_drug_event2","Methotrexate + Acute Myocardial Infarction (anch. event start) (TAR=30)","Methotrexate + Acute Myocardial Infarction (anch. event start) (TAR=30)",0,0,0,"0","0",0,133,1303,30
4691,"generic_intersection_drug_event2","Methotrexate + Acute Myocardial Infarction (anch. event start) (TAR=90)","Methotrexate + Acute Myocardial Infarction (anch. event start) (TAR=90)",0,0,0,"0","0",0,350,1303,90
5426,"generic_intersection_drug_event2","Methotrexate + Acute Myocardial Infarction (anch. event start) (TAR=365)","Methotrexate + Acute Myocardial Infarction (anch. event start) (TAR=365)",0,0,0,"0","0",0,567,1303,365
