"cohortId","name","cohortName","logicDescription","phenotypeId","atlasId","concept_id","concept_name","concept_code","matching_drug_cohort_id","intersection_drug","intersection_event","fixed_TAR"
129,"generic_target_drug_cohort","Melphalan (TAR=30)","Melphalan (TAR=30)",0,0,1301267,"Melphalan","6718",0,0,0,30
346,"generic_target_drug_cohort","Melphalan (TAR=90)","Melphalan (TAR=90)",0,0,1301267,"Melphalan","6718",0,0,0,90
563,"generic_target_drug_cohort","Melphalan (TAR=365)","Melphalan (TAR=365)",0,0,1301267,"Melphalan","6718",0,0,0,365
780,"generic_comparator_drug_cohort","All drugs (matched to Melphalan) (TAR=30)","All drugs (matched to Melphalan) (TAR=30)",0,0,0,"0","0",129,0,0,30
997,"generic_comparator_drug_cohort","All drugs (matched to Melphalan) (TAR=90)","All drugs (matched to Melphalan) (TAR=90)",0,0,0,"0","0",346,0,0,90
1214,"generic_comparator_drug_cohort","All drugs (matched to Melphalan) (TAR=365)","All drugs (matched to Melphalan) (TAR=365)",0,0,0,"0","0",563,0,0,365
1312,"335","Immune Thrombocytopenia (ITP)","Immune Thrombocytopenia (ITP)",335,0,0,"0","0",0,0,0,0
1742,"generic_intersection_drug_event","Melphalan + Immune Thrombocytopenia (ITP) (anch. drug start) (TAR=30)","Melphalan + Immune Thrombocytopenia (ITP) (anch. drug start) (TAR=30)",0,0,0,"0","0",0,129,1312,30
2477,"generic_intersection_drug_event","Melphalan + Immune Thrombocytopenia (ITP) (anch. drug start) (TAR=90)","Melphalan + Immune Thrombocytopenia (ITP) (anch. drug start) (TAR=90)",0,0,0,"0","0",0,346,1312,90
3212,"generic_intersection_drug_event","Melphalan + Immune Thrombocytopenia (ITP) (anch. drug start) (TAR=365)","Melphalan + Immune Thrombocytopenia (ITP) (anch. drug start) (TAR=365)",0,0,0,"0","0",0,563,1312,365
3947,"generic_intersection_drug_event2","Melphalan + Immune Thrombocytopenia (ITP) (anch. event start) (TAR=30)","Melphalan + Immune Thrombocytopenia (ITP) (anch. event start) (TAR=30)",0,0,0,"0","0",0,129,1312,30
4682,"generic_intersection_drug_event2","Melphalan + Immune Thrombocytopenia (ITP) (anch. event start) (TAR=90)","Melphalan + Immune Thrombocytopenia (ITP) (anch. event start) (TAR=90)",0,0,0,"0","0",0,346,1312,90
5417,"generic_intersection_drug_event2","Melphalan + Immune Thrombocytopenia (ITP) (anch. event start) (TAR=365)","Melphalan + Immune Thrombocytopenia (ITP) (anch. event start) (TAR=365)",0,0,0,"0","0",0,563,1312,365
