"cohortId","name","cohortName","logicDescription","phenotypeId","atlasId","concept_id","concept_name","concept_code","matching_drug_cohort_id","intersection_drug","intersection_event","fixed_TAR"
173,"generic_target_drug_cohort","Prednisone (TAR=30)","Prednisone (TAR=30)",0,0,1551099,"Prednisone","8640",0,0,0,30
390,"generic_target_drug_cohort","Prednisone (TAR=90)","Prednisone (TAR=90)",0,0,1551099,"Prednisone","8640",0,0,0,90
607,"generic_target_drug_cohort","Prednisone (TAR=365)","Prednisone (TAR=365)",0,0,1551099,"Prednisone","8640",0,0,0,365
824,"generic_comparator_drug_cohort","All drugs (matched to Prednisone) (TAR=30)","All drugs (matched to Prednisone) (TAR=30)",0,0,0,"0","0",173,0,0,30
1041,"generic_comparator_drug_cohort","All drugs (matched to Prednisone) (TAR=90)","All drugs (matched to Prednisone) (TAR=90)",0,0,0,"0","0",390,0,0,90
1258,"generic_comparator_drug_cohort","All drugs (matched to Prednisone) (TAR=365)","All drugs (matched to Prednisone) (TAR=365)",0,0,0,"0","0",607,0,0,365
1307,"402","Deep Vein Thrombosis (DVT)","Deep Vein Thrombosis (DVT)",402,0,0,"0","0",0,0,0,0
1891,"generic_intersection_drug_event","Prednisone + Deep Vein Thrombosis (DVT) (anch. drug start) (TAR=30)","Prednisone + Deep Vein Thrombosis (DVT) (anch. drug start) (TAR=30)",0,0,0,"0","0",0,173,1307,30
2626,"generic_intersection_drug_event","Prednisone + Deep Vein Thrombosis (DVT) (anch. drug start) (TAR=90)","Prednisone + Deep Vein Thrombosis (DVT) (anch. drug start) (TAR=90)",0,0,0,"0","0",0,390,1307,90
3361,"generic_intersection_drug_event","Prednisone + Deep Vein Thrombosis (DVT) (anch. drug start) (TAR=365)","Prednisone + Deep Vein Thrombosis (DVT) (anch. drug start) (TAR=365)",0,0,0,"0","0",0,607,1307,365
4096,"generic_intersection_drug_event2","Prednisone + Deep Vein Thrombosis (DVT) (anch. event start) (TAR=30)","Prednisone + Deep Vein Thrombosis (DVT) (anch. event start) (TAR=30)",0,0,0,"0","0",0,173,1307,30
4831,"generic_intersection_drug_event2","Prednisone + Deep Vein Thrombosis (DVT) (anch. event start) (TAR=90)","Prednisone + Deep Vein Thrombosis (DVT) (anch. event start) (TAR=90)",0,0,0,"0","0",0,390,1307,90
5566,"generic_intersection_drug_event2","Prednisone + Deep Vein Thrombosis (DVT) (anch. event start) (TAR=365)","Prednisone + Deep Vein Thrombosis (DVT) (anch. event start) (TAR=365)",0,0,0,"0","0",0,607,1307,365
