"cohortId","name","cohortName","logicDescription","phenotypeId","atlasId","concept_id","concept_name","concept_code","matching_drug_cohort_id","intersection_drug","intersection_event","fixed_TAR"
56,"generic_target_drug_cohort","Dasatinib (TAR=30)","Dasatinib (TAR=30)",0,0,1358436,"dasatinib","475342",0,0,0,30
273,"generic_target_drug_cohort","Dasatinib (TAR=90)","Dasatinib (TAR=90)",0,0,1358436,"dasatinib","475342",0,0,0,90
490,"generic_target_drug_cohort","Dasatinib (TAR=365)","Dasatinib (TAR=365)",0,0,1358436,"dasatinib","475342",0,0,0,365
707,"generic_comparator_drug_cohort","All drugs (matched to Dasatinib) (TAR=30)","All drugs (matched to Dasatinib) (TAR=30)",0,0,0,"0","0",56,0,0,30
924,"generic_comparator_drug_cohort","All drugs (matched to Dasatinib) (TAR=90)","All drugs (matched to Dasatinib) (TAR=90)",0,0,0,"0","0",273,0,0,90
1141,"generic_comparator_drug_cohort","All drugs (matched to Dasatinib) (TAR=365)","All drugs (matched to Dasatinib) (TAR=365)",0,0,0,"0","0",490,0,0,365
1303,"340","Acute Myocardial Infarction","Acute Myocardial Infarction",340,0,0,"0","0",0,0,0,0
1508,"generic_intersection_drug_event","Dasatinib + Acute Myocardial Infarction (anch. drug start) (TAR=30)","Dasatinib + Acute Myocardial Infarction (anch. drug start) (TAR=30)",0,0,0,"0","0",0,56,1303,30
2243,"generic_intersection_drug_event","Dasatinib + Acute Myocardial Infarction (anch. drug start) (TAR=90)","Dasatinib + Acute Myocardial Infarction (anch. drug start) (TAR=90)",0,0,0,"0","0",0,273,1303,90
2978,"generic_intersection_drug_event","Dasatinib + Acute Myocardial Infarction (anch. drug start) (TAR=365)","Dasatinib + Acute Myocardial Infarction (anch. drug start) (TAR=365)",0,0,0,"0","0",0,490,1303,365
3713,"generic_intersection_drug_event2","Dasatinib + Acute Myocardial Infarction (anch. event start) (TAR=30)","Dasatinib + Acute Myocardial Infarction (anch. event start) (TAR=30)",0,0,0,"0","0",0,56,1303,30
4448,"generic_intersection_drug_event2","Dasatinib + Acute Myocardial Infarction (anch. event start) (TAR=90)","Dasatinib + Acute Myocardial Infarction (anch. event start) (TAR=90)",0,0,0,"0","0",0,273,1303,90
5183,"generic_intersection_drug_event2","Dasatinib + Acute Myocardial Infarction (anch. event start) (TAR=365)","Dasatinib + Acute Myocardial Infarction (anch. event start) (TAR=365)",0,0,0,"0","0",0,490,1303,365
