"cohortId","name","cohortName","logicDescription","phenotypeId","atlasId","concept_id","concept_name","concept_code","matching_drug_cohort_id","intersection_drug","intersection_event","fixed_TAR"
49,"generic_target_drug_cohort","Cyclophosphamide (TAR=30)","Cyclophosphamide (TAR=30)",0,0,1310317,"Cyclophosphamide","3002",0,0,0,30
266,"generic_target_drug_cohort","Cyclophosphamide (TAR=90)","Cyclophosphamide (TAR=90)",0,0,1310317,"Cyclophosphamide","3002",0,0,0,90
483,"generic_target_drug_cohort","Cyclophosphamide (TAR=365)","Cyclophosphamide (TAR=365)",0,0,1310317,"Cyclophosphamide","3002",0,0,0,365
700,"generic_comparator_drug_cohort","All drugs (matched to Cyclophosphamide) (TAR=30)","All drugs (matched to Cyclophosphamide) (TAR=30)",0,0,0,"0","0",49,0,0,30
917,"generic_comparator_drug_cohort","All drugs (matched to Cyclophosphamide) (TAR=90)","All drugs (matched to Cyclophosphamide) (TAR=90)",0,0,0,"0","0",266,0,0,90
1134,"generic_comparator_drug_cohort","All drugs (matched to Cyclophosphamide) (TAR=365)","All drugs (matched to Cyclophosphamide) (TAR=365)",0,0,0,"0","0",483,0,0,365
1307,"402","Deep Vein Thrombosis (DVT)","Deep Vein Thrombosis (DVT)",402,0,0,"0","0",0,0,0,0
1475,"generic_intersection_drug_event","Cyclophosphamide + Deep Vein Thrombosis (DVT) (anch. drug start) (TAR=30)","Cyclophosphamide + Deep Vein Thrombosis (DVT) (anch. drug start) (TAR=30)",0,0,0,"0","0",0,49,1307,30
2210,"generic_intersection_drug_event","Cyclophosphamide + Deep Vein Thrombosis (DVT) (anch. drug start) (TAR=90)","Cyclophosphamide + Deep Vein Thrombosis (DVT) (anch. drug start) (TAR=90)",0,0,0,"0","0",0,266,1307,90
2945,"generic_intersection_drug_event","Cyclophosphamide + Deep Vein Thrombosis (DVT) (anch. drug start) (TAR=365)","Cyclophosphamide + Deep Vein Thrombosis (DVT) (anch. drug start) (TAR=365)",0,0,0,"0","0",0,483,1307,365
3680,"generic_intersection_drug_event2","Cyclophosphamide + Deep Vein Thrombosis (DVT) (anch. event start) (TAR=30)","Cyclophosphamide + Deep Vein Thrombosis (DVT) (anch. event start) (TAR=30)",0,0,0,"0","0",0,49,1307,30
4415,"generic_intersection_drug_event2","Cyclophosphamide + Deep Vein Thrombosis (DVT) (anch. event start) (TAR=90)","Cyclophosphamide + Deep Vein Thrombosis (DVT) (anch. event start) (TAR=90)",0,0,0,"0","0",0,266,1307,90
5150,"generic_intersection_drug_event2","Cyclophosphamide + Deep Vein Thrombosis (DVT) (anch. event start) (TAR=365)","Cyclophosphamide + Deep Vein Thrombosis (DVT) (anch. event start) (TAR=365)",0,0,0,"0","0",0,483,1307,365
