"cohortId","name","cohortName","logicDescription","phenotypeId","atlasId","concept_id","concept_name","concept_code","matching_drug_cohort_id","intersection_drug","intersection_event","fixed_TAR"
98,"generic_target_drug_cohort","Haloperidol (TAR=30)","Haloperidol (TAR=30)",0,0,766529,"Haloperidol","5093",0,0,0,30
315,"generic_target_drug_cohort","Haloperidol (TAR=90)","Haloperidol (TAR=90)",0,0,766529,"Haloperidol","5093",0,0,0,90
532,"generic_target_drug_cohort","Haloperidol (TAR=365)","Haloperidol (TAR=365)",0,0,766529,"Haloperidol","5093",0,0,0,365
749,"generic_comparator_drug_cohort","All drugs (matched to Haloperidol) (TAR=30)","All drugs (matched to Haloperidol) (TAR=30)",0,0,0,"0","0",98,0,0,30
966,"generic_comparator_drug_cohort","All drugs (matched to Haloperidol) (TAR=90)","All drugs (matched to Haloperidol) (TAR=90)",0,0,0,"0","0",315,0,0,90
1183,"generic_comparator_drug_cohort","All drugs (matched to Haloperidol) (TAR=365)","All drugs (matched to Haloperidol) (TAR=365)",0,0,0,"0","0",532,0,0,365
1309,"346","Encephalomyelitis","Encephalomyelitis",346,0,0,"0","0",0,0,0,0
1639,"generic_intersection_drug_event","Haloperidol + Encephalomyelitis (anch. drug start) (TAR=30)","Haloperidol + Encephalomyelitis (anch. drug start) (TAR=30)",0,0,0,"0","0",0,98,1309,30
2374,"generic_intersection_drug_event","Haloperidol + Encephalomyelitis (anch. drug start) (TAR=90)","Haloperidol + Encephalomyelitis (anch. drug start) (TAR=90)",0,0,0,"0","0",0,315,1309,90
3109,"generic_intersection_drug_event","Haloperidol + Encephalomyelitis (anch. drug start) (TAR=365)","Haloperidol + Encephalomyelitis (anch. drug start) (TAR=365)",0,0,0,"0","0",0,532,1309,365
3844,"generic_intersection_drug_event2","Haloperidol + Encephalomyelitis (anch. event start) (TAR=30)","Haloperidol + Encephalomyelitis (anch. event start) (TAR=30)",0,0,0,"0","0",0,98,1309,30
4579,"generic_intersection_drug_event2","Haloperidol + Encephalomyelitis (anch. event start) (TAR=90)","Haloperidol + Encephalomyelitis (anch. event start) (TAR=90)",0,0,0,"0","0",0,315,1309,90
5314,"generic_intersection_drug_event2","Haloperidol + Encephalomyelitis (anch. event start) (TAR=365)","Haloperidol + Encephalomyelitis (anch. event start) (TAR=365)",0,0,0,"0","0",0,532,1309,365
