"cohortId","name","cohortName","logicDescription","phenotypeId","atlasId","concept_id","concept_name","concept_code","matching_drug_cohort_id","intersection_drug","intersection_event","fixed_TAR"
142,"generic_target_drug_cohort","Morphine (TAR=30)","Morphine (TAR=30)",0,0,1110410,"Morphine","7052",0,0,0,30
359,"generic_target_drug_cohort","Morphine (TAR=90)","Morphine (TAR=90)",0,0,1110410,"Morphine","7052",0,0,0,90
576,"generic_target_drug_cohort","Morphine (TAR=365)","Morphine (TAR=365)",0,0,1110410,"Morphine","7052",0,0,0,365
793,"generic_comparator_drug_cohort","All drugs (matched to Morphine) (TAR=30)","All drugs (matched to Morphine) (TAR=30)",0,0,0,"0","0",142,0,0,30
1010,"generic_comparator_drug_cohort","All drugs (matched to Morphine) (TAR=90)","All drugs (matched to Morphine) (TAR=90)",0,0,0,"0","0",359,0,0,90
1227,"generic_comparator_drug_cohort","All drugs (matched to Morphine) (TAR=365)","All drugs (matched to Morphine) (TAR=365)",0,0,0,"0","0",576,0,0,365
1304,"349","Anaphylaxis","Anaphylaxis",349,0,0,"0","0",0,0,0,0
1789,"generic_intersection_drug_event","Morphine + Anaphylaxis (anch. drug start) (TAR=30)","Morphine + Anaphylaxis (anch. drug start) (TAR=30)",0,0,0,"0","0",0,142,1304,30
2524,"generic_intersection_drug_event","Morphine + Anaphylaxis (anch. drug start) (TAR=90)","Morphine + Anaphylaxis (anch. drug start) (TAR=90)",0,0,0,"0","0",0,359,1304,90
3259,"generic_intersection_drug_event","Morphine + Anaphylaxis (anch. drug start) (TAR=365)","Morphine + Anaphylaxis (anch. drug start) (TAR=365)",0,0,0,"0","0",0,576,1304,365
3994,"generic_intersection_drug_event2","Morphine + Anaphylaxis (anch. event start) (TAR=30)","Morphine + Anaphylaxis (anch. event start) (TAR=30)",0,0,0,"0","0",0,142,1304,30
4729,"generic_intersection_drug_event2","Morphine + Anaphylaxis (anch. event start) (TAR=90)","Morphine + Anaphylaxis (anch. event start) (TAR=90)",0,0,0,"0","0",0,359,1304,90
5464,"generic_intersection_drug_event2","Morphine + Anaphylaxis (anch. event start) (TAR=365)","Morphine + Anaphylaxis (anch. event start) (TAR=365)",0,0,0,"0","0",0,576,1304,365
