"cohortId","name","cohortName","logicDescription","phenotypeId","atlasId","concept_id","concept_name","concept_code","matching_drug_cohort_id","intersection_drug","intersection_event","fixed_TAR"
185,"generic_target_drug_cohort","Rivaroxaban (TAR=30)","Rivaroxaban (TAR=30)",0,0,40241331,"rivaroxaban","1114195",0,0,0,30
402,"generic_target_drug_cohort","Rivaroxaban (TAR=90)","Rivaroxaban (TAR=90)",0,0,40241331,"rivaroxaban","1114195",0,0,0,90
619,"generic_target_drug_cohort","Rivaroxaban (TAR=365)","Rivaroxaban (TAR=365)",0,0,40241331,"rivaroxaban","1114195",0,0,0,365
836,"generic_comparator_drug_cohort","All drugs (matched to Rivaroxaban) (TAR=30)","All drugs (matched to Rivaroxaban) (TAR=30)",0,0,0,"0","0",185,0,0,30
1053,"generic_comparator_drug_cohort","All drugs (matched to Rivaroxaban) (TAR=90)","All drugs (matched to Rivaroxaban) (TAR=90)",0,0,0,"0","0",402,0,0,90
1270,"generic_comparator_drug_cohort","All drugs (matched to Rivaroxaban) (TAR=365)","All drugs (matched to Rivaroxaban) (TAR=365)",0,0,0,"0","0",619,0,0,365
1307,"402","Deep Vein Thrombosis (DVT)","Deep Vein Thrombosis (DVT)",402,0,0,"0","0",0,0,0,0
1936,"generic_intersection_drug_event","Rivaroxaban + Deep Vein Thrombosis (DVT) (anch. drug start) (TAR=30)","Rivaroxaban + Deep Vein Thrombosis (DVT) (anch. drug start) (TAR=30)",0,0,0,"0","0",0,185,1307,30
2671,"generic_intersection_drug_event","Rivaroxaban + Deep Vein Thrombosis (DVT) (anch. drug start) (TAR=90)","Rivaroxaban + Deep Vein Thrombosis (DVT) (anch. drug start) (TAR=90)",0,0,0,"0","0",0,402,1307,90
3406,"generic_intersection_drug_event","Rivaroxaban + Deep Vein Thrombosis (DVT) (anch. drug start) (TAR=365)","Rivaroxaban + Deep Vein Thrombosis (DVT) (anch. drug start) (TAR=365)",0,0,0,"0","0",0,619,1307,365
4141,"generic_intersection_drug_event2","Rivaroxaban + Deep Vein Thrombosis (DVT) (anch. event start) (TAR=30)","Rivaroxaban + Deep Vein Thrombosis (DVT) (anch. event start) (TAR=30)",0,0,0,"0","0",0,185,1307,30
4876,"generic_intersection_drug_event2","Rivaroxaban + Deep Vein Thrombosis (DVT) (anch. event start) (TAR=90)","Rivaroxaban + Deep Vein Thrombosis (DVT) (anch. event start) (TAR=90)",0,0,0,"0","0",0,402,1307,90
5611,"generic_intersection_drug_event2","Rivaroxaban + Deep Vein Thrombosis (DVT) (anch. event start) (TAR=365)","Rivaroxaban + Deep Vein Thrombosis (DVT) (anch. event start) (TAR=365)",0,0,0,"0","0",0,619,1307,365
