"cohortId","name","cohortName","logicDescription","phenotypeId","atlasId","concept_id","concept_name","concept_code","matching_drug_cohort_id","intersection_drug","intersection_event","fixed_TAR"
57,"generic_target_drug_cohort","Deferasirox (TAR=30)","Deferasirox (TAR=30)",0,0,1786055,"deferasirox","614373",0,0,0,30
274,"generic_target_drug_cohort","Deferasirox (TAR=90)","Deferasirox (TAR=90)",0,0,1786055,"deferasirox","614373",0,0,0,90
491,"generic_target_drug_cohort","Deferasirox (TAR=365)","Deferasirox (TAR=365)",0,0,1786055,"deferasirox","614373",0,0,0,365
708,"generic_comparator_drug_cohort","All drugs (matched to Deferasirox) (TAR=30)","All drugs (matched to Deferasirox) (TAR=30)",0,0,0,"0","0",57,0,0,30
925,"generic_comparator_drug_cohort","All drugs (matched to Deferasirox) (TAR=90)","All drugs (matched to Deferasirox) (TAR=90)",0,0,0,"0","0",274,0,0,90
1142,"generic_comparator_drug_cohort","All drugs (matched to Deferasirox) (TAR=365)","All drugs (matched to Deferasirox) (TAR=365)",0,0,0,"0","0",491,0,0,365
1312,"335","Immune Thrombocytopenia (ITP)","Immune Thrombocytopenia (ITP)",335,0,0,"0","0",0,0,0,0
1512,"generic_intersection_drug_event","Deferasirox + Immune Thrombocytopenia (ITP) (anch. drug start) (TAR=30)","Deferasirox + Immune Thrombocytopenia (ITP) (anch. drug start) (TAR=30)",0,0,0,"0","0",0,57,1312,30
2247,"generic_intersection_drug_event","Deferasirox + Immune Thrombocytopenia (ITP) (anch. drug start) (TAR=90)","Deferasirox + Immune Thrombocytopenia (ITP) (anch. drug start) (TAR=90)",0,0,0,"0","0",0,274,1312,90
2982,"generic_intersection_drug_event","Deferasirox + Immune Thrombocytopenia (ITP) (anch. drug start) (TAR=365)","Deferasirox + Immune Thrombocytopenia (ITP) (anch. drug start) (TAR=365)",0,0,0,"0","0",0,491,1312,365
3717,"generic_intersection_drug_event2","Deferasirox + Immune Thrombocytopenia (ITP) (anch. event start) (TAR=30)","Deferasirox + Immune Thrombocytopenia (ITP) (anch. event start) (TAR=30)",0,0,0,"0","0",0,57,1312,30
4452,"generic_intersection_drug_event2","Deferasirox + Immune Thrombocytopenia (ITP) (anch. event start) (TAR=90)","Deferasirox + Immune Thrombocytopenia (ITP) (anch. event start) (TAR=90)",0,0,0,"0","0",0,274,1312,90
5187,"generic_intersection_drug_event2","Deferasirox + Immune Thrombocytopenia (ITP) (anch. event start) (TAR=365)","Deferasirox + Immune Thrombocytopenia (ITP) (anch. event start) (TAR=365)",0,0,0,"0","0",0,491,1312,365
