"cohortId","name","cohortName","logicDescription","phenotypeId","atlasId","concept_id","concept_name","concept_code","matching_drug_cohort_id","intersection_drug","intersection_event","fixed_TAR"
206,"generic_target_drug_cohort","Tigecycline (TAR=30)","Tigecycline (TAR=30)",0,0,1742432,"tigecycline","384455",0,0,0,30
423,"generic_target_drug_cohort","Tigecycline (TAR=90)","Tigecycline (TAR=90)",0,0,1742432,"tigecycline","384455",0,0,0,90
640,"generic_target_drug_cohort","Tigecycline (TAR=365)","Tigecycline (TAR=365)",0,0,1742432,"tigecycline","384455",0,0,0,365
857,"generic_comparator_drug_cohort","All drugs (matched to Tigecycline) (TAR=30)","All drugs (matched to Tigecycline) (TAR=30)",0,0,0,"0","0",206,0,0,30
1074,"generic_comparator_drug_cohort","All drugs (matched to Tigecycline) (TAR=90)","All drugs (matched to Tigecycline) (TAR=90)",0,0,0,"0","0",423,0,0,90
1291,"generic_comparator_drug_cohort","All drugs (matched to Tigecycline) (TAR=365)","All drugs (matched to Tigecycline) (TAR=365)",0,0,0,"0","0",640,0,0,365
1312,"335","Immune Thrombocytopenia (ITP)","Immune Thrombocytopenia (ITP)",335,0,0,"0","0",0,0,0,0
2015,"generic_intersection_drug_event","Tigecycline + Immune Thrombocytopenia (ITP) (anch. drug start) (TAR=30)","Tigecycline + Immune Thrombocytopenia (ITP) (anch. drug start) (TAR=30)",0,0,0,"0","0",0,206,1312,30
2750,"generic_intersection_drug_event","Tigecycline + Immune Thrombocytopenia (ITP) (anch. drug start) (TAR=90)","Tigecycline + Immune Thrombocytopenia (ITP) (anch. drug start) (TAR=90)",0,0,0,"0","0",0,423,1312,90
3485,"generic_intersection_drug_event","Tigecycline + Immune Thrombocytopenia (ITP) (anch. drug start) (TAR=365)","Tigecycline + Immune Thrombocytopenia (ITP) (anch. drug start) (TAR=365)",0,0,0,"0","0",0,640,1312,365
4220,"generic_intersection_drug_event2","Tigecycline + Immune Thrombocytopenia (ITP) (anch. event start) (TAR=30)","Tigecycline + Immune Thrombocytopenia (ITP) (anch. event start) (TAR=30)",0,0,0,"0","0",0,206,1312,30
4955,"generic_intersection_drug_event2","Tigecycline + Immune Thrombocytopenia (ITP) (anch. event start) (TAR=90)","Tigecycline + Immune Thrombocytopenia (ITP) (anch. event start) (TAR=90)",0,0,0,"0","0",0,423,1312,90
5690,"generic_intersection_drug_event2","Tigecycline + Immune Thrombocytopenia (ITP) (anch. event start) (TAR=365)","Tigecycline + Immune Thrombocytopenia (ITP) (anch. event start) (TAR=365)",0,0,0,"0","0",0,640,1312,365
