"cohortId","name","cohortName","logicDescription","phenotypeId","atlasId","concept_id","concept_name","concept_code","matching_drug_cohort_id","intersection_drug","intersection_event","fixed_TAR"
204,"generic_target_drug_cohort","Testosterone (TAR=30)","Testosterone (TAR=30)",0,0,1636780,"Testosterone","10379",0,0,0,30
421,"generic_target_drug_cohort","Testosterone (TAR=90)","Testosterone (TAR=90)",0,0,1636780,"Testosterone","10379",0,0,0,90
638,"generic_target_drug_cohort","Testosterone (TAR=365)","Testosterone (TAR=365)",0,0,1636780,"Testosterone","10379",0,0,0,365
855,"generic_comparator_drug_cohort","All drugs (matched to Testosterone) (TAR=30)","All drugs (matched to Testosterone) (TAR=30)",0,0,0,"0","0",204,0,0,30
1072,"generic_comparator_drug_cohort","All drugs (matched to Testosterone) (TAR=90)","All drugs (matched to Testosterone) (TAR=90)",0,0,0,"0","0",421,0,0,90
1289,"generic_comparator_drug_cohort","All drugs (matched to Testosterone) (TAR=365)","All drugs (matched to Testosterone) (TAR=365)",0,0,0,"0","0",638,0,0,365
1307,"402","Deep Vein Thrombosis (DVT)","Deep Vein Thrombosis (DVT)",402,0,0,"0","0",0,0,0,0
2006,"generic_intersection_drug_event","Testosterone + Deep Vein Thrombosis (DVT) (anch. drug start) (TAR=30)","Testosterone + Deep Vein Thrombosis (DVT) (anch. drug start) (TAR=30)",0,0,0,"0","0",0,204,1307,30
2741,"generic_intersection_drug_event","Testosterone + Deep Vein Thrombosis (DVT) (anch. drug start) (TAR=90)","Testosterone + Deep Vein Thrombosis (DVT) (anch. drug start) (TAR=90)",0,0,0,"0","0",0,421,1307,90
3476,"generic_intersection_drug_event","Testosterone + Deep Vein Thrombosis (DVT) (anch. drug start) (TAR=365)","Testosterone + Deep Vein Thrombosis (DVT) (anch. drug start) (TAR=365)",0,0,0,"0","0",0,638,1307,365
4211,"generic_intersection_drug_event2","Testosterone + Deep Vein Thrombosis (DVT) (anch. event start) (TAR=30)","Testosterone + Deep Vein Thrombosis (DVT) (anch. event start) (TAR=30)",0,0,0,"0","0",0,204,1307,30
4946,"generic_intersection_drug_event2","Testosterone + Deep Vein Thrombosis (DVT) (anch. event start) (TAR=90)","Testosterone + Deep Vein Thrombosis (DVT) (anch. event start) (TAR=90)",0,0,0,"0","0",0,421,1307,90
5681,"generic_intersection_drug_event2","Testosterone + Deep Vein Thrombosis (DVT) (anch. event start) (TAR=365)","Testosterone + Deep Vein Thrombosis (DVT) (anch. event start) (TAR=365)",0,0,0,"0","0",0,638,1307,365
