"cohortId","name","cohortName","logicDescription","phenotypeId","atlasId","concept_id","concept_name","concept_code","matching_drug_cohort_id","intersection_drug","intersection_event","fixed_TAR"
100,"generic_target_drug_cohort","Hydrocortisone (TAR=30)","Hydrocortisone (TAR=30)",0,0,975125,"Hydrocortisone","5492",0,0,0,30
317,"generic_target_drug_cohort","Hydrocortisone (TAR=90)","Hydrocortisone (TAR=90)",0,0,975125,"Hydrocortisone","5492",0,0,0,90
534,"generic_target_drug_cohort","Hydrocortisone (TAR=365)","Hydrocortisone (TAR=365)",0,0,975125,"Hydrocortisone","5492",0,0,0,365
751,"generic_comparator_drug_cohort","All drugs (matched to Hydrocortisone) (TAR=30)","All drugs (matched to Hydrocortisone) (TAR=30)",0,0,0,"0","0",100,0,0,30
968,"generic_comparator_drug_cohort","All drugs (matched to Hydrocortisone) (TAR=90)","All drugs (matched to Hydrocortisone) (TAR=90)",0,0,0,"0","0",317,0,0,90
1185,"generic_comparator_drug_cohort","All drugs (matched to Hydrocortisone) (TAR=365)","All drugs (matched to Hydrocortisone) (TAR=365)",0,0,0,"0","0",534,0,0,365
1314,"345","Narcolepsy","Narcolepsy",345,0,0,"0","0",0,0,0,0
1651,"generic_intersection_drug_event","Hydrocortisone + Narcolepsy (anch. drug start) (TAR=30)","Hydrocortisone + Narcolepsy (anch. drug start) (TAR=30)",0,0,0,"0","0",0,100,1314,30
2386,"generic_intersection_drug_event","Hydrocortisone + Narcolepsy (anch. drug start) (TAR=90)","Hydrocortisone + Narcolepsy (anch. drug start) (TAR=90)",0,0,0,"0","0",0,317,1314,90
3121,"generic_intersection_drug_event","Hydrocortisone + Narcolepsy (anch. drug start) (TAR=365)","Hydrocortisone + Narcolepsy (anch. drug start) (TAR=365)",0,0,0,"0","0",0,534,1314,365
3856,"generic_intersection_drug_event2","Hydrocortisone + Narcolepsy (anch. event start) (TAR=30)","Hydrocortisone + Narcolepsy (anch. event start) (TAR=30)",0,0,0,"0","0",0,100,1314,30
4591,"generic_intersection_drug_event2","Hydrocortisone + Narcolepsy (anch. event start) (TAR=90)","Hydrocortisone + Narcolepsy (anch. event start) (TAR=90)",0,0,0,"0","0",0,317,1314,90
5326,"generic_intersection_drug_event2","Hydrocortisone + Narcolepsy (anch. event start) (TAR=365)","Hydrocortisone + Narcolepsy (anch. event start) (TAR=365)",0,0,0,"0","0",0,534,1314,365
