"cohortId","name","cohortName","logicDescription","phenotypeId","atlasId","concept_id","concept_name","concept_code","matching_drug_cohort_id","intersection_drug","intersection_event","fixed_TAR"
209,"generic_target_drug_cohort","Triamcinolone (TAR=30)","Triamcinolone (TAR=30)",0,0,903963,"Triamcinolone","10759",0,0,0,30
426,"generic_target_drug_cohort","Triamcinolone (TAR=90)","Triamcinolone (TAR=90)",0,0,903963,"Triamcinolone","10759",0,0,0,90
643,"generic_target_drug_cohort","Triamcinolone (TAR=365)","Triamcinolone (TAR=365)",0,0,903963,"Triamcinolone","10759",0,0,0,365
860,"generic_comparator_drug_cohort","All drugs (matched to Triamcinolone) (TAR=30)","All drugs (matched to Triamcinolone) (TAR=30)",0,0,0,"0","0",209,0,0,30
1077,"generic_comparator_drug_cohort","All drugs (matched to Triamcinolone) (TAR=90)","All drugs (matched to Triamcinolone) (TAR=90)",0,0,0,"0","0",426,0,0,90
1294,"generic_comparator_drug_cohort","All drugs (matched to Triamcinolone) (TAR=365)","All drugs (matched to Triamcinolone) (TAR=365)",0,0,0,"0","0",643,0,0,365
1314,"345","Narcolepsy","Narcolepsy",345,0,0,"0","0",0,0,0,0
2022,"generic_intersection_drug_event","Triamcinolone + Narcolepsy (anch. drug start) (TAR=30)","Triamcinolone + Narcolepsy (anch. drug start) (TAR=30)",0,0,0,"0","0",0,209,1314,30
2757,"generic_intersection_drug_event","Triamcinolone + Narcolepsy (anch. drug start) (TAR=90)","Triamcinolone + Narcolepsy (anch. drug start) (TAR=90)",0,0,0,"0","0",0,426,1314,90
3492,"generic_intersection_drug_event","Triamcinolone + Narcolepsy (anch. drug start) (TAR=365)","Triamcinolone + Narcolepsy (anch. drug start) (TAR=365)",0,0,0,"0","0",0,643,1314,365
4227,"generic_intersection_drug_event2","Triamcinolone + Narcolepsy (anch. event start) (TAR=30)","Triamcinolone + Narcolepsy (anch. event start) (TAR=30)",0,0,0,"0","0",0,209,1314,30
4962,"generic_intersection_drug_event2","Triamcinolone + Narcolepsy (anch. event start) (TAR=90)","Triamcinolone + Narcolepsy (anch. event start) (TAR=90)",0,0,0,"0","0",0,426,1314,90
5697,"generic_intersection_drug_event2","Triamcinolone + Narcolepsy (anch. event start) (TAR=365)","Triamcinolone + Narcolepsy (anch. event start) (TAR=365)",0,0,0,"0","0",0,643,1314,365
