"cohortId","name","cohortName","logicDescription","phenotypeId","atlasId","concept_id","concept_name","concept_code","matching_drug_cohort_id","intersection_drug","intersection_event","fixed_TAR"
61,"generic_target_drug_cohort","Dextromethorphan (TAR=30)","Dextromethorphan (TAR=30)",0,0,1119510,"Dextromethorphan","3289",0,0,0,30
278,"generic_target_drug_cohort","Dextromethorphan (TAR=90)","Dextromethorphan (TAR=90)",0,0,1119510,"Dextromethorphan","3289",0,0,0,90
495,"generic_target_drug_cohort","Dextromethorphan (TAR=365)","Dextromethorphan (TAR=365)",0,0,1119510,"Dextromethorphan","3289",0,0,0,365
712,"generic_comparator_drug_cohort","All drugs (matched to Dextromethorphan) (TAR=30)","All drugs (matched to Dextromethorphan) (TAR=30)",0,0,0,"0","0",61,0,0,30
929,"generic_comparator_drug_cohort","All drugs (matched to Dextromethorphan) (TAR=90)","All drugs (matched to Dextromethorphan) (TAR=90)",0,0,0,"0","0",278,0,0,90
1146,"generic_comparator_drug_cohort","All drugs (matched to Dextromethorphan) (TAR=365)","All drugs (matched to Dextromethorphan) (TAR=365)",0,0,0,"0","0",495,0,0,365
1304,"349","Anaphylaxis","Anaphylaxis",349,0,0,"0","0",0,0,0,0
1528,"generic_intersection_drug_event","Dextromethorphan + Anaphylaxis (anch. drug start) (TAR=30)","Dextromethorphan + Anaphylaxis (anch. drug start) (TAR=30)",0,0,0,"0","0",0,61,1304,30
2263,"generic_intersection_drug_event","Dextromethorphan + Anaphylaxis (anch. drug start) (TAR=90)","Dextromethorphan + Anaphylaxis (anch. drug start) (TAR=90)",0,0,0,"0","0",0,278,1304,90
2998,"generic_intersection_drug_event","Dextromethorphan + Anaphylaxis (anch. drug start) (TAR=365)","Dextromethorphan + Anaphylaxis (anch. drug start) (TAR=365)",0,0,0,"0","0",0,495,1304,365
3733,"generic_intersection_drug_event2","Dextromethorphan + Anaphylaxis (anch. event start) (TAR=30)","Dextromethorphan + Anaphylaxis (anch. event start) (TAR=30)",0,0,0,"0","0",0,61,1304,30
4468,"generic_intersection_drug_event2","Dextromethorphan + Anaphylaxis (anch. event start) (TAR=90)","Dextromethorphan + Anaphylaxis (anch. event start) (TAR=90)",0,0,0,"0","0",0,278,1304,90
5203,"generic_intersection_drug_event2","Dextromethorphan + Anaphylaxis (anch. event start) (TAR=365)","Dextromethorphan + Anaphylaxis (anch. event start) (TAR=365)",0,0,0,"0","0",0,495,1304,365
