"cohortId","name","cohortName","logicDescription","phenotypeId","atlasId","concept_id","concept_name","concept_code","matching_drug_cohort_id","intersection_drug","intersection_event","fixed_TAR"
103,"generic_target_drug_cohort","Ibuprofen (TAR=30)","Ibuprofen (TAR=30)",0,0,1177480,"Ibuprofen","5640",0,0,0,30
320,"generic_target_drug_cohort","Ibuprofen (TAR=90)","Ibuprofen (TAR=90)",0,0,1177480,"Ibuprofen","5640",0,0,0,90
537,"generic_target_drug_cohort","Ibuprofen (TAR=365)","Ibuprofen (TAR=365)",0,0,1177480,"Ibuprofen","5640",0,0,0,365
754,"generic_comparator_drug_cohort","All drugs (matched to Ibuprofen) (TAR=30)","All drugs (matched to Ibuprofen) (TAR=30)",0,0,0,"0","0",103,0,0,30
971,"generic_comparator_drug_cohort","All drugs (matched to Ibuprofen) (TAR=90)","All drugs (matched to Ibuprofen) (TAR=90)",0,0,0,"0","0",320,0,0,90
1188,"generic_comparator_drug_cohort","All drugs (matched to Ibuprofen) (TAR=365)","All drugs (matched to Ibuprofen) (TAR=365)",0,0,0,"0","0",537,0,0,365
1311,"405","Hemorrhagic Stroke","Hemorrhagic Stroke",405,0,0,"0","0",0,0,0,0
1663,"generic_intersection_drug_event","Ibuprofen + Hemorrhagic Stroke (anch. drug start) (TAR=30)","Ibuprofen + Hemorrhagic Stroke (anch. drug start) (TAR=30)",0,0,0,"0","0",0,103,1311,30
2398,"generic_intersection_drug_event","Ibuprofen + Hemorrhagic Stroke (anch. drug start) (TAR=90)","Ibuprofen + Hemorrhagic Stroke (anch. drug start) (TAR=90)",0,0,0,"0","0",0,320,1311,90
3133,"generic_intersection_drug_event","Ibuprofen + Hemorrhagic Stroke (anch. drug start) (TAR=365)","Ibuprofen + Hemorrhagic Stroke (anch. drug start) (TAR=365)",0,0,0,"0","0",0,537,1311,365
3868,"generic_intersection_drug_event2","Ibuprofen + Hemorrhagic Stroke (anch. event start) (TAR=30)","Ibuprofen + Hemorrhagic Stroke (anch. event start) (TAR=30)",0,0,0,"0","0",0,103,1311,30
4603,"generic_intersection_drug_event2","Ibuprofen + Hemorrhagic Stroke (anch. event start) (TAR=90)","Ibuprofen + Hemorrhagic Stroke (anch. event start) (TAR=90)",0,0,0,"0","0",0,320,1311,90
5338,"generic_intersection_drug_event2","Ibuprofen + Hemorrhagic Stroke (anch. event start) (TAR=365)","Ibuprofen + Hemorrhagic Stroke (anch. event start) (TAR=365)",0,0,0,"0","0",0,537,1311,365
