"cohortId","name","cohortName","logicDescription","phenotypeId","atlasId","concept_id","concept_name","concept_code","matching_drug_cohort_id","intersection_drug","intersection_event","fixed_TAR"
10,"generic_target_drug_cohort","Amphotericin b (TAR=30)","Amphotericin b (TAR=30)",0,0,1717240,"Amphotericin B","732",0,0,0,30
227,"generic_target_drug_cohort","Amphotericin b (TAR=90)","Amphotericin b (TAR=90)",0,0,1717240,"Amphotericin B","732",0,0,0,90
444,"generic_target_drug_cohort","Amphotericin b (TAR=365)","Amphotericin b (TAR=365)",0,0,1717240,"Amphotericin B","732",0,0,0,365
661,"generic_comparator_drug_cohort","All drugs (matched to Amphotericin b) (TAR=30)","All drugs (matched to Amphotericin b) (TAR=30)",0,0,0,"0","0",10,0,0,30
878,"generic_comparator_drug_cohort","All drugs (matched to Amphotericin b) (TAR=90)","All drugs (matched to Amphotericin b) (TAR=90)",0,0,0,"0","0",227,0,0,90
1095,"generic_comparator_drug_cohort","All drugs (matched to Amphotericin b) (TAR=365)","All drugs (matched to Amphotericin b) (TAR=365)",0,0,0,"0","0",444,0,0,365
1312,"335","Immune Thrombocytopenia (ITP)","Immune Thrombocytopenia (ITP)",335,0,0,"0","0",0,0,0,0
1345,"generic_intersection_drug_event","Amphotericin b + Immune Thrombocytopenia (ITP) (anch. drug start) (TAR=30)","Amphotericin b + Immune Thrombocytopenia (ITP) (anch. drug start) (TAR=30)",0,0,0,"0","0",0,10,1312,30
2080,"generic_intersection_drug_event","Amphotericin b + Immune Thrombocytopenia (ITP) (anch. drug start) (TAR=90)","Amphotericin b + Immune Thrombocytopenia (ITP) (anch. drug start) (TAR=90)",0,0,0,"0","0",0,227,1312,90
2815,"generic_intersection_drug_event","Amphotericin b + Immune Thrombocytopenia (ITP) (anch. drug start) (TAR=365)","Amphotericin b + Immune Thrombocytopenia (ITP) (anch. drug start) (TAR=365)",0,0,0,"0","0",0,444,1312,365
3550,"generic_intersection_drug_event2","Amphotericin b + Immune Thrombocytopenia (ITP) (anch. event start) (TAR=30)","Amphotericin b + Immune Thrombocytopenia (ITP) (anch. event start) (TAR=30)",0,0,0,"0","0",0,10,1312,30
4285,"generic_intersection_drug_event2","Amphotericin b + Immune Thrombocytopenia (ITP) (anch. event start) (TAR=90)","Amphotericin b + Immune Thrombocytopenia (ITP) (anch. event start) (TAR=90)",0,0,0,"0","0",0,227,1312,90
5020,"generic_intersection_drug_event2","Amphotericin b + Immune Thrombocytopenia (ITP) (anch. event start) (TAR=365)","Amphotericin b + Immune Thrombocytopenia (ITP) (anch. event start) (TAR=365)",0,0,0,"0","0",0,444,1312,365
