"cohortId","name","cohortName","logicDescription","phenotypeId","atlasId","concept_id","concept_name","concept_code","matching_drug_cohort_id","intersection_drug","intersection_event","fixed_TAR"
167,"generic_target_drug_cohort","Pirfenidone (TAR=30)","Pirfenidone (TAR=30)",0,0,45775206,"pirfenidone","1592254",0,0,0,30
384,"generic_target_drug_cohort","Pirfenidone (TAR=90)","Pirfenidone (TAR=90)",0,0,45775206,"pirfenidone","1592254",0,0,0,90
601,"generic_target_drug_cohort","Pirfenidone (TAR=365)","Pirfenidone (TAR=365)",0,0,45775206,"pirfenidone","1592254",0,0,0,365
818,"generic_comparator_drug_cohort","All drugs (matched to Pirfenidone) (TAR=30)","All drugs (matched to Pirfenidone) (TAR=30)",0,0,0,"0","0",167,0,0,30
1035,"generic_comparator_drug_cohort","All drugs (matched to Pirfenidone) (TAR=90)","All drugs (matched to Pirfenidone) (TAR=90)",0,0,0,"0","0",384,0,0,90
1252,"generic_comparator_drug_cohort","All drugs (matched to Pirfenidone) (TAR=365)","All drugs (matched to Pirfenidone) (TAR=365)",0,0,0,"0","0",601,0,0,365
1315,"406","Non-hemorrhagic Stroke","Non-hemorrhagic Stroke",406,0,0,"0","0",0,0,0,0
1869,"generic_intersection_drug_event","Pirfenidone + Non-hemorrhagic Stroke (anch. drug start) (TAR=30)","Pirfenidone + Non-hemorrhagic Stroke (anch. drug start) (TAR=30)",0,0,0,"0","0",0,167,1315,30
2604,"generic_intersection_drug_event","Pirfenidone + Non-hemorrhagic Stroke (anch. drug start) (TAR=90)","Pirfenidone + Non-hemorrhagic Stroke (anch. drug start) (TAR=90)",0,0,0,"0","0",0,384,1315,90
3339,"generic_intersection_drug_event","Pirfenidone + Non-hemorrhagic Stroke (anch. drug start) (TAR=365)","Pirfenidone + Non-hemorrhagic Stroke (anch. drug start) (TAR=365)",0,0,0,"0","0",0,601,1315,365
4074,"generic_intersection_drug_event2","Pirfenidone + Non-hemorrhagic Stroke (anch. event start) (TAR=30)","Pirfenidone + Non-hemorrhagic Stroke (anch. event start) (TAR=30)",0,0,0,"0","0",0,167,1315,30
4809,"generic_intersection_drug_event2","Pirfenidone + Non-hemorrhagic Stroke (anch. event start) (TAR=90)","Pirfenidone + Non-hemorrhagic Stroke (anch. event start) (TAR=90)",0,0,0,"0","0",0,384,1315,90
5544,"generic_intersection_drug_event2","Pirfenidone + Non-hemorrhagic Stroke (anch. event start) (TAR=365)","Pirfenidone + Non-hemorrhagic Stroke (anch. event start) (TAR=365)",0,0,0,"0","0",0,601,1315,365
