"cohortId","name","cohortName","logicDescription","phenotypeId","atlasId","concept_id","concept_name","concept_code","matching_drug_cohort_id","intersection_drug","intersection_event","fixed_TAR"
109,"generic_target_drug_cohort","Iron (TAR=30)","Iron (TAR=30)",0,0,1360067,"Iron","90176",0,0,0,30
326,"generic_target_drug_cohort","Iron (TAR=90)","Iron (TAR=90)",0,0,1360067,"Iron","90176",0,0,0,90
543,"generic_target_drug_cohort","Iron (TAR=365)","Iron (TAR=365)",0,0,1360067,"Iron","90176",0,0,0,365
760,"generic_comparator_drug_cohort","All drugs (matched to Iron) (TAR=30)","All drugs (matched to Iron) (TAR=30)",0,0,0,"0","0",109,0,0,30
977,"generic_comparator_drug_cohort","All drugs (matched to Iron) (TAR=90)","All drugs (matched to Iron) (TAR=90)",0,0,0,"0","0",326,0,0,90
1194,"generic_comparator_drug_cohort","All drugs (matched to Iron) (TAR=365)","All drugs (matched to Iron) (TAR=365)",0,0,0,"0","0",543,0,0,365
1304,"349","Anaphylaxis","Anaphylaxis",349,0,0,"0","0",0,0,0,0
1680,"generic_intersection_drug_event","Iron + Anaphylaxis (anch. drug start) (TAR=30)","Iron + Anaphylaxis (anch. drug start) (TAR=30)",0,0,0,"0","0",0,109,1304,30
2415,"generic_intersection_drug_event","Iron + Anaphylaxis (anch. drug start) (TAR=90)","Iron + Anaphylaxis (anch. drug start) (TAR=90)",0,0,0,"0","0",0,326,1304,90
3150,"generic_intersection_drug_event","Iron + Anaphylaxis (anch. drug start) (TAR=365)","Iron + Anaphylaxis (anch. drug start) (TAR=365)",0,0,0,"0","0",0,543,1304,365
3885,"generic_intersection_drug_event2","Iron + Anaphylaxis (anch. event start) (TAR=30)","Iron + Anaphylaxis (anch. event start) (TAR=30)",0,0,0,"0","0",0,109,1304,30
4620,"generic_intersection_drug_event2","Iron + Anaphylaxis (anch. event start) (TAR=90)","Iron + Anaphylaxis (anch. event start) (TAR=90)",0,0,0,"0","0",0,326,1304,90
5355,"generic_intersection_drug_event2","Iron + Anaphylaxis (anch. event start) (TAR=365)","Iron + Anaphylaxis (anch. event start) (TAR=365)",0,0,0,"0","0",0,543,1304,365
