"cohortId","name","cohortName","logicDescription","phenotypeId","atlasId","concept_id","concept_name","concept_code","matching_drug_cohort_id","intersection_drug","intersection_event","fixed_TAR"
167,"generic_target_drug_cohort","Pirfenidone (TAR=30)","Pirfenidone (TAR=30)",0,0,45775206,"pirfenidone","1592254",0,0,0,30
384,"generic_target_drug_cohort","Pirfenidone (TAR=90)","Pirfenidone (TAR=90)",0,0,45775206,"pirfenidone","1592254",0,0,0,90
601,"generic_target_drug_cohort","Pirfenidone (TAR=365)","Pirfenidone (TAR=365)",0,0,45775206,"pirfenidone","1592254",0,0,0,365
818,"generic_comparator_drug_cohort","All drugs (matched to Pirfenidone) (TAR=30)","All drugs (matched to Pirfenidone) (TAR=30)",0,0,0,"0","0",167,0,0,30
1035,"generic_comparator_drug_cohort","All drugs (matched to Pirfenidone) (TAR=90)","All drugs (matched to Pirfenidone) (TAR=90)",0,0,0,"0","0",384,0,0,90
1252,"generic_comparator_drug_cohort","All drugs (matched to Pirfenidone) (TAR=365)","All drugs (matched to Pirfenidone) (TAR=365)",0,0,0,"0","0",601,0,0,365
1314,"345","Narcolepsy","Narcolepsy",345,0,0,"0","0",0,0,0,0
1868,"generic_intersection_drug_event","Pirfenidone + Narcolepsy (anch. drug start) (TAR=30)","Pirfenidone + Narcolepsy (anch. drug start) (TAR=30)",0,0,0,"0","0",0,167,1314,30
2603,"generic_intersection_drug_event","Pirfenidone + Narcolepsy (anch. drug start) (TAR=90)","Pirfenidone + Narcolepsy (anch. drug start) (TAR=90)",0,0,0,"0","0",0,384,1314,90
3338,"generic_intersection_drug_event","Pirfenidone + Narcolepsy (anch. drug start) (TAR=365)","Pirfenidone + Narcolepsy (anch. drug start) (TAR=365)",0,0,0,"0","0",0,601,1314,365
4073,"generic_intersection_drug_event2","Pirfenidone + Narcolepsy (anch. event start) (TAR=30)","Pirfenidone + Narcolepsy (anch. event start) (TAR=30)",0,0,0,"0","0",0,167,1314,30
4808,"generic_intersection_drug_event2","Pirfenidone + Narcolepsy (anch. event start) (TAR=90)","Pirfenidone + Narcolepsy (anch. event start) (TAR=90)",0,0,0,"0","0",0,384,1314,90
5543,"generic_intersection_drug_event2","Pirfenidone + Narcolepsy (anch. event start) (TAR=365)","Pirfenidone + Narcolepsy (anch. event start) (TAR=365)",0,0,0,"0","0",0,601,1314,365
