"cohortId","name","cohortName","logicDescription","phenotypeId","atlasId","concept_id","concept_name","concept_code","matching_drug_cohort_id","intersection_drug","intersection_event","fixed_TAR"
102,"generic_target_drug_cohort","Ibrutinib (TAR=30)","Ibrutinib (TAR=30)",0,0,44507848,"Ibrutinib","1442981",0,0,0,30
319,"generic_target_drug_cohort","Ibrutinib (TAR=90)","Ibrutinib (TAR=90)",0,0,44507848,"Ibrutinib","1442981",0,0,0,90
536,"generic_target_drug_cohort","Ibrutinib (TAR=365)","Ibrutinib (TAR=365)",0,0,44507848,"Ibrutinib","1442981",0,0,0,365
753,"generic_comparator_drug_cohort","All drugs (matched to Ibrutinib) (TAR=30)","All drugs (matched to Ibrutinib) (TAR=30)",0,0,0,"0","0",102,0,0,30
970,"generic_comparator_drug_cohort","All drugs (matched to Ibrutinib) (TAR=90)","All drugs (matched to Ibrutinib) (TAR=90)",0,0,0,"0","0",319,0,0,90
1187,"generic_comparator_drug_cohort","All drugs (matched to Ibrutinib) (TAR=365)","All drugs (matched to Ibrutinib) (TAR=365)",0,0,0,"0","0",536,0,0,365
1315,"406","Non-hemorrhagic Stroke","Non-hemorrhagic Stroke",406,0,0,"0","0",0,0,0,0
1661,"generic_intersection_drug_event","Ibrutinib + Non-hemorrhagic Stroke (anch. drug start) (TAR=30)","Ibrutinib + Non-hemorrhagic Stroke (anch. drug start) (TAR=30)",0,0,0,"0","0",0,102,1315,30
2396,"generic_intersection_drug_event","Ibrutinib + Non-hemorrhagic Stroke (anch. drug start) (TAR=90)","Ibrutinib + Non-hemorrhagic Stroke (anch. drug start) (TAR=90)",0,0,0,"0","0",0,319,1315,90
3131,"generic_intersection_drug_event","Ibrutinib + Non-hemorrhagic Stroke (anch. drug start) (TAR=365)","Ibrutinib + Non-hemorrhagic Stroke (anch. drug start) (TAR=365)",0,0,0,"0","0",0,536,1315,365
3866,"generic_intersection_drug_event2","Ibrutinib + Non-hemorrhagic Stroke (anch. event start) (TAR=30)","Ibrutinib + Non-hemorrhagic Stroke (anch. event start) (TAR=30)",0,0,0,"0","0",0,102,1315,30
4601,"generic_intersection_drug_event2","Ibrutinib + Non-hemorrhagic Stroke (anch. event start) (TAR=90)","Ibrutinib + Non-hemorrhagic Stroke (anch. event start) (TAR=90)",0,0,0,"0","0",0,319,1315,90
5336,"generic_intersection_drug_event2","Ibrutinib + Non-hemorrhagic Stroke (anch. event start) (TAR=365)","Ibrutinib + Non-hemorrhagic Stroke (anch. event start) (TAR=365)",0,0,0,"0","0",0,536,1315,365
