"cohortId","name","cohortName","logicDescription","phenotypeId","atlasId","concept_id","concept_name","concept_code","matching_drug_cohort_id","intersection_drug","intersection_event","fixed_TAR"
185,"generic_target_drug_cohort","Rivaroxaban (TAR=30)","Rivaroxaban (TAR=30)",0,0,40241331,"rivaroxaban","1114195",0,0,0,30
402,"generic_target_drug_cohort","Rivaroxaban (TAR=90)","Rivaroxaban (TAR=90)",0,0,40241331,"rivaroxaban","1114195",0,0,0,90
619,"generic_target_drug_cohort","Rivaroxaban (TAR=365)","Rivaroxaban (TAR=365)",0,0,40241331,"rivaroxaban","1114195",0,0,0,365
836,"generic_comparator_drug_cohort","All drugs (matched to Rivaroxaban) (TAR=30)","All drugs (matched to Rivaroxaban) (TAR=30)",0,0,0,"0","0",185,0,0,30
1053,"generic_comparator_drug_cohort","All drugs (matched to Rivaroxaban) (TAR=90)","All drugs (matched to Rivaroxaban) (TAR=90)",0,0,0,"0","0",402,0,0,90
1270,"generic_comparator_drug_cohort","All drugs (matched to Rivaroxaban) (TAR=365)","All drugs (matched to Rivaroxaban) (TAR=365)",0,0,0,"0","0",619,0,0,365
1316,"411","Pulmonary Embolism","Pulmonary Embolism",411,0,0,"0","0",0,0,0,0
1942,"generic_intersection_drug_event","Rivaroxaban + Pulmonary Embolism (anch. drug start) (TAR=30)","Rivaroxaban + Pulmonary Embolism (anch. drug start) (TAR=30)",0,0,0,"0","0",0,185,1316,30
2677,"generic_intersection_drug_event","Rivaroxaban + Pulmonary Embolism (anch. drug start) (TAR=90)","Rivaroxaban + Pulmonary Embolism (anch. drug start) (TAR=90)",0,0,0,"0","0",0,402,1316,90
3412,"generic_intersection_drug_event","Rivaroxaban + Pulmonary Embolism (anch. drug start) (TAR=365)","Rivaroxaban + Pulmonary Embolism (anch. drug start) (TAR=365)",0,0,0,"0","0",0,619,1316,365
4147,"generic_intersection_drug_event2","Rivaroxaban + Pulmonary Embolism (anch. event start) (TAR=30)","Rivaroxaban + Pulmonary Embolism (anch. event start) (TAR=30)",0,0,0,"0","0",0,185,1316,30
4882,"generic_intersection_drug_event2","Rivaroxaban + Pulmonary Embolism (anch. event start) (TAR=90)","Rivaroxaban + Pulmonary Embolism (anch. event start) (TAR=90)",0,0,0,"0","0",0,402,1316,90
5617,"generic_intersection_drug_event2","Rivaroxaban + Pulmonary Embolism (anch. event start) (TAR=365)","Rivaroxaban + Pulmonary Embolism (anch. event start) (TAR=365)",0,0,0,"0","0",0,619,1316,365
