"cohortId","name","cohortName","logicDescription","phenotypeId","atlasId","concept_id","concept_name","concept_code","matching_drug_cohort_id","intersection_drug","intersection_event","fixed_TAR"
56,"generic_target_drug_cohort","Dasatinib (TAR=30)","Dasatinib (TAR=30)",0,0,1358436,"dasatinib","475342",0,0,0,30
273,"generic_target_drug_cohort","Dasatinib (TAR=90)","Dasatinib (TAR=90)",0,0,1358436,"dasatinib","475342",0,0,0,90
490,"generic_target_drug_cohort","Dasatinib (TAR=365)","Dasatinib (TAR=365)",0,0,1358436,"dasatinib","475342",0,0,0,365
707,"generic_comparator_drug_cohort","All drugs (matched to Dasatinib) (TAR=30)","All drugs (matched to Dasatinib) (TAR=30)",0,0,0,"0","0",56,0,0,30
924,"generic_comparator_drug_cohort","All drugs (matched to Dasatinib) (TAR=90)","All drugs (matched to Dasatinib) (TAR=90)",0,0,0,"0","0",273,0,0,90
1141,"generic_comparator_drug_cohort","All drugs (matched to Dasatinib) (TAR=365)","All drugs (matched to Dasatinib) (TAR=365)",0,0,0,"0","0",490,0,0,365
1313,"339","Myocarditis Pericarditis","Myocarditis Pericarditis",339,0,0,"0","0",0,0,0,0
1511,"generic_intersection_drug_event","Dasatinib + Myocarditis Pericarditis (anch. drug start) (TAR=30)","Dasatinib + Myocarditis Pericarditis (anch. drug start) (TAR=30)",0,0,0,"0","0",0,56,1313,30
2246,"generic_intersection_drug_event","Dasatinib + Myocarditis Pericarditis (anch. drug start) (TAR=90)","Dasatinib + Myocarditis Pericarditis (anch. drug start) (TAR=90)",0,0,0,"0","0",0,273,1313,90
2981,"generic_intersection_drug_event","Dasatinib + Myocarditis Pericarditis (anch. drug start) (TAR=365)","Dasatinib + Myocarditis Pericarditis (anch. drug start) (TAR=365)",0,0,0,"0","0",0,490,1313,365
3716,"generic_intersection_drug_event2","Dasatinib + Myocarditis Pericarditis (anch. event start) (TAR=30)","Dasatinib + Myocarditis Pericarditis (anch. event start) (TAR=30)",0,0,0,"0","0",0,56,1313,30
4451,"generic_intersection_drug_event2","Dasatinib + Myocarditis Pericarditis (anch. event start) (TAR=90)","Dasatinib + Myocarditis Pericarditis (anch. event start) (TAR=90)",0,0,0,"0","0",0,273,1313,90
5186,"generic_intersection_drug_event2","Dasatinib + Myocarditis Pericarditis (anch. event start) (TAR=365)","Dasatinib + Myocarditis Pericarditis (anch. event start) (TAR=365)",0,0,0,"0","0",0,490,1313,365
