"cohortId","name","cohortName","logicDescription","phenotypeId","atlasId","concept_id","concept_name","concept_code","matching_drug_cohort_id","intersection_drug","intersection_event","fixed_TAR"
185,"generic_target_drug_cohort","Rivaroxaban (TAR=30)","Rivaroxaban (TAR=30)",0,0,40241331,"rivaroxaban","1114195",0,0,0,30
402,"generic_target_drug_cohort","Rivaroxaban (TAR=90)","Rivaroxaban (TAR=90)",0,0,40241331,"rivaroxaban","1114195",0,0,0,90
619,"generic_target_drug_cohort","Rivaroxaban (TAR=365)","Rivaroxaban (TAR=365)",0,0,40241331,"rivaroxaban","1114195",0,0,0,365
836,"generic_comparator_drug_cohort","All drugs (matched to Rivaroxaban) (TAR=30)","All drugs (matched to Rivaroxaban) (TAR=30)",0,0,0,"0","0",185,0,0,30
1053,"generic_comparator_drug_cohort","All drugs (matched to Rivaroxaban) (TAR=90)","All drugs (matched to Rivaroxaban) (TAR=90)",0,0,0,"0","0",402,0,0,90
1270,"generic_comparator_drug_cohort","All drugs (matched to Rivaroxaban) (TAR=365)","All drugs (matched to Rivaroxaban) (TAR=365)",0,0,0,"0","0",619,0,0,365
1311,"405","Hemorrhagic Stroke","Hemorrhagic Stroke",405,0,0,"0","0",0,0,0,0
1938,"generic_intersection_drug_event","Rivaroxaban + Hemorrhagic Stroke (anch. drug start) (TAR=30)","Rivaroxaban + Hemorrhagic Stroke (anch. drug start) (TAR=30)",0,0,0,"0","0",0,185,1311,30
2673,"generic_intersection_drug_event","Rivaroxaban + Hemorrhagic Stroke (anch. drug start) (TAR=90)","Rivaroxaban + Hemorrhagic Stroke (anch. drug start) (TAR=90)",0,0,0,"0","0",0,402,1311,90
3408,"generic_intersection_drug_event","Rivaroxaban + Hemorrhagic Stroke (anch. drug start) (TAR=365)","Rivaroxaban + Hemorrhagic Stroke (anch. drug start) (TAR=365)",0,0,0,"0","0",0,619,1311,365
4143,"generic_intersection_drug_event2","Rivaroxaban + Hemorrhagic Stroke (anch. event start) (TAR=30)","Rivaroxaban + Hemorrhagic Stroke (anch. event start) (TAR=30)",0,0,0,"0","0",0,185,1311,30
4878,"generic_intersection_drug_event2","Rivaroxaban + Hemorrhagic Stroke (anch. event start) (TAR=90)","Rivaroxaban + Hemorrhagic Stroke (anch. event start) (TAR=90)",0,0,0,"0","0",0,402,1311,90
5613,"generic_intersection_drug_event2","Rivaroxaban + Hemorrhagic Stroke (anch. event start) (TAR=365)","Rivaroxaban + Hemorrhagic Stroke (anch. event start) (TAR=365)",0,0,0,"0","0",0,619,1311,365
