"cohortId","name","cohortName","logicDescription","phenotypeId","atlasId","concept_id","concept_name","concept_code","matching_drug_cohort_id","intersection_drug","intersection_event","fixed_TAR"
26,"generic_target_drug_cohort","Carbamazepine (TAR=30)","Carbamazepine (TAR=30)",0,0,740275,"Carbamazepine","2002",0,0,0,30
243,"generic_target_drug_cohort","Carbamazepine (TAR=90)","Carbamazepine (TAR=90)",0,0,740275,"Carbamazepine","2002",0,0,0,90
460,"generic_target_drug_cohort","Carbamazepine (TAR=365)","Carbamazepine (TAR=365)",0,0,740275,"Carbamazepine","2002",0,0,0,365
677,"generic_comparator_drug_cohort","All drugs (matched to Carbamazepine) (TAR=30)","All drugs (matched to Carbamazepine) (TAR=30)",0,0,0,"0","0",26,0,0,30
894,"generic_comparator_drug_cohort","All drugs (matched to Carbamazepine) (TAR=90)","All drugs (matched to Carbamazepine) (TAR=90)",0,0,0,"0","0",243,0,0,90
1111,"generic_comparator_drug_cohort","All drugs (matched to Carbamazepine) (TAR=365)","All drugs (matched to Carbamazepine) (TAR=365)",0,0,0,"0","0",460,0,0,365
1312,"335","Immune Thrombocytopenia (ITP)","Immune Thrombocytopenia (ITP)",335,0,0,"0","0",0,0,0,0
1393,"generic_intersection_drug_event","Carbamazepine + Immune Thrombocytopenia (ITP) (anch. drug start) (TAR=30)","Carbamazepine + Immune Thrombocytopenia (ITP) (anch. drug start) (TAR=30)",0,0,0,"0","0",0,26,1312,30
2128,"generic_intersection_drug_event","Carbamazepine + Immune Thrombocytopenia (ITP) (anch. drug start) (TAR=90)","Carbamazepine + Immune Thrombocytopenia (ITP) (anch. drug start) (TAR=90)",0,0,0,"0","0",0,243,1312,90
2863,"generic_intersection_drug_event","Carbamazepine + Immune Thrombocytopenia (ITP) (anch. drug start) (TAR=365)","Carbamazepine + Immune Thrombocytopenia (ITP) (anch. drug start) (TAR=365)",0,0,0,"0","0",0,460,1312,365
3598,"generic_intersection_drug_event2","Carbamazepine + Immune Thrombocytopenia (ITP) (anch. event start) (TAR=30)","Carbamazepine + Immune Thrombocytopenia (ITP) (anch. event start) (TAR=30)",0,0,0,"0","0",0,26,1312,30
4333,"generic_intersection_drug_event2","Carbamazepine + Immune Thrombocytopenia (ITP) (anch. event start) (TAR=90)","Carbamazepine + Immune Thrombocytopenia (ITP) (anch. event start) (TAR=90)",0,0,0,"0","0",0,243,1312,90
5068,"generic_intersection_drug_event2","Carbamazepine + Immune Thrombocytopenia (ITP) (anch. event start) (TAR=365)","Carbamazepine + Immune Thrombocytopenia (ITP) (anch. event start) (TAR=365)",0,0,0,"0","0",0,460,1312,365
