"cohortId","name","cohortName","logicDescription","phenotypeId","atlasId","concept_id","concept_name","concept_code","matching_drug_cohort_id","intersection_drug","intersection_event","fixed_TAR"
169,"generic_target_drug_cohort","Pomalidomide (TAR=30)","Pomalidomide (TAR=30)",0,0,43014237,"pomalidomide","1369713",0,0,0,30
386,"generic_target_drug_cohort","Pomalidomide (TAR=90)","Pomalidomide (TAR=90)",0,0,43014237,"pomalidomide","1369713",0,0,0,90
603,"generic_target_drug_cohort","Pomalidomide (TAR=365)","Pomalidomide (TAR=365)",0,0,43014237,"pomalidomide","1369713",0,0,0,365
820,"generic_comparator_drug_cohort","All drugs (matched to Pomalidomide) (TAR=30)","All drugs (matched to Pomalidomide) (TAR=30)",0,0,0,"0","0",169,0,0,30
1037,"generic_comparator_drug_cohort","All drugs (matched to Pomalidomide) (TAR=90)","All drugs (matched to Pomalidomide) (TAR=90)",0,0,0,"0","0",386,0,0,90
1254,"generic_comparator_drug_cohort","All drugs (matched to Pomalidomide) (TAR=365)","All drugs (matched to Pomalidomide) (TAR=365)",0,0,0,"0","0",603,0,0,365
1310,"343","Guillain Barre Syndrome","Guillain Barre Syndrome",343,0,0,"0","0",0,0,0,0
1874,"generic_intersection_drug_event","Pomalidomide + Guillain Barre Syndrome (anch. drug start) (TAR=30)","Pomalidomide + Guillain Barre Syndrome (anch. drug start) (TAR=30)",0,0,0,"0","0",0,169,1310,30
2609,"generic_intersection_drug_event","Pomalidomide + Guillain Barre Syndrome (anch. drug start) (TAR=90)","Pomalidomide + Guillain Barre Syndrome (anch. drug start) (TAR=90)",0,0,0,"0","0",0,386,1310,90
3344,"generic_intersection_drug_event","Pomalidomide + Guillain Barre Syndrome (anch. drug start) (TAR=365)","Pomalidomide + Guillain Barre Syndrome (anch. drug start) (TAR=365)",0,0,0,"0","0",0,603,1310,365
4079,"generic_intersection_drug_event2","Pomalidomide + Guillain Barre Syndrome (anch. event start) (TAR=30)","Pomalidomide + Guillain Barre Syndrome (anch. event start) (TAR=30)",0,0,0,"0","0",0,169,1310,30
4814,"generic_intersection_drug_event2","Pomalidomide + Guillain Barre Syndrome (anch. event start) (TAR=90)","Pomalidomide + Guillain Barre Syndrome (anch. event start) (TAR=90)",0,0,0,"0","0",0,386,1310,90
5549,"generic_intersection_drug_event2","Pomalidomide + Guillain Barre Syndrome (anch. event start) (TAR=365)","Pomalidomide + Guillain Barre Syndrome (anch. event start) (TAR=365)",0,0,0,"0","0",0,603,1310,365
