"cohortId","name","cohortName","logicDescription","phenotypeId","atlasId","concept_id","concept_name","concept_code","matching_drug_cohort_id","intersection_drug","intersection_event","fixed_TAR"
71,"generic_target_drug_cohort","Enoxaparin (TAR=30)","Enoxaparin (TAR=30)",0,0,1301025,"Enoxaparin","67108",0,0,0,30
288,"generic_target_drug_cohort","Enoxaparin (TAR=90)","Enoxaparin (TAR=90)",0,0,1301025,"Enoxaparin","67108",0,0,0,90
505,"generic_target_drug_cohort","Enoxaparin (TAR=365)","Enoxaparin (TAR=365)",0,0,1301025,"Enoxaparin","67108",0,0,0,365
722,"generic_comparator_drug_cohort","All drugs (matched to Enoxaparin) (TAR=30)","All drugs (matched to Enoxaparin) (TAR=30)",0,0,0,"0","0",71,0,0,30
939,"generic_comparator_drug_cohort","All drugs (matched to Enoxaparin) (TAR=90)","All drugs (matched to Enoxaparin) (TAR=90)",0,0,0,"0","0",288,0,0,90
1156,"generic_comparator_drug_cohort","All drugs (matched to Enoxaparin) (TAR=365)","All drugs (matched to Enoxaparin) (TAR=365)",0,0,0,"0","0",505,0,0,365
1315,"406","Non-hemorrhagic Stroke","Non-hemorrhagic Stroke",406,0,0,"0","0",0,0,0,0
1558,"generic_intersection_drug_event","Enoxaparin + Non-hemorrhagic Stroke (anch. drug start) (TAR=30)","Enoxaparin + Non-hemorrhagic Stroke (anch. drug start) (TAR=30)",0,0,0,"0","0",0,71,1315,30
2293,"generic_intersection_drug_event","Enoxaparin + Non-hemorrhagic Stroke (anch. drug start) (TAR=90)","Enoxaparin + Non-hemorrhagic Stroke (anch. drug start) (TAR=90)",0,0,0,"0","0",0,288,1315,90
3028,"generic_intersection_drug_event","Enoxaparin + Non-hemorrhagic Stroke (anch. drug start) (TAR=365)","Enoxaparin + Non-hemorrhagic Stroke (anch. drug start) (TAR=365)",0,0,0,"0","0",0,505,1315,365
3763,"generic_intersection_drug_event2","Enoxaparin + Non-hemorrhagic Stroke (anch. event start) (TAR=30)","Enoxaparin + Non-hemorrhagic Stroke (anch. event start) (TAR=30)",0,0,0,"0","0",0,71,1315,30
4498,"generic_intersection_drug_event2","Enoxaparin + Non-hemorrhagic Stroke (anch. event start) (TAR=90)","Enoxaparin + Non-hemorrhagic Stroke (anch. event start) (TAR=90)",0,0,0,"0","0",0,288,1315,90
5233,"generic_intersection_drug_event2","Enoxaparin + Non-hemorrhagic Stroke (anch. event start) (TAR=365)","Enoxaparin + Non-hemorrhagic Stroke (anch. event start) (TAR=365)",0,0,0,"0","0",0,505,1315,365
