"cohortId","name","cohortName","logicDescription","phenotypeId","atlasId","concept_id","concept_name","concept_code","matching_drug_cohort_id","intersection_drug","intersection_event","fixed_TAR"
173,"generic_target_drug_cohort","Prednisone (TAR=30)","Prednisone (TAR=30)",0,0,1551099,"Prednisone","8640",0,0,0,30
390,"generic_target_drug_cohort","Prednisone (TAR=90)","Prednisone (TAR=90)",0,0,1551099,"Prednisone","8640",0,0,0,90
607,"generic_target_drug_cohort","Prednisone (TAR=365)","Prednisone (TAR=365)",0,0,1551099,"Prednisone","8640",0,0,0,365
824,"generic_comparator_drug_cohort","All drugs (matched to Prednisone) (TAR=30)","All drugs (matched to Prednisone) (TAR=30)",0,0,0,"0","0",173,0,0,30
1041,"generic_comparator_drug_cohort","All drugs (matched to Prednisone) (TAR=90)","All drugs (matched to Prednisone) (TAR=90)",0,0,0,"0","0",390,0,0,90
1258,"generic_comparator_drug_cohort","All drugs (matched to Prednisone) (TAR=365)","All drugs (matched to Prednisone) (TAR=365)",0,0,0,"0","0",607,0,0,365
1303,"340","Acute Myocardial Infarction","Acute Myocardial Infarction",340,0,0,"0","0",0,0,0,0
1889,"generic_intersection_drug_event","Prednisone + Acute Myocardial Infarction (anch. drug start) (TAR=30)","Prednisone + Acute Myocardial Infarction (anch. drug start) (TAR=30)",0,0,0,"0","0",0,173,1303,30
2624,"generic_intersection_drug_event","Prednisone + Acute Myocardial Infarction (anch. drug start) (TAR=90)","Prednisone + Acute Myocardial Infarction (anch. drug start) (TAR=90)",0,0,0,"0","0",0,390,1303,90
3359,"generic_intersection_drug_event","Prednisone + Acute Myocardial Infarction (anch. drug start) (TAR=365)","Prednisone + Acute Myocardial Infarction (anch. drug start) (TAR=365)",0,0,0,"0","0",0,607,1303,365
4094,"generic_intersection_drug_event2","Prednisone + Acute Myocardial Infarction (anch. event start) (TAR=30)","Prednisone + Acute Myocardial Infarction (anch. event start) (TAR=30)",0,0,0,"0","0",0,173,1303,30
4829,"generic_intersection_drug_event2","Prednisone + Acute Myocardial Infarction (anch. event start) (TAR=90)","Prednisone + Acute Myocardial Infarction (anch. event start) (TAR=90)",0,0,0,"0","0",0,390,1303,90
5564,"generic_intersection_drug_event2","Prednisone + Acute Myocardial Infarction (anch. event start) (TAR=365)","Prednisone + Acute Myocardial Infarction (anch. event start) (TAR=365)",0,0,0,"0","0",0,607,1303,365
