"cohortId","name","cohortName","logicDescription","phenotypeId","atlasId","concept_id","concept_name","concept_code","matching_drug_cohort_id","intersection_drug","intersection_event","fixed_TAR"
103,"generic_target_drug_cohort","Ibuprofen (TAR=30)","Ibuprofen (TAR=30)",0,0,1177480,"Ibuprofen","5640",0,0,0,30
320,"generic_target_drug_cohort","Ibuprofen (TAR=90)","Ibuprofen (TAR=90)",0,0,1177480,"Ibuprofen","5640",0,0,0,90
537,"generic_target_drug_cohort","Ibuprofen (TAR=365)","Ibuprofen (TAR=365)",0,0,1177480,"Ibuprofen","5640",0,0,0,365
754,"generic_comparator_drug_cohort","All drugs (matched to Ibuprofen) (TAR=30)","All drugs (matched to Ibuprofen) (TAR=30)",0,0,0,"0","0",103,0,0,30
971,"generic_comparator_drug_cohort","All drugs (matched to Ibuprofen) (TAR=90)","All drugs (matched to Ibuprofen) (TAR=90)",0,0,0,"0","0",320,0,0,90
1188,"generic_comparator_drug_cohort","All drugs (matched to Ibuprofen) (TAR=365)","All drugs (matched to Ibuprofen) (TAR=365)",0,0,0,"0","0",537,0,0,365
1304,"349","Anaphylaxis","Anaphylaxis",349,0,0,"0","0",0,0,0,0
1662,"generic_intersection_drug_event","Ibuprofen + Anaphylaxis (anch. drug start) (TAR=30)","Ibuprofen + Anaphylaxis (anch. drug start) (TAR=30)",0,0,0,"0","0",0,103,1304,30
2397,"generic_intersection_drug_event","Ibuprofen + Anaphylaxis (anch. drug start) (TAR=90)","Ibuprofen + Anaphylaxis (anch. drug start) (TAR=90)",0,0,0,"0","0",0,320,1304,90
3132,"generic_intersection_drug_event","Ibuprofen + Anaphylaxis (anch. drug start) (TAR=365)","Ibuprofen + Anaphylaxis (anch. drug start) (TAR=365)",0,0,0,"0","0",0,537,1304,365
3867,"generic_intersection_drug_event2","Ibuprofen + Anaphylaxis (anch. event start) (TAR=30)","Ibuprofen + Anaphylaxis (anch. event start) (TAR=30)",0,0,0,"0","0",0,103,1304,30
4602,"generic_intersection_drug_event2","Ibuprofen + Anaphylaxis (anch. event start) (TAR=90)","Ibuprofen + Anaphylaxis (anch. event start) (TAR=90)",0,0,0,"0","0",0,320,1304,90
5337,"generic_intersection_drug_event2","Ibuprofen + Anaphylaxis (anch. event start) (TAR=365)","Ibuprofen + Anaphylaxis (anch. event start) (TAR=365)",0,0,0,"0","0",0,537,1304,365
