"cohortId","name","cohortName","logicDescription","phenotypeId","atlasId","concept_id","concept_name","concept_code","matching_drug_cohort_id","intersection_drug","intersection_event","fixed_TAR"
198,"generic_target_drug_cohort","Sunitinib (TAR=30)","Sunitinib (TAR=30)",0,0,1336539,"sunitinib","357977",0,0,0,30
415,"generic_target_drug_cohort","Sunitinib (TAR=90)","Sunitinib (TAR=90)",0,0,1336539,"sunitinib","357977",0,0,0,90
632,"generic_target_drug_cohort","Sunitinib (TAR=365)","Sunitinib (TAR=365)",0,0,1336539,"sunitinib","357977",0,0,0,365
849,"generic_comparator_drug_cohort","All drugs (matched to Sunitinib) (TAR=30)","All drugs (matched to Sunitinib) (TAR=30)",0,0,0,"0","0",198,0,0,30
1066,"generic_comparator_drug_cohort","All drugs (matched to Sunitinib) (TAR=90)","All drugs (matched to Sunitinib) (TAR=90)",0,0,0,"0","0",415,0,0,90
1283,"generic_comparator_drug_cohort","All drugs (matched to Sunitinib) (TAR=365)","All drugs (matched to Sunitinib) (TAR=365)",0,0,0,"0","0",632,0,0,365
1303,"340","Acute Myocardial Infarction","Acute Myocardial Infarction",340,0,0,"0","0",0,0,0,0
1974,"generic_intersection_drug_event","Sunitinib + Acute Myocardial Infarction (anch. drug start) (TAR=30)","Sunitinib + Acute Myocardial Infarction (anch. drug start) (TAR=30)",0,0,0,"0","0",0,198,1303,30
2709,"generic_intersection_drug_event","Sunitinib + Acute Myocardial Infarction (anch. drug start) (TAR=90)","Sunitinib + Acute Myocardial Infarction (anch. drug start) (TAR=90)",0,0,0,"0","0",0,415,1303,90
3444,"generic_intersection_drug_event","Sunitinib + Acute Myocardial Infarction (anch. drug start) (TAR=365)","Sunitinib + Acute Myocardial Infarction (anch. drug start) (TAR=365)",0,0,0,"0","0",0,632,1303,365
4179,"generic_intersection_drug_event2","Sunitinib + Acute Myocardial Infarction (anch. event start) (TAR=30)","Sunitinib + Acute Myocardial Infarction (anch. event start) (TAR=30)",0,0,0,"0","0",0,198,1303,30
4914,"generic_intersection_drug_event2","Sunitinib + Acute Myocardial Infarction (anch. event start) (TAR=90)","Sunitinib + Acute Myocardial Infarction (anch. event start) (TAR=90)",0,0,0,"0","0",0,415,1303,90
5649,"generic_intersection_drug_event2","Sunitinib + Acute Myocardial Infarction (anch. event start) (TAR=365)","Sunitinib + Acute Myocardial Infarction (anch. event start) (TAR=365)",0,0,0,"0","0",0,632,1303,365
