"cohortId","name","cohortName","logicDescription","phenotypeId","atlasId","concept_id","concept_name","concept_code","matching_drug_cohort_id","intersection_drug","intersection_event","fixed_TAR"
76,"generic_target_drug_cohort","Estradiol (TAR=30)","Estradiol (TAR=30)",0,0,1548195,"Estradiol","4083",0,0,0,30
293,"generic_target_drug_cohort","Estradiol (TAR=90)","Estradiol (TAR=90)",0,0,1548195,"Estradiol","4083",0,0,0,90
510,"generic_target_drug_cohort","Estradiol (TAR=365)","Estradiol (TAR=365)",0,0,1548195,"Estradiol","4083",0,0,0,365
727,"generic_comparator_drug_cohort","All drugs (matched to Estradiol) (TAR=30)","All drugs (matched to Estradiol) (TAR=30)",0,0,0,"0","0",76,0,0,30
944,"generic_comparator_drug_cohort","All drugs (matched to Estradiol) (TAR=90)","All drugs (matched to Estradiol) (TAR=90)",0,0,0,"0","0",293,0,0,90
1161,"generic_comparator_drug_cohort","All drugs (matched to Estradiol) (TAR=365)","All drugs (matched to Estradiol) (TAR=365)",0,0,0,"0","0",510,0,0,365
1315,"406","Non-hemorrhagic Stroke","Non-hemorrhagic Stroke",406,0,0,"0","0",0,0,0,0
1575,"generic_intersection_drug_event","Estradiol + Non-hemorrhagic Stroke (anch. drug start) (TAR=30)","Estradiol + Non-hemorrhagic Stroke (anch. drug start) (TAR=30)",0,0,0,"0","0",0,76,1315,30
2310,"generic_intersection_drug_event","Estradiol + Non-hemorrhagic Stroke (anch. drug start) (TAR=90)","Estradiol + Non-hemorrhagic Stroke (anch. drug start) (TAR=90)",0,0,0,"0","0",0,293,1315,90
3045,"generic_intersection_drug_event","Estradiol + Non-hemorrhagic Stroke (anch. drug start) (TAR=365)","Estradiol + Non-hemorrhagic Stroke (anch. drug start) (TAR=365)",0,0,0,"0","0",0,510,1315,365
3780,"generic_intersection_drug_event2","Estradiol + Non-hemorrhagic Stroke (anch. event start) (TAR=30)","Estradiol + Non-hemorrhagic Stroke (anch. event start) (TAR=30)",0,0,0,"0","0",0,76,1315,30
4515,"generic_intersection_drug_event2","Estradiol + Non-hemorrhagic Stroke (anch. event start) (TAR=90)","Estradiol + Non-hemorrhagic Stroke (anch. event start) (TAR=90)",0,0,0,"0","0",0,293,1315,90
5250,"generic_intersection_drug_event2","Estradiol + Non-hemorrhagic Stroke (anch. event start) (TAR=365)","Estradiol + Non-hemorrhagic Stroke (anch. event start) (TAR=365)",0,0,0,"0","0",0,510,1315,365
