"cohortId","name","cohortName","logicDescription","phenotypeId","atlasId","concept_id","concept_name","concept_code","matching_drug_cohort_id","intersection_drug","intersection_event","fixed_TAR"
28,"generic_target_drug_cohort","Carfilzomib (TAR=30)","Carfilzomib (TAR=30)",0,0,42873638,"carfilzomib","1302966",0,0,0,30
245,"generic_target_drug_cohort","Carfilzomib (TAR=90)","Carfilzomib (TAR=90)",0,0,42873638,"carfilzomib","1302966",0,0,0,90
462,"generic_target_drug_cohort","Carfilzomib (TAR=365)","Carfilzomib (TAR=365)",0,0,42873638,"carfilzomib","1302966",0,0,0,365
679,"generic_comparator_drug_cohort","All drugs (matched to Carfilzomib) (TAR=30)","All drugs (matched to Carfilzomib) (TAR=30)",0,0,0,"0","0",28,0,0,30
896,"generic_comparator_drug_cohort","All drugs (matched to Carfilzomib) (TAR=90)","All drugs (matched to Carfilzomib) (TAR=90)",0,0,0,"0","0",245,0,0,90
1113,"generic_comparator_drug_cohort","All drugs (matched to Carfilzomib) (TAR=365)","All drugs (matched to Carfilzomib) (TAR=365)",0,0,0,"0","0",462,0,0,365
1316,"411","Pulmonary Embolism","Pulmonary Embolism",411,0,0,"0","0",0,0,0,0
1406,"generic_intersection_drug_event","Carfilzomib + Pulmonary Embolism (anch. drug start) (TAR=30)","Carfilzomib + Pulmonary Embolism (anch. drug start) (TAR=30)",0,0,0,"0","0",0,28,1316,30
2141,"generic_intersection_drug_event","Carfilzomib + Pulmonary Embolism (anch. drug start) (TAR=90)","Carfilzomib + Pulmonary Embolism (anch. drug start) (TAR=90)",0,0,0,"0","0",0,245,1316,90
2876,"generic_intersection_drug_event","Carfilzomib + Pulmonary Embolism (anch. drug start) (TAR=365)","Carfilzomib + Pulmonary Embolism (anch. drug start) (TAR=365)",0,0,0,"0","0",0,462,1316,365
3611,"generic_intersection_drug_event2","Carfilzomib + Pulmonary Embolism (anch. event start) (TAR=30)","Carfilzomib + Pulmonary Embolism (anch. event start) (TAR=30)",0,0,0,"0","0",0,28,1316,30
4346,"generic_intersection_drug_event2","Carfilzomib + Pulmonary Embolism (anch. event start) (TAR=90)","Carfilzomib + Pulmonary Embolism (anch. event start) (TAR=90)",0,0,0,"0","0",0,245,1316,90
5081,"generic_intersection_drug_event2","Carfilzomib + Pulmonary Embolism (anch. event start) (TAR=365)","Carfilzomib + Pulmonary Embolism (anch. event start) (TAR=365)",0,0,0,"0","0",0,462,1316,365
