"cohortId","name","cohortName","logicDescription","phenotypeId","atlasId","concept_id","concept_name","concept_code","matching_drug_cohort_id","intersection_drug","intersection_event","fixed_TAR"
162,"generic_target_drug_cohort","Paliperidone (TAR=30)","Paliperidone (TAR=30)",0,0,703244,"paliperidone","679314",0,0,0,30
379,"generic_target_drug_cohort","Paliperidone (TAR=90)","Paliperidone (TAR=90)",0,0,703244,"paliperidone","679314",0,0,0,90
596,"generic_target_drug_cohort","Paliperidone (TAR=365)","Paliperidone (TAR=365)",0,0,703244,"paliperidone","679314",0,0,0,365
813,"generic_comparator_drug_cohort","All drugs (matched to Paliperidone) (TAR=30)","All drugs (matched to Paliperidone) (TAR=30)",0,0,0,"0","0",162,0,0,30
1030,"generic_comparator_drug_cohort","All drugs (matched to Paliperidone) (TAR=90)","All drugs (matched to Paliperidone) (TAR=90)",0,0,0,"0","0",379,0,0,90
1247,"generic_comparator_drug_cohort","All drugs (matched to Paliperidone) (TAR=365)","All drugs (matched to Paliperidone) (TAR=365)",0,0,0,"0","0",596,0,0,365
1314,"345","Narcolepsy","Narcolepsy",345,0,0,"0","0",0,0,0,0
1857,"generic_intersection_drug_event","Paliperidone + Narcolepsy (anch. drug start) (TAR=30)","Paliperidone + Narcolepsy (anch. drug start) (TAR=30)",0,0,0,"0","0",0,162,1314,30
2592,"generic_intersection_drug_event","Paliperidone + Narcolepsy (anch. drug start) (TAR=90)","Paliperidone + Narcolepsy (anch. drug start) (TAR=90)",0,0,0,"0","0",0,379,1314,90
3327,"generic_intersection_drug_event","Paliperidone + Narcolepsy (anch. drug start) (TAR=365)","Paliperidone + Narcolepsy (anch. drug start) (TAR=365)",0,0,0,"0","0",0,596,1314,365
4062,"generic_intersection_drug_event2","Paliperidone + Narcolepsy (anch. event start) (TAR=30)","Paliperidone + Narcolepsy (anch. event start) (TAR=30)",0,0,0,"0","0",0,162,1314,30
4797,"generic_intersection_drug_event2","Paliperidone + Narcolepsy (anch. event start) (TAR=90)","Paliperidone + Narcolepsy (anch. event start) (TAR=90)",0,0,0,"0","0",0,379,1314,90
5532,"generic_intersection_drug_event2","Paliperidone + Narcolepsy (anch. event start) (TAR=365)","Paliperidone + Narcolepsy (anch. event start) (TAR=365)",0,0,0,"0","0",0,596,1314,365
