"cohortId","name","cohortName","logicDescription","phenotypeId","atlasId","concept_id","concept_name","concept_code","matching_drug_cohort_id","intersection_drug","intersection_event","fixed_TAR"
124,"generic_target_drug_cohort","Lithium (TAR=30)","Lithium (TAR=30)",0,0,19124477,"Lithium","6448",0,0,0,30
341,"generic_target_drug_cohort","Lithium (TAR=90)","Lithium (TAR=90)",0,0,19124477,"Lithium","6448",0,0,0,90
558,"generic_target_drug_cohort","Lithium (TAR=365)","Lithium (TAR=365)",0,0,19124477,"Lithium","6448",0,0,0,365
775,"generic_comparator_drug_cohort","All drugs (matched to Lithium) (TAR=30)","All drugs (matched to Lithium) (TAR=30)",0,0,0,"0","0",124,0,0,30
992,"generic_comparator_drug_cohort","All drugs (matched to Lithium) (TAR=90)","All drugs (matched to Lithium) (TAR=90)",0,0,0,"0","0",341,0,0,90
1209,"generic_comparator_drug_cohort","All drugs (matched to Lithium) (TAR=365)","All drugs (matched to Lithium) (TAR=365)",0,0,0,"0","0",558,0,0,365
1314,"345","Narcolepsy","Narcolepsy",345,0,0,"0","0",0,0,0,0
1731,"generic_intersection_drug_event","Lithium + Narcolepsy (anch. drug start) (TAR=30)","Lithium + Narcolepsy (anch. drug start) (TAR=30)",0,0,0,"0","0",0,124,1314,30
2466,"generic_intersection_drug_event","Lithium + Narcolepsy (anch. drug start) (TAR=90)","Lithium + Narcolepsy (anch. drug start) (TAR=90)",0,0,0,"0","0",0,341,1314,90
3201,"generic_intersection_drug_event","Lithium + Narcolepsy (anch. drug start) (TAR=365)","Lithium + Narcolepsy (anch. drug start) (TAR=365)",0,0,0,"0","0",0,558,1314,365
3936,"generic_intersection_drug_event2","Lithium + Narcolepsy (anch. event start) (TAR=30)","Lithium + Narcolepsy (anch. event start) (TAR=30)",0,0,0,"0","0",0,124,1314,30
4671,"generic_intersection_drug_event2","Lithium + Narcolepsy (anch. event start) (TAR=90)","Lithium + Narcolepsy (anch. event start) (TAR=90)",0,0,0,"0","0",0,341,1314,90
5406,"generic_intersection_drug_event2","Lithium + Narcolepsy (anch. event start) (TAR=365)","Lithium + Narcolepsy (anch. event start) (TAR=365)",0,0,0,"0","0",0,558,1314,365
