"cohortId","name","cohortName","logicDescription","phenotypeId","atlasId","concept_id","concept_name","concept_code","matching_drug_cohort_id","intersection_drug","intersection_event","fixed_TAR"
194,"generic_target_drug_cohort","Sitagliptin (TAR=30)","Sitagliptin (TAR=30)",0,0,1580747,"sitagliptin","593411",0,0,0,30
411,"generic_target_drug_cohort","Sitagliptin (TAR=90)","Sitagliptin (TAR=90)",0,0,1580747,"sitagliptin","593411",0,0,0,90
628,"generic_target_drug_cohort","Sitagliptin (TAR=365)","Sitagliptin (TAR=365)",0,0,1580747,"sitagliptin","593411",0,0,0,365
845,"generic_comparator_drug_cohort","All drugs (matched to Sitagliptin) (TAR=30)","All drugs (matched to Sitagliptin) (TAR=30)",0,0,0,"0","0",194,0,0,30
1062,"generic_comparator_drug_cohort","All drugs (matched to Sitagliptin) (TAR=90)","All drugs (matched to Sitagliptin) (TAR=90)",0,0,0,"0","0",411,0,0,90
1279,"generic_comparator_drug_cohort","All drugs (matched to Sitagliptin) (TAR=365)","All drugs (matched to Sitagliptin) (TAR=365)",0,0,0,"0","0",628,0,0,365
1303,"340","Acute Myocardial Infarction","Acute Myocardial Infarction",340,0,0,"0","0",0,0,0,0
1961,"generic_intersection_drug_event","Sitagliptin + Acute Myocardial Infarction (anch. drug start) (TAR=30)","Sitagliptin + Acute Myocardial Infarction (anch. drug start) (TAR=30)",0,0,0,"0","0",0,194,1303,30
2696,"generic_intersection_drug_event","Sitagliptin + Acute Myocardial Infarction (anch. drug start) (TAR=90)","Sitagliptin + Acute Myocardial Infarction (anch. drug start) (TAR=90)",0,0,0,"0","0",0,411,1303,90
3431,"generic_intersection_drug_event","Sitagliptin + Acute Myocardial Infarction (anch. drug start) (TAR=365)","Sitagliptin + Acute Myocardial Infarction (anch. drug start) (TAR=365)",0,0,0,"0","0",0,628,1303,365
4166,"generic_intersection_drug_event2","Sitagliptin + Acute Myocardial Infarction (anch. event start) (TAR=30)","Sitagliptin + Acute Myocardial Infarction (anch. event start) (TAR=30)",0,0,0,"0","0",0,194,1303,30
4901,"generic_intersection_drug_event2","Sitagliptin + Acute Myocardial Infarction (anch. event start) (TAR=90)","Sitagliptin + Acute Myocardial Infarction (anch. event start) (TAR=90)",0,0,0,"0","0",0,411,1303,90
5636,"generic_intersection_drug_event2","Sitagliptin + Acute Myocardial Infarction (anch. event start) (TAR=365)","Sitagliptin + Acute Myocardial Infarction (anch. event start) (TAR=365)",0,0,0,"0","0",0,628,1303,365
