"cohortId","name","cohortName","logicDescription","phenotypeId","atlasId","concept_id","concept_name","concept_code","matching_drug_cohort_id","intersection_drug","intersection_event","fixed_TAR"
169,"generic_target_drug_cohort","Pomalidomide (TAR=30)","Pomalidomide (TAR=30)",0,0,43014237,"pomalidomide","1369713",0,0,0,30
386,"generic_target_drug_cohort","Pomalidomide (TAR=90)","Pomalidomide (TAR=90)",0,0,43014237,"pomalidomide","1369713",0,0,0,90
603,"generic_target_drug_cohort","Pomalidomide (TAR=365)","Pomalidomide (TAR=365)",0,0,43014237,"pomalidomide","1369713",0,0,0,365
820,"generic_comparator_drug_cohort","All drugs (matched to Pomalidomide) (TAR=30)","All drugs (matched to Pomalidomide) (TAR=30)",0,0,0,"0","0",169,0,0,30
1037,"generic_comparator_drug_cohort","All drugs (matched to Pomalidomide) (TAR=90)","All drugs (matched to Pomalidomide) (TAR=90)",0,0,0,"0","0",386,0,0,90
1254,"generic_comparator_drug_cohort","All drugs (matched to Pomalidomide) (TAR=365)","All drugs (matched to Pomalidomide) (TAR=365)",0,0,0,"0","0",603,0,0,365
1307,"402","Deep Vein Thrombosis (DVT)","Deep Vein Thrombosis (DVT)",402,0,0,"0","0",0,0,0,0
1873,"generic_intersection_drug_event","Pomalidomide + Deep Vein Thrombosis (DVT) (anch. drug start) (TAR=30)","Pomalidomide + Deep Vein Thrombosis (DVT) (anch. drug start) (TAR=30)",0,0,0,"0","0",0,169,1307,30
2608,"generic_intersection_drug_event","Pomalidomide + Deep Vein Thrombosis (DVT) (anch. drug start) (TAR=90)","Pomalidomide + Deep Vein Thrombosis (DVT) (anch. drug start) (TAR=90)",0,0,0,"0","0",0,386,1307,90
3343,"generic_intersection_drug_event","Pomalidomide + Deep Vein Thrombosis (DVT) (anch. drug start) (TAR=365)","Pomalidomide + Deep Vein Thrombosis (DVT) (anch. drug start) (TAR=365)",0,0,0,"0","0",0,603,1307,365
4078,"generic_intersection_drug_event2","Pomalidomide + Deep Vein Thrombosis (DVT) (anch. event start) (TAR=30)","Pomalidomide + Deep Vein Thrombosis (DVT) (anch. event start) (TAR=30)",0,0,0,"0","0",0,169,1307,30
4813,"generic_intersection_drug_event2","Pomalidomide + Deep Vein Thrombosis (DVT) (anch. event start) (TAR=90)","Pomalidomide + Deep Vein Thrombosis (DVT) (anch. event start) (TAR=90)",0,0,0,"0","0",0,386,1307,90
5548,"generic_intersection_drug_event2","Pomalidomide + Deep Vein Thrombosis (DVT) (anch. event start) (TAR=365)","Pomalidomide + Deep Vein Thrombosis (DVT) (anch. event start) (TAR=365)",0,0,0,"0","0",0,603,1307,365
