"cohortId","name","cohortName","logicDescription","phenotypeId","atlasId","concept_id","concept_name","concept_code","matching_drug_cohort_id","intersection_drug","intersection_event","fixed_TAR"
198,"generic_target_drug_cohort","Sunitinib (TAR=30)","Sunitinib (TAR=30)",0,0,1336539,"sunitinib","357977",0,0,0,30
415,"generic_target_drug_cohort","Sunitinib (TAR=90)","Sunitinib (TAR=90)",0,0,1336539,"sunitinib","357977",0,0,0,90
632,"generic_target_drug_cohort","Sunitinib (TAR=365)","Sunitinib (TAR=365)",0,0,1336539,"sunitinib","357977",0,0,0,365
849,"generic_comparator_drug_cohort","All drugs (matched to Sunitinib) (TAR=30)","All drugs (matched to Sunitinib) (TAR=30)",0,0,0,"0","0",198,0,0,30
1066,"generic_comparator_drug_cohort","All drugs (matched to Sunitinib) (TAR=90)","All drugs (matched to Sunitinib) (TAR=90)",0,0,0,"0","0",415,0,0,90
1283,"generic_comparator_drug_cohort","All drugs (matched to Sunitinib) (TAR=365)","All drugs (matched to Sunitinib) (TAR=365)",0,0,0,"0","0",632,0,0,365
1313,"339","Myocarditis Pericarditis","Myocarditis Pericarditis",339,0,0,"0","0",0,0,0,0
1978,"generic_intersection_drug_event","Sunitinib + Myocarditis Pericarditis (anch. drug start) (TAR=30)","Sunitinib + Myocarditis Pericarditis (anch. drug start) (TAR=30)",0,0,0,"0","0",0,198,1313,30
2713,"generic_intersection_drug_event","Sunitinib + Myocarditis Pericarditis (anch. drug start) (TAR=90)","Sunitinib + Myocarditis Pericarditis (anch. drug start) (TAR=90)",0,0,0,"0","0",0,415,1313,90
3448,"generic_intersection_drug_event","Sunitinib + Myocarditis Pericarditis (anch. drug start) (TAR=365)","Sunitinib + Myocarditis Pericarditis (anch. drug start) (TAR=365)",0,0,0,"0","0",0,632,1313,365
4183,"generic_intersection_drug_event2","Sunitinib + Myocarditis Pericarditis (anch. event start) (TAR=30)","Sunitinib + Myocarditis Pericarditis (anch. event start) (TAR=30)",0,0,0,"0","0",0,198,1313,30
4918,"generic_intersection_drug_event2","Sunitinib + Myocarditis Pericarditis (anch. event start) (TAR=90)","Sunitinib + Myocarditis Pericarditis (anch. event start) (TAR=90)",0,0,0,"0","0",0,415,1313,90
5653,"generic_intersection_drug_event2","Sunitinib + Myocarditis Pericarditis (anch. event start) (TAR=365)","Sunitinib + Myocarditis Pericarditis (anch. event start) (TAR=365)",0,0,0,"0","0",0,632,1313,365
