"cohortId","name","cohortName","logicDescription","phenotypeId","atlasId","concept_id","concept_name","concept_code","matching_drug_cohort_id","intersection_drug","intersection_event","fixed_TAR"
23,"generic_target_drug_cohort","Cabazitaxel (TAR=30)","Cabazitaxel (TAR=30)",0,0,40222431,"cabazitaxel","996051",0,0,0,30
240,"generic_target_drug_cohort","Cabazitaxel (TAR=90)","Cabazitaxel (TAR=90)",0,0,40222431,"cabazitaxel","996051",0,0,0,90
457,"generic_target_drug_cohort","Cabazitaxel (TAR=365)","Cabazitaxel (TAR=365)",0,0,40222431,"cabazitaxel","996051",0,0,0,365
674,"generic_comparator_drug_cohort","All drugs (matched to Cabazitaxel) (TAR=30)","All drugs (matched to Cabazitaxel) (TAR=30)",0,0,0,"0","0",23,0,0,30
891,"generic_comparator_drug_cohort","All drugs (matched to Cabazitaxel) (TAR=90)","All drugs (matched to Cabazitaxel) (TAR=90)",0,0,0,"0","0",240,0,0,90
1108,"generic_comparator_drug_cohort","All drugs (matched to Cabazitaxel) (TAR=365)","All drugs (matched to Cabazitaxel) (TAR=365)",0,0,0,"0","0",457,0,0,365
1316,"411","Pulmonary Embolism","Pulmonary Embolism",411,0,0,"0","0",0,0,0,0
1382,"generic_intersection_drug_event","Cabazitaxel + Pulmonary Embolism (anch. drug start) (TAR=30)","Cabazitaxel + Pulmonary Embolism (anch. drug start) (TAR=30)",0,0,0,"0","0",0,23,1316,30
2117,"generic_intersection_drug_event","Cabazitaxel + Pulmonary Embolism (anch. drug start) (TAR=90)","Cabazitaxel + Pulmonary Embolism (anch. drug start) (TAR=90)",0,0,0,"0","0",0,240,1316,90
2852,"generic_intersection_drug_event","Cabazitaxel + Pulmonary Embolism (anch. drug start) (TAR=365)","Cabazitaxel + Pulmonary Embolism (anch. drug start) (TAR=365)",0,0,0,"0","0",0,457,1316,365
3587,"generic_intersection_drug_event2","Cabazitaxel + Pulmonary Embolism (anch. event start) (TAR=30)","Cabazitaxel + Pulmonary Embolism (anch. event start) (TAR=30)",0,0,0,"0","0",0,23,1316,30
4322,"generic_intersection_drug_event2","Cabazitaxel + Pulmonary Embolism (anch. event start) (TAR=90)","Cabazitaxel + Pulmonary Embolism (anch. event start) (TAR=90)",0,0,0,"0","0",0,240,1316,90
5057,"generic_intersection_drug_event2","Cabazitaxel + Pulmonary Embolism (anch. event start) (TAR=365)","Cabazitaxel + Pulmonary Embolism (anch. event start) (TAR=365)",0,0,0,"0","0",0,457,1316,365
