"cohortId","name","cohortName","logicDescription","phenotypeId","atlasId","concept_id","concept_name","concept_code","matching_drug_cohort_id","intersection_drug","intersection_event","fixed_TAR"
127,"generic_target_drug_cohort","Magnesium sulfate (TAR=30)","Magnesium sulfate (TAR=30)",0,0,19093848,"Magnesium Sulfate","6585",0,0,0,30
344,"generic_target_drug_cohort","Magnesium sulfate (TAR=90)","Magnesium sulfate (TAR=90)",0,0,19093848,"Magnesium Sulfate","6585",0,0,0,90
561,"generic_target_drug_cohort","Magnesium sulfate (TAR=365)","Magnesium sulfate (TAR=365)",0,0,19093848,"Magnesium Sulfate","6585",0,0,0,365
778,"generic_comparator_drug_cohort","All drugs (matched to Magnesium sulfate) (TAR=30)","All drugs (matched to Magnesium sulfate) (TAR=30)",0,0,0,"0","0",127,0,0,30
995,"generic_comparator_drug_cohort","All drugs (matched to Magnesium sulfate) (TAR=90)","All drugs (matched to Magnesium sulfate) (TAR=90)",0,0,0,"0","0",344,0,0,90
1212,"generic_comparator_drug_cohort","All drugs (matched to Magnesium sulfate) (TAR=365)","All drugs (matched to Magnesium sulfate) (TAR=365)",0,0,0,"0","0",561,0,0,365
1307,"402","Deep Vein Thrombosis (DVT)","Deep Vein Thrombosis (DVT)",402,0,0,"0","0",0,0,0,0
1737,"generic_intersection_drug_event","Magnesium sulfate + Deep Vein Thrombosis (DVT) (anch. drug start) (TAR=30)","Magnesium sulfate + Deep Vein Thrombosis (DVT) (anch. drug start) (TAR=30)",0,0,0,"0","0",0,127,1307,30
2472,"generic_intersection_drug_event","Magnesium sulfate + Deep Vein Thrombosis (DVT) (anch. drug start) (TAR=90)","Magnesium sulfate + Deep Vein Thrombosis (DVT) (anch. drug start) (TAR=90)",0,0,0,"0","0",0,344,1307,90
3207,"generic_intersection_drug_event","Magnesium sulfate + Deep Vein Thrombosis (DVT) (anch. drug start) (TAR=365)","Magnesium sulfate + Deep Vein Thrombosis (DVT) (anch. drug start) (TAR=365)",0,0,0,"0","0",0,561,1307,365
3942,"generic_intersection_drug_event2","Magnesium sulfate + Deep Vein Thrombosis (DVT) (anch. event start) (TAR=30)","Magnesium sulfate + Deep Vein Thrombosis (DVT) (anch. event start) (TAR=30)",0,0,0,"0","0",0,127,1307,30
4677,"generic_intersection_drug_event2","Magnesium sulfate + Deep Vein Thrombosis (DVT) (anch. event start) (TAR=90)","Magnesium sulfate + Deep Vein Thrombosis (DVT) (anch. event start) (TAR=90)",0,0,0,"0","0",0,344,1307,90
5412,"generic_intersection_drug_event2","Magnesium sulfate + Deep Vein Thrombosis (DVT) (anch. event start) (TAR=365)","Magnesium sulfate + Deep Vein Thrombosis (DVT) (anch. event start) (TAR=365)",0,0,0,"0","0",0,561,1307,365
