"cohortId","name","cohortName","logicDescription","phenotypeId","atlasId","concept_id","concept_name","concept_code","matching_drug_cohort_id","intersection_drug","intersection_event","fixed_TAR"
142,"generic_target_drug_cohort","Morphine (TAR=30)","Morphine (TAR=30)",0,0,1110410,"Morphine","7052",0,0,0,30
359,"generic_target_drug_cohort","Morphine (TAR=90)","Morphine (TAR=90)",0,0,1110410,"Morphine","7052",0,0,0,90
576,"generic_target_drug_cohort","Morphine (TAR=365)","Morphine (TAR=365)",0,0,1110410,"Morphine","7052",0,0,0,365
793,"generic_comparator_drug_cohort","All drugs (matched to Morphine) (TAR=30)","All drugs (matched to Morphine) (TAR=30)",0,0,0,"0","0",142,0,0,30
1010,"generic_comparator_drug_cohort","All drugs (matched to Morphine) (TAR=90)","All drugs (matched to Morphine) (TAR=90)",0,0,0,"0","0",359,0,0,90
1227,"generic_comparator_drug_cohort","All drugs (matched to Morphine) (TAR=365)","All drugs (matched to Morphine) (TAR=365)",0,0,0,"0","0",576,0,0,365
1309,"346","Encephalomyelitis","Encephalomyelitis",346,0,0,"0","0",0,0,0,0
1791,"generic_intersection_drug_event","Morphine + Encephalomyelitis (anch. drug start) (TAR=30)","Morphine + Encephalomyelitis (anch. drug start) (TAR=30)",0,0,0,"0","0",0,142,1309,30
2526,"generic_intersection_drug_event","Morphine + Encephalomyelitis (anch. drug start) (TAR=90)","Morphine + Encephalomyelitis (anch. drug start) (TAR=90)",0,0,0,"0","0",0,359,1309,90
3261,"generic_intersection_drug_event","Morphine + Encephalomyelitis (anch. drug start) (TAR=365)","Morphine + Encephalomyelitis (anch. drug start) (TAR=365)",0,0,0,"0","0",0,576,1309,365
3996,"generic_intersection_drug_event2","Morphine + Encephalomyelitis (anch. event start) (TAR=30)","Morphine + Encephalomyelitis (anch. event start) (TAR=30)",0,0,0,"0","0",0,142,1309,30
4731,"generic_intersection_drug_event2","Morphine + Encephalomyelitis (anch. event start) (TAR=90)","Morphine + Encephalomyelitis (anch. event start) (TAR=90)",0,0,0,"0","0",0,359,1309,90
5466,"generic_intersection_drug_event2","Morphine + Encephalomyelitis (anch. event start) (TAR=365)","Morphine + Encephalomyelitis (anch. event start) (TAR=365)",0,0,0,"0","0",0,576,1309,365
