"cohortId","name","cohortName","logicDescription","phenotypeId","atlasId","concept_id","concept_name","concept_code","matching_drug_cohort_id","intersection_drug","intersection_event","fixed_TAR"
87,"generic_target_drug_cohort","Fluorouracil (TAR=30)","Fluorouracil (TAR=30)",0,0,955632,"Fluorouracil","4492",0,0,0,30
304,"generic_target_drug_cohort","Fluorouracil (TAR=90)","Fluorouracil (TAR=90)",0,0,955632,"Fluorouracil","4492",0,0,0,90
521,"generic_target_drug_cohort","Fluorouracil (TAR=365)","Fluorouracil (TAR=365)",0,0,955632,"Fluorouracil","4492",0,0,0,365
738,"generic_comparator_drug_cohort","All drugs (matched to Fluorouracil) (TAR=30)","All drugs (matched to Fluorouracil) (TAR=30)",0,0,0,"0","0",87,0,0,30
955,"generic_comparator_drug_cohort","All drugs (matched to Fluorouracil) (TAR=90)","All drugs (matched to Fluorouracil) (TAR=90)",0,0,0,"0","0",304,0,0,90
1172,"generic_comparator_drug_cohort","All drugs (matched to Fluorouracil) (TAR=365)","All drugs (matched to Fluorouracil) (TAR=365)",0,0,0,"0","0",521,0,0,365
1316,"411","Pulmonary Embolism","Pulmonary Embolism",411,0,0,"0","0",0,0,0,0
1613,"generic_intersection_drug_event","Fluorouracil + Pulmonary Embolism (anch. drug start) (TAR=30)","Fluorouracil + Pulmonary Embolism (anch. drug start) (TAR=30)",0,0,0,"0","0",0,87,1316,30
2348,"generic_intersection_drug_event","Fluorouracil + Pulmonary Embolism (anch. drug start) (TAR=90)","Fluorouracil + Pulmonary Embolism (anch. drug start) (TAR=90)",0,0,0,"0","0",0,304,1316,90
3083,"generic_intersection_drug_event","Fluorouracil + Pulmonary Embolism (anch. drug start) (TAR=365)","Fluorouracil + Pulmonary Embolism (anch. drug start) (TAR=365)",0,0,0,"0","0",0,521,1316,365
3818,"generic_intersection_drug_event2","Fluorouracil + Pulmonary Embolism (anch. event start) (TAR=30)","Fluorouracil + Pulmonary Embolism (anch. event start) (TAR=30)",0,0,0,"0","0",0,87,1316,30
4553,"generic_intersection_drug_event2","Fluorouracil + Pulmonary Embolism (anch. event start) (TAR=90)","Fluorouracil + Pulmonary Embolism (anch. event start) (TAR=90)",0,0,0,"0","0",0,304,1316,90
5288,"generic_intersection_drug_event2","Fluorouracil + Pulmonary Embolism (anch. event start) (TAR=365)","Fluorouracil + Pulmonary Embolism (anch. event start) (TAR=365)",0,0,0,"0","0",0,521,1316,365
