"cohortId","name","cohortName","logicDescription","phenotypeId","atlasId","concept_id","concept_name","concept_code","matching_drug_cohort_id","intersection_drug","intersection_event","fixed_TAR"
77,"generic_target_drug_cohort","Ethambutol (TAR=30)","Ethambutol (TAR=30)",0,0,1749301,"Ethambutol","4110",0,0,0,30
294,"generic_target_drug_cohort","Ethambutol (TAR=90)","Ethambutol (TAR=90)",0,0,1749301,"Ethambutol","4110",0,0,0,90
511,"generic_target_drug_cohort","Ethambutol (TAR=365)","Ethambutol (TAR=365)",0,0,1749301,"Ethambutol","4110",0,0,0,365
728,"generic_comparator_drug_cohort","All drugs (matched to Ethambutol) (TAR=30)","All drugs (matched to Ethambutol) (TAR=30)",0,0,0,"0","0",77,0,0,30
945,"generic_comparator_drug_cohort","All drugs (matched to Ethambutol) (TAR=90)","All drugs (matched to Ethambutol) (TAR=90)",0,0,0,"0","0",294,0,0,90
1162,"generic_comparator_drug_cohort","All drugs (matched to Ethambutol) (TAR=365)","All drugs (matched to Ethambutol) (TAR=365)",0,0,0,"0","0",511,0,0,365
1310,"343","Guillain Barre Syndrome","Guillain Barre Syndrome",343,0,0,"0","0",0,0,0,0
1577,"generic_intersection_drug_event","Ethambutol + Guillain Barre Syndrome (anch. drug start) (TAR=30)","Ethambutol + Guillain Barre Syndrome (anch. drug start) (TAR=30)",0,0,0,"0","0",0,77,1310,30
2312,"generic_intersection_drug_event","Ethambutol + Guillain Barre Syndrome (anch. drug start) (TAR=90)","Ethambutol + Guillain Barre Syndrome (anch. drug start) (TAR=90)",0,0,0,"0","0",0,294,1310,90
3047,"generic_intersection_drug_event","Ethambutol + Guillain Barre Syndrome (anch. drug start) (TAR=365)","Ethambutol + Guillain Barre Syndrome (anch. drug start) (TAR=365)",0,0,0,"0","0",0,511,1310,365
3782,"generic_intersection_drug_event2","Ethambutol + Guillain Barre Syndrome (anch. event start) (TAR=30)","Ethambutol + Guillain Barre Syndrome (anch. event start) (TAR=30)",0,0,0,"0","0",0,77,1310,30
4517,"generic_intersection_drug_event2","Ethambutol + Guillain Barre Syndrome (anch. event start) (TAR=90)","Ethambutol + Guillain Barre Syndrome (anch. event start) (TAR=90)",0,0,0,"0","0",0,294,1310,90
5252,"generic_intersection_drug_event2","Ethambutol + Guillain Barre Syndrome (anch. event start) (TAR=365)","Ethambutol + Guillain Barre Syndrome (anch. event start) (TAR=365)",0,0,0,"0","0",0,511,1310,365
